FO_ROW_ID,ResTk,ResWBS,EVENT_ROW_ID,USER_ID,DATE_TIME_STAMP
79,4169060,30990/32063,947359459,rahmat49,11/8/2022 14:00
79,NULL,NULL,947382332,rahmat49,11/8/2022 14:57
261,4167087,00999/00505,945384576,redants,10/31/2022 6:42
261,NULL,NULL,945393839,redants,10/31/2022 7:36
264,N/a,39424/01222,946105217,gomezg80,11/3/2022 11:11
264,NULL,NULL,946139070,1f8psvc,11/3/2022 13:01
264,N/a,39424/01222,946164540,gomezg80,11/3/2022 14:34
264,NULL,NULL,946213365,gomezg80,11/3/2022 17:03
264,N/a,39424/01224,946672487,gomezg80,11/5/2022 10:01
264,NULL,NULL,946709877,gomezg80,11/5/2022 14:10
264,N/a,39424/01222,946837820,gomezg80,11/6/2022 8:54
264,NULL,NULL,946846946,gomezg80,11/6/2022 10:17
429,4166980,30990/32063,945455294,hsingy35,10/31/2022 12:20
429,NULL,NULL,945455384,hsingy35,10/31/2022 12:21
429,4167356,30990/32063,945787115,hsingy35,11/2/2022 10:04
429,NULL,NULL,945802617,hsingy35,11/2/2022 10:55
429,4166993,30990/32063,945832506,hsingy35,11/2/2022 12:09
429,NULL,NULL,945846176,hsingy35,11/2/2022 13:08
429,4167796,30990/32063,946131957,marian80,11/3/2022 12:23
429,NULL,NULL,946139597,marian80,11/3/2022 13:06
695,4168764,32299/00352,947263805,wellens,11/8/2022 7:23
695,NULL,NULL,947273351,1f8psvc,11/8/2022 8:19
695,NULL,NULL,947299308,wellens,11/8/2022 10:45
704,4167406,31499/01715,945804879,witterst,11/2/2022 11:08
704,NULL,NULL,945902558,witterst,11/2/2022 16:56
736,4167165,31499/00880,945438182,groven85,10/31/2022 10:41
736,NULL,NULL,947296881,1f8psvc,11/8/2022 10:35
938,4167782,31399/00039,946756720,raymaek,11/5/2022 18:49
938,NULL,NULL,946774090,raymaek,11/5/2022 21:11
938,4169517,31399/00039,947889378,heylen,11/10/2022 10:12
938,NULL,NULL,947889438,heylen,11/10/2022 10:13
938,N/a,31399/00055,947889495,heylen,11/10/2022 10:13
938,NULL,NULL,947994116,heylen,11/10/2022 16:19
938,4170258,31399/00039,948240741,raymaek,11/14/2022 7:10
938,NULL,NULL,948270708,raymaek,11/14/2022 9:12
938,4170258,31399/00039,948292233,raymaek,11/14/2022 10:02
938,NULL,NULL,948354575,heylen,11/14/2022 13:56
1073,4168022,32099/01506,946365611,vdweeg61,11/4/2022 7:10
1073,NULL,NULL,946447285,ceulem72,11/4/2022 13:33
1073,4167542,32102/01048,946447810,ceulem72,11/4/2022 13:36
1073,NULL,NULL,946582788,ceulem72,11/4/2022 22:03
1073,4167788,31399/00039,946935240,raymaek,11/6/2022 22:00
1073,NULL,NULL,946962095,1f8psvc,11/7/2022 4:09
1073,4169982,37093/02175,948355890,ceulem72,11/14/2022 14:03
1073,NULL,NULL,948479557,ceulem72,11/14/2022 20:38
1249,4169500,30990/32063,947658683,homkar65,11/9/2022 13:06
1249,NULL,NULL,947673204,rastog28,11/9/2022 14:15
2003,N/a,98601/31507,947006007,engelen,11/7/2022 10:22
2003,NULL,NULL,947019909,engelen,11/7/2022 11:11
2020,N/a,36003/36503,945401946,stiersk,10/31/2022 9:01
2020,NULL,NULL,945428374,stiersk,10/31/2022 10:00
2020,4169840,32299/00978,948294614,nolmans,11/14/2022 10:09
2020,NULL,NULL,948324924,nolmans,11/14/2022 11:52
2172,4166939,32005/01299,945405623,kim19,10/31/2022 9:20
2172,NULL,NULL,945544061,kim19,10/31/2022 18:07
2172,4167592,32005/01299,946067647,kim19,11/3/2022 9:10
2172,NULL,NULL,946220791,kim19,11/3/2022 17:39
2172,4167594,32005/01299,946382911,stass,11/4/2022 8:55
2172,NULL,NULL,946510328,kim19,11/4/2022 17:11
3733,4169983,36671/01224,948050047,han41,11/10/2022 19:14
3733,NULL,NULL,948064176,han41,11/10/2022 20:51
3822,N/a,39424/01224,947099609,vdveld25,11/7/2022 16:46
3822,NULL,NULL,947142324,vdveld25,11/7/2022 18:22
3829,4167856,98300/01158,946212984,vanpuym,11/3/2022 17:01
3829,NULL,NULL,946278863,gooris43,11/3/2022 21:11
3830,4166183,31199/01513,946458810,krishn87,11/4/2022 14:03
3830,NULL,NULL,946496177,krishn87,11/4/2022 16:18
3838,4168408,39424/01224,946670158,vdveld25,11/5/2022 9:39
3838,NULL,NULL,946690096,vdveld25,11/5/2022 11:59
3840,4169985,98300/01535,947885422,jamieson,11/10/2022 10:00
3840,NULL,NULL,947908537,jamieson,11/10/2022 11:21
3846,N/a,39422/01224,946847411,bangel19,11/6/2022 10:25
3846,NULL,NULL,946853495,bangel19,11/6/2022 11:32
3847,N/a,39422/01221,947681881,bangel19,11/9/2022 14:45
3847,NULL,NULL,947789542,bangel19,11/9/2022 22:00
3847,N/a,39422/01221,948045703,bangel19,11/10/2022 18:53
3847,NULL,NULL,948086651,1f8psvc,11/10/2022 22:53
3847,NULL,NULL,948087977,bangel19,11/10/2022 22:57
3854,4167296,98601/32063,945484649,vdalon75,10/31/2022 14:46
3854,NULL,NULL,945606235,1f8psvc,10/31/2022 21:12
3854,4167493,98601/32063,945780544,vdalon75,11/2/2022 9:43
3854,NULL,NULL,945860564,jehoul85,11/2/2022 14:15
3860,NULL,NULL,946538218,gooris43,11/4/2022 18:08
3860,4168337,32299/31838,946538265,gooris43,11/4/2022 18:08
3860,NULL,NULL,946590257,gooris43,11/4/2022 23:01
3860,4168613,32299/31838,946974091,gompou79,11/7/2022 7:15
3860,NULL,NULL,947068658,gompou79,11/7/2022 14:52
3860,4169181,32299/01959,947177717,gooris43,11/7/2022 20:59
3860,NULL,NULL,947210923,cooman32,11/8/2022 0:04
3860,4169051,36003/36503,947333115,gompou79,11/8/2022 12:26
3860,NULL,NULL,947396036,werion23,11/8/2022 15:39
3860,4169305,98300/14175,947671528,gooris43,11/9/2022 14:12
3860,NULL,NULL,947766656,gooris43,11/9/2022 19:10
3884,4157493,97406/01185,946105592,hendri21,11/3/2022 11:12
3884,NULL,NULL,946139605,hendri21,11/3/2022 13:06
3884,4166207,97406/01185,946435828,hendri21,11/4/2022 12:34
3884,NULL,NULL,946447932,hendri21,11/4/2022 13:37
3884,4168162,41603/49500,946460437,villal56,11/4/2022 14:08
3884,NULL,NULL,946483184,villal56,11/4/2022 15:33
3884,N/a,41603/41380,946989512,vdepauw,11/7/2022 9:03
3884,NULL,NULL,946994217,vdepauw,11/7/2022 9:37
3884,4168733,32005/01784,947264455,ripj,11/8/2022 7:26
3884,NULL,NULL,947279710,ripj,11/8/2022 9:20
3940,4168423,30990/32063,946992554,carval53,11/7/2022 9:30
3940,NULL,NULL,946992668,carval53,11/7/2022 9:30
3940,4168423,30990/32063,946992731,carval53,11/7/2022 9:30
3940,NULL,NULL,947256504,1f8psvc,11/8/2022 6:23
3975,4166921,32099/01506,947042659,vdpeer,11/7/2022 13:14
3975,NULL,NULL,947082524,vdpeer,11/7/2022 15:42
3975,4169283,32099/01506,947889898,jmesse,11/10/2022 10:15
3975,NULL,NULL,947900716,jmesse,11/10/2022 10:50
4419,4155813,97401/14983,945853442,segers56,11/2/2022 13:43
4419,NULL,NULL,945889250,segers56,11/2/2022 15:51
4419,4155415,97401/00942,946105904,wysock13,11/3/2022 11:13
4419,NULL,NULL,946190767,wysock13,11/3/2022 15:49
4419,4167372,97401/00942,947078300,wysock13,11/7/2022 15:24
4419,NULL,NULL,947107841,wysock13,11/7/2022 17:20
4424,N/a,31012/01506,945437543,hiro13,10/31/2022 10:38
4424,NULL,NULL,945453475,visker16,10/31/2022 12:12
4673,NULL,NULL,945259880,billin72,10/30/2022 12:49
4673,4166827,38199/01838,945482521,tsvetani,10/31/2022 14:37
4673,NULL,NULL,945498532,tsvetani,10/31/2022 15:22
4673,4167344,32499/01906,945518387,rengo74,10/31/2022 17:01
4673,NULL,NULL,945555770,rengo74,10/31/2022 18:30
4673,N/a,98300/01618,945779014,redants,11/2/2022 9:36
4673,NULL,NULL,945799700,redants,11/2/2022 10:42
4673,N/a,39320/36502,946065133,walika29,11/3/2022 8:45
4673,NULL,NULL,946078920,walika29,11/3/2022 9:34
4673,4166298,98500/01852,946140836,lux,11/3/2022 13:15
4673,NULL,NULL,946152910,lux,11/3/2022 14:00
4673,4168514,97406/01934,946998799,rupp93,11/7/2022 9:54
4673,NULL,NULL,947006141,rupp93,11/7/2022 10:23
4673,4168765,38199/01838,947008470,tsvetani,11/7/2022 10:35
4673,NULL,NULL,947034439,tsvetani,11/7/2022 12:14
4673,4168896,97700/01345,947060876,vais,11/7/2022 14:18
4673,NULL,NULL,947074207,vais,11/7/2022 15:10
4673,4169250,98300/14175,947553070,maes72,11/9/2022 6:33
4673,NULL,NULL,947588401,maes72,11/9/2022 9:25
4673,4169313,97401/01743,947594736,willegem,11/9/2022 9:47
4673,NULL,NULL,947625339,willegem,11/9/2022 11:22
4673,4166458,97401/01743,947633461,vais,11/9/2022 11:43
4673,NULL,NULL,947650813,vais,11/9/2022 12:21
4673,4169521,32299/00013,947671838,cochet,11/9/2022 14:13
4673,NULL,NULL,947705522,cochet,11/9/2022 16:06
4673,4169920,97401/01743,947969355,willegem,11/10/2022 15:11
4673,NULL,NULL,948007985,willegem,11/10/2022 17:16
4673,4170514,32299/00013,948242611,cochet,11/14/2022 7:16
4673,NULL,NULL,948270741,cochet,11/14/2022 9:12
4673,4170097,44999/01882,948276839,leruth67,11/14/2022 9:32
4673,NULL,NULL,948315408,leruth67,11/14/2022 11:22
4806,NULL,NULL,945437054,dara85,10/31/2022 10:35
4806,4165702,31499/00379,945437082,dara85,10/31/2022 10:35
4806,NULL,NULL,945458364,dara85,10/31/2022 12:36
4806,4167272,31499/00379,946365546,dara85,11/4/2022 7:10
4806,NULL,NULL,946411186,dara85,11/4/2022 11:03
4806,4168213,31499/00379,946973705,dara85,11/7/2022 7:12
4806,NULL,NULL,947004852,dara85,11/7/2022 10:16
4806,4169249,31499/00379,948367430,dara85,11/14/2022 14:47
4806,NULL,NULL,948416175,dara85,11/14/2022 17:24
4926,4154857,37004/37141,945381254,redants,10/31/2022 5:56
4926,NULL,NULL,945383644,redants,10/31/2022 6:36
4926,N/a,36003/36503,945537992,verhoevj,10/31/2022 17:56
4926,NULL,NULL,945603408,verhoevj,10/31/2022 20:43
4926,4155482,32299/00013,945789111,beirnaer,11/2/2022 10:11
4926,NULL,NULL,945843014,beirnaer,11/2/2022 12:54
4926,4155972,98300/01618,945862370,dusar,11/2/2022 14:24
4926,NULL,NULL,945900169,dusar,11/2/2022 16:37
4926,N/a,36003/36503,945911311,verhoevj,11/2/2022 17:27
4926,NULL,NULL,945957961,verhoevj,11/2/2022 20:10
4926,N/a,98300/14175,946010672,konecn85,11/3/2022 2:26
4926,NULL,NULL,946043139,konecn85,11/3/2022 6:00
4926,4155973,43013/97275,946044146,redants,11/3/2022 6:08
4926,NULL,NULL,946057689,redants,11/3/2022 7:43
4926,N/a,39320/36502,946218936,sterke41,11/3/2022 17:33
4926,NULL,NULL,946282635,sterke41,11/3/2022 21:31
4926,4156332,31029/01811,946354328,redants,11/4/2022 5:57
4926,NULL,NULL,946364787,redants,11/4/2022 7:07
4926,4166516,32299/00013,946374903,beirnaer,11/4/2022 7:54
4926,NULL,NULL,946379308,beirnaer,11/4/2022 8:24
4926,4166516,32299/00013,946379310,beirnaer,11/4/2022 8:24
4926,NULL,NULL,946397992,beirnaer,11/4/2022 10:02
4926,4167305,00999/00505,946401981,janard53,11/4/2022 10:20
4926,NULL,NULL,946440085,beirnaer,11/4/2022 12:50
4926,4166516,32299/00013,946440109,beirnaer,11/4/2022 12:50
4926,NULL,NULL,946447923,beirnaer,11/4/2022 13:37
4926,N/a,37093/02175,946473533,claeseng,11/4/2022 14:59
4926,NULL,NULL,946497430,claeseng,11/4/2022 16:20
4926,N/a,39320/36502,946582749,vdstaey,11/4/2022 22:02
4926,NULL,NULL,946599101,vdstaey,11/4/2022 23:43
4926,N/a,43013/97275,946671705,dusar,11/5/2022 9:55
4926,NULL,NULL,946716059,verhoevj,11/5/2022 15:05
4926,N/a,36003/36503,946716083,verhoevj,11/5/2022 15:05
4926,NULL,NULL,946746316,verhoevj,11/5/2022 18:05
4926,N/a,43001/01666,946781742,dusar,11/5/2022 22:55
4926,NULL,NULL,946806245,dusar,11/6/2022 3:44
4926,N/a,39320/36502,946811503,vdstaey,11/6/2022 4:45
4926,NULL,NULL,946816917,vdstaey,11/6/2022 6:04
4926,N/a,43013/97275,946860436,dusar,11/6/2022 12:28
4926,NULL,NULL,946966884,vdstaey,11/7/2022 6:10
4926,4166525,32299/00013,946971504,dvriendt,11/7/2022 7:04
4926,NULL,NULL,946999977,beirnaer,11/7/2022 9:57
4926,4166517,32299/00013,947000057,beirnaer,11/7/2022 9:58
4926,NULL,NULL,947034089,beirnaer,11/7/2022 12:11
4926,N/a,39320/36502,947035560,dutrow20,11/7/2022 12:20
4926,NULL,NULL,947054012,dutrow20,11/7/2022 13:46
4926,N/a,32299/01899,947058723,konecn85,11/7/2022 14:07
4926,NULL,NULL,947068484,konecn85,11/7/2022 14:52
4926,4168378,00999/00505,947072706,janard53,11/7/2022 15:06
4926,NULL,NULL,947096728,janard53,11/7/2022 16:32
4926,N/a,39320/36502,947100420,derudd92,11/7/2022 16:53
4926,NULL,NULL,947109503,derudd92,11/7/2022 17:28
4926,N/a,98300/14175,947157541,konecn85,11/7/2022 18:54
4926,NULL,NULL,947194988,michal78,11/7/2022 22:30
4926,N/a,39320/36502,947195198,michal78,11/7/2022 22:31
4926,NULL,NULL,947210226,michal78,11/7/2022 23:53
4926,N/a,39320/36502,947226750,michal78,11/8/2022 2:32
4926,NULL,NULL,947230218,michal78,11/8/2022 3:00
4926,4166477,37004/37141,947255709,engelen,11/8/2022 6:11
4926,NULL,NULL,947269681,engelen,11/8/2022 7:55
4926,4166526,32299/00013,947270465,dvriendt,11/8/2022 7:59
4926,NULL,NULL,947329089,dutrow20,11/8/2022 12:04
4926,N/a,39320/36502,947329095,dutrow20,11/8/2022 12:05
4926,NULL,NULL,947354032,maes72,11/8/2022 13:56
4926,4166478,37004/37141,947354180,maes72,11/8/2022 13:57
4926,NULL,NULL,947365718,maes72,11/8/2022 14:11
4926,4166518,32299/00013,947419002,beirnaer,11/8/2022 16:59
4926,NULL,NULL,947454336,beirnaer,11/8/2022 18:32
4926,4166480,31029/01811,947454450,redants,11/8/2022 18:34
4926,NULL,NULL,947463979,redants,11/8/2022 19:48
4926,N/a,98300/14175,947465650,konecn85,11/8/2022 19:53
4926,NULL,NULL,947538251,michal78,11/9/2022 4:23
4926,4166544,31029/01811,947550359,engelen,11/9/2022 6:16
4926,NULL,NULL,947561248,engelen,11/9/2022 7:21
4926,4168842,32299/00013,947600892,dvriendt,11/9/2022 10:12
4926,NULL,NULL,947649270,dvriendt,11/9/2022 12:10
4926,N/a,39320/36502,947650143,dutrow20,11/9/2022 12:16
4926,NULL,NULL,947666407,dutrow20,11/9/2022 13:49
4926,4166546,43001/01666,947667043,redants,11/9/2022 13:54
4926,NULL,NULL,947677200,redants,11/9/2022 14:29
4926,4166899,32299/00013,947679272,beirnaer,11/9/2022 14:38
4926,NULL,NULL,947751168,beirnaer,11/9/2022 18:07
4926,4169945,32299/01084,947773494,janard53,11/9/2022 20:02
4926,NULL,NULL,947778550,janard53,11/9/2022 20:43
4926,N/a,39320/36502,947802132,michal78,11/9/2022 23:15
4926,NULL,NULL,947810601,michal78,11/10/2022 0:40
4926,N/a,39320/36502,947810604,michal78,11/10/2022 0:40
4926,NULL,NULL,947816922,michal78,11/10/2022 1:40
4926,4167155,44999/02213,947850141,engelen,11/10/2022 6:19
4926,NULL,NULL,947855493,dvriendt,11/10/2022 7:07
4926,4168843,32299/00013,947855553,dvriendt,11/10/2022 7:07
4926,NULL,NULL,947865614,dvriendt,11/10/2022 8:04
4926,N/a,39320/36502,947901409,dutrow20,11/10/2022 10:52
4926,NULL,NULL,947932282,dutrow20,11/10/2022 12:59
4926,N/a,36003/36503,948064805,verhoevj,11/10/2022 20:53
4926,NULL,NULL,948075685,verhoevj,11/10/2022 21:45
4926,N/a,39320/36502,948090031,michal78,11/10/2022 23:05
4926,NULL,NULL,948098114,michal78,11/10/2022 23:55
4926,4167556,32299/00013,948256684,beirnaer,11/14/2022 8:01
4926,NULL,NULL,948292665,beirnaer,11/14/2022 10:02
4926,4170164,00999/00505,948329336,janard53,11/14/2022 12:13
4926,NULL,NULL,948356023,janard53,11/14/2022 14:03
4926,4167487,43013/97275,948380236,michal78,11/14/2022 15:25
4926,NULL,NULL,948402593,michal78,11/14/2022 16:29
4926,4170848,39320/36502,948402663,michal78,11/14/2022 16:29
4926,NULL,NULL,948412790,michal78,11/14/2022 17:10
5065,4168758,32299/01899,947568708,wellens,11/9/2022 7:49
5065,NULL,NULL,947597643,wellens,11/9/2022 10:01
5065,N/a,31499/01284,948338333,dekkers,11/14/2022 13:04
5065,NULL,NULL,948456725,demesm55,11/14/2022 18:29
5266,4166848,31499/01490,945439346,bhatia92,10/31/2022 10:48
5266,NULL,NULL,946968768,1f8psvc,11/7/2022 6:46
5266,NULL,NULL,948206720,sinha70,11/13/2022 17:12
5266,N/a,31499/00379,948206721,sinha70,11/13/2022 17:12
5266,NULL,NULL,948359769,sinha70,11/14/2022 14:18
5443,N/a,39320/36502,945263990,billin72,10/30/2022 13:03
5443,NULL,NULL,945291103,billin72,10/30/2022 16:59
5443,N/a,39320/36502,945445887,billin72,10/31/2022 11:25
5443,NULL,NULL,945473217,billin72,10/31/2022 13:44
5443,N/a,98300/01969,945822702,dusar,11/2/2022 11:45
5443,NULL,NULL,945846246,dusar,11/2/2022 13:09
5443,N/a,98300/01535,945976808,konecn85,11/2/2022 22:05
5443,NULL,NULL,946002715,konecn85,11/3/2022 1:24
5443,4167489,31199/31191,946047142,vdbroecn,11/3/2022 6:37
5443,NULL,NULL,946061360,vdbroecn,11/3/2022 8:20
5443,N/a,98300/00615,946335262,konecn85,11/4/2022 3:09
5443,NULL,NULL,946357450,sainch77,11/4/2022 6:31
5443,N/a,98300/14175,946416542,dusar,11/4/2022 11:26
5443,NULL,NULL,946579691,billin72,11/4/2022 21:36
5443,N/a,39320/36502,946606477,vdstaey,11/5/2022 0:20
5443,NULL,NULL,946640676,vdstaey,11/5/2022 6:15
5443,N/a,38199/01490,946680337,stiersj,11/5/2022 10:56
5443,NULL,NULL,946685933,stiersj,11/5/2022 11:44
5443,N/a,39320/36502,947231629,subedi56,11/8/2022 3:26
5443,NULL,NULL,947244541,subedi56,11/8/2022 4:46
5443,4168796,98300/14175,947276996,maes72,11/8/2022 9:01
5443,NULL,NULL,947291852,maes72,11/8/2022 10:20
5443,N/a,39320/36502,947541817,vdstaey,11/9/2022 4:48
5443,NULL,NULL,947549339,vdstaey,11/9/2022 6:05
5443,N/a,98300/01618,947606204,maes72,11/9/2022 10:28
5443,NULL,NULL,947639384,maes72,11/9/2022 11:56
5443,N/a,39320/36502,947790937,vdstaey,11/9/2022 22:08
5443,NULL,NULL,947811731,vdstaey,11/10/2022 0:52
5443,N/a,39320/36502,947830549,subedi56,11/10/2022 3:33
5443,NULL,NULL,947843910,subedi56,11/10/2022 5:30
5443,4169845,37004/15017,948265612,maes72,11/14/2022 8:37
5443,NULL,NULL,948280845,maes72,11/14/2022 9:37
5443,N/a,37004/15017,948367900,maes72,11/14/2022 14:50
5443,NULL,NULL,948382698,maes72,11/14/2022 15:31
5443,N/a,39320/36502,948474128,michal78,11/14/2022 20:01
5443,NULL,NULL,948491655,michal78,11/14/2022 21:35
5463,4167760,31012/01649,946101802,vanpuym,11/3/2022 11:00
5463,NULL,NULL,946135931,vanpuym,11/3/2022 12:40
5463,4167909,31012/01649,946416260,vanpuym,11/4/2022 11:24
5463,NULL,NULL,946468946,catrysse,11/4/2022 14:41
5623,N/a,98300/01618,946405216,redants,11/4/2022 10:33
5623,NULL,NULL,946414029,redants,11/4/2022 11:14
5635,4167533,32099/01821,946087990,mingar54,11/3/2022 10:05
5635,NULL,NULL,946101727,vanpuym,11/3/2022 10:59
5635,4167959,32299/00716,946413594,guerrera,11/4/2022 11:12
5635,NULL,NULL,946452919,guerrera,11/4/2022 13:54
5635,4168136,32099/01821,947296799,mingar54,11/8/2022 10:34
5635,NULL,NULL,947349018,gooris43,11/8/2022 13:43
5635,4169322,32099/01821,947896461,mingar54,11/10/2022 10:39
5635,NULL,NULL,947919487,mingar54,11/10/2022 11:54
6277,4167994,30990/32063,946180410,homkar65,11/3/2022 15:15
6277,NULL,NULL,946212053,landsh18,11/3/2022 16:57
6277,4168692,30990/32063,947039106,jeon73,11/7/2022 12:53
6277,NULL,NULL,947079675,vanbel53,11/7/2022 15:28
6277,4162658,31199/00650,947079687,vanbel53,11/7/2022 15:28
6277,NULL,NULL,947124134,vanbel53,11/7/2022 17:53
6277,4169252,30990/02249,947597105,stokhof,11/9/2022 9:58
6277,NULL,NULL,947665092,stokhof,11/9/2022 13:40
6277,4169520,30990/32063,947688449,rastog28,11/9/2022 15:12
6277,NULL,NULL,947755845,andriesf,11/9/2022 18:21
6653,4167853,39422/01221,946180739,lai86,11/3/2022 15:16
6653,NULL,NULL,946214946,lai86,11/3/2022 17:09
6653,4169339,32005/01717,947617081,graulus,11/9/2022 11:03
6653,NULL,NULL,947713540,grgac93,11/9/2022 16:26
7053,4169467,31199/00653,947583265,kenens78,11/9/2022 8:51
7053,NULL,NULL,947596416,kenens78,11/9/2022 9:55
7053,4170009,38199/01284,947851179,pittev,11/10/2022 6:33
7053,NULL,NULL,947885735,pittev,11/10/2022 10:00
7191,4168172,39421/01221,946398528,mauric47,11/4/2022 10:04
7191,NULL,NULL,946489245,mauric47,11/4/2022 15:54
7554,NULL,NULL,945217169,schrauw,10/30/2022 6:55
7554,4166892,31199/01918,945244576,jambal44,10/30/2022 10:55
7554,NULL,NULL,945386014,willem81,10/31/2022 6:52
7554,4167740,31199/01988,946389752,naqvi66,11/4/2022 9:28
7554,NULL,NULL,946417947,sun57,11/4/2022 11:32
7554,4167658,30990/32063,946417982,sun57,11/4/2022 11:32
7554,NULL,NULL,946452741,sun57,11/4/2022 13:53
7554,4169001,98850/98097,947261830,vanoost,11/8/2022 7:10
7554,NULL,NULL,947529843,willem81,11/9/2022 2:38
7554,4169853,31199/01920,947854374,baudem,11/10/2022 6:59
7554,NULL,NULL,947873447,baudem,11/10/2022 9:06
7554,4169475,30990/32063,947950078,sun57,11/10/2022 14:01
7554,NULL,NULL,948063105,debout81,11/10/2022 20:47
7633,4168915,30990/32063,947325340,rastog28,11/8/2022 11:49
7633,NULL,NULL,947409417,rastog28,11/8/2022 16:30
7694,4167267,32299/00588,945886153,monter30,11/2/2022 15:38
7694,NULL,NULL,945891409,monter30,11/2/2022 15:58
7694,4168201,98601/01062,946474975,ledain47,11/4/2022 15:03
7694,NULL,NULL,946478784,ledain47,11/4/2022 15:21
8133,4158411,31199/30079,945267945,le27,10/30/2022 13:55
8133,NULL,NULL,945283942,le27,10/30/2022 15:43
8133,4167011,31199/01514,945934496,furuka28,11/2/2022 18:13
8133,NULL,NULL,945950156,furuka28,11/2/2022 19:27
8133,4167400,31199/30079,946986479,wouter12,11/7/2022 8:26
8133,NULL,NULL,947010346,wouter12,11/7/2022 10:41
8288,NULL,NULL,945405292,perezl56,10/31/2022 9:19
8288,4167061,31499/01838,945405339,perezl56,10/31/2022 9:19
8288,NULL,NULL,945456239,perezl56,10/31/2022 12:26
8288,4168067,31499/01838,946393585,perezl56,11/4/2022 9:43
8288,NULL,NULL,946431747,perezl56,11/4/2022 12:19
8487,4166726,36003/36504,945429725,tielens,10/31/2022 10:07
8487,NULL,NULL,945470227,pena,10/31/2022 13:32
8487,4167322,98600/01847,945855206,pena,11/2/2022 13:52
8487,NULL,NULL,945981300,jaspers,11/2/2022 22:38
8487,4167702,98600/01847,946159843,pena,11/3/2022 14:18
8487,NULL,NULL,946164387,pena,11/3/2022 14:33
8487,4168084,30990/32063,946406743,vegava72,11/4/2022 10:39
8487,NULL,NULL,946611151,jaspers,11/5/2022 0:49
8487,4168369,30990/32063,947022780,claes23,11/7/2022 11:21
8487,NULL,NULL,947059381,pena,11/7/2022 14:11
8487,4168245,98600/01847,947059428,pena,11/7/2022 14:11
8487,NULL,NULL,947074506,pena,11/7/2022 15:11
8487,4168620,30990/01658,947321980,dubey63,11/8/2022 11:38
8487,NULL,NULL,947340690,claes23,11/8/2022 13:08
8487,4169306,36003/01225,947605425,tielens,11/9/2022 10:27
8487,NULL,NULL,947612666,tielens,11/9/2022 10:47
8487,4169258,98600/01847,947613853,pena,11/9/2022 10:53
8487,NULL,NULL,947650088,claes23,11/9/2022 12:16
8598,N/a,32099/01084,947890524,hiro13,11/10/2022 10:20
8598,NULL,NULL,947959658,hiro13,11/10/2022 14:42
8786,4169119,31499/02047,948300207,wijsho15,11/14/2022 10:31
8847,4168287,36671/01224,946671755,han41,11/5/2022 9:56
8847,NULL,NULL,946683137,han41,11/5/2022 11:21
8907,4168387,36004/01224,946991397,nedelj21,11/7/2022 9:21
8907,NULL,NULL,947003508,1f8psvc,11/7/2022 10:09
9290,4167474,98500/01852,945787163,ghosh40,11/2/2022 10:04
9290,NULL,NULL,945798310,ghosh40,11/2/2022 10:37
9290,4167955,32299/00716,946386265,guerrera,11/4/2022 9:10
9290,NULL,NULL,946452799,guerrera,11/4/2022 13:54
9290,4168310,98500/01852,947038403,ghosh40,11/7/2022 12:49
9290,NULL,NULL,947104556,ghosh40,11/7/2022 17:06
9290,4168630,36671/01224,947176634,han41,11/7/2022 20:48
9290,NULL,NULL,947179889,han41,11/7/2022 21:12
9290,N/a,98500/01852,947272689,ghosh40,11/8/2022 8:13
9290,NULL,NULL,947353194,ghosh40,11/8/2022 13:52
9290,4169106,36671/01221,947370439,patil20,11/8/2022 14:23
9290,NULL,NULL,947408507,patil20,11/8/2022 16:24
9290,4169110,36671/01221,947969743,jedidi64,11/10/2022 15:13
9290,NULL,NULL,947994434,jedidi64,11/10/2022 16:21
9290,4170226,31012/01084,948273476,jedidi64,11/14/2022 9:21
9290,NULL,NULL,948375873,jedidi64,11/14/2022 15:15
9588,4169958,00999/00505,947767928,janard53,11/9/2022 19:23
9588,NULL,NULL,947773129,janard53,11/9/2022 20:00
9666,4167171,37093/02175,945426785,puliya38,10/31/2022 9:53
9666,NULL,NULL,945440265,puliya38,10/31/2022 10:54
9666,4167772,31299/01861,946199519,renaud15,11/3/2022 16:09
9666,NULL,NULL,946206594,renaud15,11/3/2022 16:38
9666,4168556,31199/02273,947100244,feurpr61,11/7/2022 16:51
9666,NULL,NULL,947159608,feurpr61,11/7/2022 19:10
9666,4168849,98601/31507,947290841,vallat65,11/8/2022 10:13
9666,NULL,NULL,947302229,vallat65,11/8/2022 10:52
9666,4169066,37093/02178,947315817,puliya38,11/8/2022 11:17
9666,NULL,NULL,947332051,puliya38,11/8/2022 12:20
9666,N/a,37093/02178,947616963,puliya38,11/9/2022 11:02
9666,NULL,NULL,947640019,puliya38,11/9/2022 11:58
9666,4169431,98601/31507,947682842,vallat65,11/9/2022 14:50
9666,NULL,NULL,947707086,vallat65,11/9/2022 16:12
9666,4169356,31199/01765,947907821,mandal97,11/10/2022 11:19
9666,NULL,NULL,947921186,mandal97,11/10/2022 12:02
9666,4170630,31199/02273,948412094,feurpr61,11/14/2022 17:06
10087,4167191,36003/36503,945473810,stiersk,10/31/2022 13:48
10087,NULL,NULL,945488988,stiersk,10/31/2022 14:54
10087,4167415,36003/36503,945900428,gompou79,11/2/2022 16:40
10087,NULL,NULL,945974508,gompou79,11/2/2022 21:50
10087,4168187,36003/36503,946266720,gompou79,11/3/2022 20:00
10087,NULL,NULL,946286527,gompou79,11/3/2022 22:03
10087,4168262,32299/00352,946406254,vdweeg61,11/4/2022 10:38
10087,NULL,NULL,946433085,vdweeg61,11/4/2022 12:29
10087,4168208,36003/36503,946448107,gompou79,11/4/2022 13:38
10087,NULL,NULL,946572964,scheven,11/4/2022 20:55
10087,4168577,38199/00432,946969199,pittev,11/7/2022 6:50
10087,NULL,NULL,947072144,gompou79,11/7/2022 15:04
10087,4169437,36003/36503,947592899,gompou79,11/9/2022 9:41
10087,NULL,NULL,947802345,verbee16,11/9/2022 23:17
10087,4170026,36003/36503,947864085,gompou79,11/10/2022 7:50
10087,NULL,NULL,947911576,gompou79,11/10/2022 11:27
10087,4170735,36003/36503,948474709,gompou79,11/14/2022 20:08
10087,NULL,NULL,948497823,gompou79,11/14/2022 22:00
10206,4167428,31199/30079,945832133,lecocq91,11/2/2022 12:06
10206,NULL,NULL,945845782,lecocq91,11/2/2022 13:07
10206,4167466,31199/30117,946297566,hofman72,11/3/2022 23:06
10206,NULL,NULL,946370330,willem81,11/4/2022 7:37
10206,4168083,31199/31247,947171519,hofman72,11/7/2022 20:18
10206,NULL,NULL,947261834,vanoost,11/8/2022 7:10
10206,4168709,31199/30079,947637611,cloost23,11/9/2022 11:52
10206,NULL,NULL,947657816,cloost23,11/9/2022 13:02
10206,4168710,31199/30079,947920456,cloost23,11/10/2022 11:58
10206,NULL,NULL,947931260,cloost23,11/10/2022 12:53
10447,4167147,42199/00160,945405725,koylan92,10/31/2022 9:21
10447,NULL,NULL,945470722,koylan92,10/31/2022 13:35
10447,4169645,42199/00160,947882484,koylan92,11/10/2022 9:47
10447,NULL,NULL,947950712,koylan92,11/10/2022 14:03
10448,4156158,42199/00160,945415765,richardo,10/31/2022 9:36
10448,NULL,NULL,945513969,richardo,10/31/2022 16:38
10448,4170101,42199/00160,948002947,impagn97,11/10/2022 16:56
10448,NULL,NULL,948053952,impagn97,11/10/2022 19:38
10466,4167173,39424/01224,945439177,gomezg80,10/31/2022 10:47
10466,NULL,NULL,945455845,gomezg80,10/31/2022 12:24
10648,NULL,NULL,945442814,dauend87,10/31/2022 11:06
10648,4167464,31199/30117,945949030,kato15,11/2/2022 19:18
10648,NULL,NULL,946023891,irutha45,11/3/2022 3:40
10907,NULL,NULL,945213608,subedi56,10/30/2022 5:00
10907,N/a,39320/36502,945216513,dutrow20,10/30/2022 6:47
10907,NULL,NULL,945302108,dutrow20,10/30/2022 17:50
10907,N/a,39320/36502,945337941,subedi56,10/30/2022 20:27
10907,NULL,NULL,945381259,subedi56,10/31/2022 5:57
10907,N/a,37092/02172,945395703,demoniei,10/31/2022 8:01
10907,NULL,NULL,945455760,iraci88,10/31/2022 12:24
10907,4167152,37092/02172,945476602,peeter11,10/31/2022 14:07
10907,NULL,NULL,945524883,peeter11,10/31/2022 17:37
10907,N/a,39320/36502,945543001,pavlov38,10/31/2022 18:06
10907,NULL,NULL,945637486,derudd92,11/1/2022 1:44
10907,N/a,39320/36502,945644257,vrebos45,11/1/2022 2:32
10907,NULL,NULL,945660249,vrebos45,11/1/2022 5:54
10907,N/a,39320/36502,945690609,derudd92,11/1/2022 21:58
10907,NULL,NULL,945719429,derudd92,11/2/2022 1:40
10907,N/a,39320/36502,945753156,sainch77,11/2/2022 6:47
10907,NULL,NULL,945775583,sainch77,11/2/2022 9:18
10907,4167497,38199/00881,945776118,dangol,11/2/2022 9:22
10907,NULL,NULL,945787311,dangol,11/2/2022 10:05
10907,N/a,39320/36502,945791188,michal78,11/2/2022 10:15
10907,NULL,NULL,945858765,michal78,11/2/2022 14:07
10907,N/a,39320/36502,945859113,pavlov38,11/2/2022 14:08
10907,NULL,NULL,945908108,pavlov38,11/2/2022 17:12
10907,N/a,36003/36503,945957981,verhoevj,11/2/2022 20:10
10907,NULL,NULL,945972234,verhoevj,11/2/2022 21:39
10907,N/a,39320/36502,945976737,derudd92,11/2/2022 22:05
10907,NULL,NULL,946004642,derudd92,11/3/2022 1:42
10907,N/a,39320/36502,946012982,vrebos45,11/3/2022 2:36
10907,NULL,NULL,946042353,vrebos45,11/3/2022 5:57
10907,4167008,38199/01490,946059365,beirnaer,11/3/2022 7:58
10907,NULL,NULL,946083591,beirnaer,11/3/2022 9:50
10907,N/a,39320/36502,946086790,michal78,11/3/2022 9:59
10907,NULL,NULL,946153264,michal78,11/3/2022 14:04
10907,N/a,39320/36502,946158497,subedi56,11/3/2022 14:16
10907,NULL,NULL,946206565,subedi56,11/3/2022 16:38
10907,N/a,39320/36502,946216857,dutrow20,11/3/2022 17:21
10907,NULL,NULL,946239020,dutrow20,11/3/2022 18:02
10907,N/a,39320/36502,946271151,dutrow20,11/3/2022 20:32
10907,NULL,NULL,946283553,dutrow20,11/3/2022 21:37
10907,N/a,39320/36502,946288546,derudd92,11/3/2022 22:15
10907,NULL,NULL,946325838,derudd92,11/4/2022 2:14
10907,N/a,39320/36502,946344009,vrebos45,11/4/2022 5:06
10907,NULL,NULL,946351625,vrebos45,11/4/2022 5:42
10907,4167620,37092/02172,946377505,vrancken,11/4/2022 8:09
10907,NULL,NULL,946395258,iraci88,11/4/2022 9:54
10907,N/a,39320/36502,946399416,michal78,11/4/2022 10:08
10907,NULL,NULL,946460090,michal78,11/4/2022 14:06
10907,N/a,38199/01951,946500113,claeseng,11/4/2022 16:31
10907,NULL,NULL,946512688,claeseng,11/4/2022 17:24
10907,N/a,39320/36502,946555898,sterke41,11/4/2022 19:00
10907,NULL,NULL,946582178,sterke41,11/4/2022 21:50
10907,N/a,39320/36502,946582965,derudd92,11/4/2022 22:06
10907,NULL,NULL,946614845,derudd92,11/5/2022 1:43
10907,N/a,39320/36502,946625680,vrebos45,11/5/2022 3:17
10907,NULL,NULL,946639672,vrebos45,11/5/2022 5:56
10907,N/a,36003/36503,946641348,verhoevj,11/5/2022 6:45
10907,NULL,NULL,946698165,verhoevj,11/5/2022 12:48
10907,N/a,39320/36502,946709523,pavlov38,11/5/2022 14:07
10907,NULL,NULL,946751652,pavlov38,11/5/2022 18:14
10907,N/a,39320/36502,946752941,vdstaey,11/5/2022 18:19
10907,NULL,NULL,946816925,rutkow29,11/6/2022 6:04
10907,N/a,36003/36503,946827169,verhoevj,11/6/2022 7:35
10907,NULL,NULL,946891100,peeter11,11/6/2022 17:42
10907,N/a,38199/02252,947464112,konecn85,11/8/2022 19:49
10907,NULL,NULL,947488585,sainch77,11/8/2022 21:52
10907,N/a,39320/36502,947488628,sainch77,11/8/2022 21:52
10907,NULL,NULL,947523318,sainch77,11/9/2022 1:47
10907,N/a,39320/36502,947530615,subedi56,11/9/2022 2:53
10907,NULL,NULL,947547801,subedi56,11/9/2022 5:49
10907,N/a,39320/36502,947551658,dutrow20,11/9/2022 6:25
10907,NULL,NULL,947587495,dutrow20,11/9/2022 9:22
10907,N/a,39320/36502,947597474,dutrow20,11/9/2022 10:00
10907,NULL,NULL,948009816,peeter11,11/10/2022 17:21
10907,4168874,38199/01490,948009841,peeter11,11/10/2022 17:22
10907,NULL,NULL,948075072,peeter11,11/10/2022 21:40
10907,N/a,39320/36502,948078254,sainch77,11/10/2022 22:07
10907,NULL,NULL,948103170,sainch77,11/11/2022 1:03
10907,N/a,39320/36502,948112268,sainch77,11/11/2022 2:15
10907,NULL,NULL,948122443,sainch77,11/11/2022 5:52
10907,N/a,39320/36502,948235728,peeter11,11/14/2022 6:50
10907,NULL,NULL,948289709,peeter11,11/14/2022 10:00
10907,N/a,36003/36503,948295124,verhoevj,11/14/2022 10:12
10907,NULL,NULL,948354262,verhoevj,11/14/2022 13:54
10907,N/a,39320/36502,948360782,subedi56,11/14/2022 14:23
10907,NULL,NULL,948464707,subedi56,11/14/2022 18:55
10907,N/a,39320/36502,948466266,sainch77,11/14/2022 19:02
10907,NULL,NULL,948494676,sainch77,11/14/2022 21:44
10996,4167471,30990/32063,945825188,rastog28,11/2/2022 11:50
10996,NULL,NULL,945843088,demesm55,11/2/2022 12:55
10996,4166760,31199/31811,945870612,drent34,11/2/2022 14:46
10996,NULL,NULL,945912845,drent34,11/2/2022 17:36
10996,4169200,31199/31811,947557790,drent34,11/9/2022 7:00
10996,NULL,NULL,947585379,goncal36,11/9/2022 9:05
10996,4169529,30990/32063,948305625,rastog28,11/14/2022 10:49
10996,NULL,NULL,948330436,rastog28,11/14/2022 12:20
11926,NULL,NULL,948303068,carola29,11/14/2022 10:41
11926,4170532,42199/00160,948303079,carola29,11/14/2022 10:41
12107,4167312,36003/01224,945495085,vbelle62,10/31/2022 15:10
12107,NULL,NULL,945610708,vbelle62,10/31/2022 21:36
12107,4167857,36003/01224,946216949,vbelle62,11/3/2022 17:22
12107,NULL,NULL,946283893,vbelle62,11/3/2022 21:39
12107,4168192,36003/01224,946685414,vbelle62,11/5/2022 11:37
12107,NULL,NULL,946709007,vbelle62,11/5/2022 14:01
12107,4168637,36003/01224,946853541,vbelle62,11/6/2022 11:32
12107,NULL,NULL,946884436,vbelle62,11/6/2022 16:44
12107,4169757,36003/01224,947688444,vbelle62,11/9/2022 15:12
12107,NULL,NULL,947721449,vbelle62,11/9/2022 16:51
12113,4170464,32099/01506,948327830,beghin43,11/14/2022 12:03
12113,NULL,NULL,948355980,1f8psvc,11/14/2022 14:03
12927,NULL,NULL,947065992,jussot18,11/7/2022 14:40
12927,4168631,36056/36502,947066014,jussot18,11/7/2022 14:40
12927,NULL,NULL,947485954,ersekf98,11/8/2022 21:33
12949,4168280,31499/00432,946989335,talmel16,11/7/2022 9:01
12949,NULL,NULL,947000158,talmel16,11/7/2022 9:58
12955,NULL,NULL,945774101,beggia74,11/2/2022 9:06
12955,4166370,31199/01988,945774114,beggia74,11/2/2022 9:06
12955,NULL,NULL,945994284,irutha45,11/2/2022 23:52
12955,4167629,31199/01988,946143359,chowri97,11/3/2022 13:25
12955,NULL,NULL,946169610,chowri97,11/3/2022 14:47
12955,4169377,31199/01988,947616427,chowri97,11/9/2022 11:01
12955,NULL,NULL,947686104,chowri97,11/9/2022 15:04
12955,4169019,31199/01988,947686217,chowri97,11/9/2022 15:04
12955,NULL,NULL,947793238,verbee16,11/9/2022 22:23
12955,4168807,31199/01918,947867349,beral49,11/10/2022 8:17
12955,NULL,NULL,948041917,debout81,11/10/2022 18:31
12955,4170496,31199/00653,948306051,beggia74,11/14/2022 10:50
13055,NULL,NULL,945222131,schrauw,10/30/2022 7:41
13055,4166836,31199/02007,945246202,schrauw,10/30/2022 11:08
13055,NULL,NULL,945405146,newman74,10/31/2022 9:17
13055,4167062,98601/01062,945464306,debruy71,10/31/2022 13:05
13055,NULL,NULL,945753438,willem81,11/2/2022 6:49
13055,4167219,31299/31818,946195568,monter30,11/3/2022 15:58
13055,NULL,NULL,946214067,monter30,11/3/2022 17:04
13055,4167468,31199/01617,946384777,goovae19,11/4/2022 9:02
13055,NULL,NULL,946988893,goovae19,11/7/2022 8:55
13055,4168475,31199/00650,946988894,goovae19,11/7/2022 8:55
13055,NULL,NULL,947012040,goovae19,11/7/2022 10:52
13055,4170190,31199/01995,948262047,newman74,11/14/2022 8:20
13055,NULL,NULL,948284084,newman74,11/14/2022 9:45
13186,4167398,38199/01284,945777585,vdweeg61,11/2/2022 9:30
13186,NULL,NULL,945857736,vdweeg61,11/2/2022 14:03
13186,4167332,31399/31519,946045404,vdweeg61,11/3/2022 6:24
13186,NULL,NULL,946216677,pittev,11/3/2022 17:19
13186,4168223,32299/00352,946445854,vdweeg61,11/4/2022 13:28
13186,NULL,NULL,946574578,landsh18,11/4/2022 21:12
13186,4168707,38199/01284,947072582,vdweeg61,11/7/2022 15:05
13186,NULL,NULL,947171020,vdweeg61,11/7/2022 20:15
13186,4169075,31399/31519,947260696,pittev,11/8/2022 6:58
13186,NULL,NULL,947367531,dewild34,11/8/2022 14:15
13186,4169227,31399/01183,947887947,sugawa19,11/10/2022 10:08
13186,NULL,NULL,947888834,sugawa19,11/10/2022 10:09
13186,4169227,31399/01183,947921708,sugawa19,11/10/2022 12:04
13186,NULL,NULL,948009361,kalant21,11/10/2022 17:19
13186,4170171,31399/01183,948340433,sugawa19,11/14/2022 13:12
13186,NULL,NULL,948474226,sugawa19,11/14/2022 20:02
13589,N/a,32299/02107,945417921,chen70,10/31/2022 9:38
13589,NULL,NULL,945444796,chen70,10/31/2022 11:18
13589,4168810,38199/01132,947079868,chen70,11/7/2022 15:30
13589,NULL,NULL,947099236,chen70,11/7/2022 16:44
13589,4170098,38199/01132,947921932,chen70,11/10/2022 12:04
13589,NULL,NULL,947937088,chen70,11/10/2022 13:15
13686,4167298,30990/32063,945503900,liang13,10/31/2022 15:47
13686,NULL,NULL,945825411,rastog28,11/2/2022 11:51
13686,4166322,30990/32063,945825436,rastog28,11/2/2022 11:51
13686,NULL,NULL,945896908,rastog28,11/2/2022 16:17
13686,4169104,30990/32063,947590567,liang13,11/9/2022 9:33
13686,NULL,NULL,947808917,liang13,11/9/2022 23:58
13686,4169255,38199/00561,947890048,popovici,11/10/2022 10:16
13686,NULL,NULL,947920591,popovici,11/10/2022 11:59
13686,N/a,30990/32063,948358748,roekens,11/14/2022 14:13
13686,NULL,NULL,948480718,roekens,11/14/2022 20:45
13809,4166689,31199/30079,945225505,le27,10/30/2022 8:07
13809,NULL,NULL,945239450,le27,10/30/2022 9:54
13809,4166691,31199/30079,945515575,wouter12,10/31/2022 16:48
13809,NULL,NULL,945540611,wouter12,10/31/2022 18:03
13809,4155633,31199/30079,945662497,le27,11/1/2022 10:14
13809,NULL,NULL,945664322,le27,11/1/2022 12:01
13809,4155594,31199/30079,945764919,lecocq91,11/2/2022 7:58
13809,NULL,NULL,945784495,lecocq91,11/2/2022 9:54
13809,4167498,31199/30079,945997577,hofman72,11/3/2022 0:22
13809,NULL,NULL,946006935,vleerb85,11/3/2022 2:02
13809,4158403,31199/30079,946060021,maessc90,11/3/2022 8:04
13809,NULL,NULL,946083071,maessc90,11/3/2022 9:49
13809,4158401,31199/30079,946378498,lecocq91,11/4/2022 8:14
13809,NULL,NULL,946395221,lecocq91,11/4/2022 9:54
13809,4168643,31199/30079,946837882,le27,11/6/2022 8:55
13809,NULL,NULL,946849878,le27,11/6/2022 10:57
13809,4167135,31199/30079,946985699,wouter12,11/7/2022 8:21
13809,NULL,NULL,947002934,maessc90,11/7/2022 10:08
13809,4167928,31199/01513,947272556,jacobs41,11/8/2022 8:12
13809,NULL,NULL,947274092,jacobs41,11/8/2022 8:28
13809,4167137,31199/30079,947574589,maessc90,11/9/2022 8:13
13809,NULL,NULL,947596029,maessc90,11/9/2022 9:53
13809,4169468,31199/30079,947596093,maessc90,11/9/2022 9:54
13809,NULL,NULL,947637450,cloost23,11/9/2022 11:51
13809,4168294,31199/30079,947721501,hofman72,11/9/2022 16:51
13809,NULL,NULL,947757394,wouter12,11/9/2022 18:28
13809,4167671,31199/30079,947864900,maessc90,11/10/2022 7:58
13809,NULL,NULL,947891849,maessc90,11/10/2022 10:25
13809,4168300,31199/30079,948004696,wouter12,11/10/2022 17:01
13809,NULL,NULL,948043268,wouter12,11/10/2022 18:40
13809,4169284,31199/30079,948268591,lecocq91,11/14/2022 8:58
13809,NULL,NULL,948286610,lecocq91,11/14/2022 9:53
13810,4166692,31199/30079,945515607,wouter12,10/31/2022 16:49
13810,NULL,NULL,945540626,wouter12,10/31/2022 18:03
13810,4155595,31199/30079,945764907,lecocq91,11/2/2022 7:58
13810,NULL,NULL,945784529,lecocq91,11/2/2022 9:55
13810,4158404,31199/30079,946059832,maessc90,11/3/2022 8:02
13810,NULL,NULL,946083281,maessc90,11/3/2022 9:49
13810,4158402,31199/30079,946378481,lecocq91,11/4/2022 8:14
13810,NULL,NULL,946395183,lecocq91,11/4/2022 9:54
13810,4168646,31199/30079,946864044,le27,11/6/2022 13:00
13810,NULL,NULL,946870855,le27,11/6/2022 14:33
13810,4167136,31199/30079,946985704,wouter12,11/7/2022 8:21
13810,NULL,NULL,947003167,maessc90,11/7/2022 10:08
13810,4167929,31199/01513,947272510,jacobs41,11/8/2022 8:11
13810,NULL,NULL,947274097,jacobs41,11/8/2022 8:28
13810,4167672,31199/30079,947864879,maessc90,11/10/2022 7:58
13810,NULL,NULL,947891893,maessc90,11/10/2022 10:25
13810,4168301,31199/30079,948004718,wouter12,11/10/2022 17:01
13810,NULL,NULL,948043483,wouter12,11/10/2022 18:40
13810,4169285,31199/30079,948268582,lecocq91,11/14/2022 8:58
13810,NULL,NULL,948286632,lecocq91,11/14/2022 9:53
14466,4167065,31199/01988,945425807,paolil45,10/31/2022 9:50
14466,NULL,NULL,945737719,braile95,11/2/2022 4:07
14466,4168289,98601/31507,946999692,vallat65,11/7/2022 9:57
14466,NULL,NULL,947010649,vallat65,11/7/2022 10:43
14466,4168322,31199/01988,947012425,paolil45,11/7/2022 10:53
14466,NULL,NULL,947274566,demand38,11/8/2022 8:36
14466,4168416,31199/31021,947274569,demand38,11/8/2022 8:36
14466,NULL,NULL,947286698,vallat65,11/8/2022 9:59
14466,4169428,98601/31507,947666763,vallat65,11/9/2022 13:52
14921,N/a,39320/36502,945438884,gade18,10/31/2022 10:45
14921,NULL,NULL,945503978,martin29,10/31/2022 15:47
14921,N/a,42199/00160,945504171,martin29,10/31/2022 15:48
14921,NULL,NULL,945523522,martin29,10/31/2022 17:29
14921,N/a,39320/36502,945800931,gade18,11/2/2022 10:49
14921,NULL,NULL,945857525,gade18,11/2/2022 14:02
14921,N/a,42199/00160,945863062,martin29,11/2/2022 14:27
14921,NULL,NULL,945936225,martin29,11/2/2022 18:19
14921,N/a,39320/36502,946048583,gade18,11/3/2022 6:46
14921,NULL,NULL,946086332,gade18,11/3/2022 9:56
14921,N/a,42199/00160,946157102,martin29,11/3/2022 14:10
14921,NULL,NULL,946245734,martin29,11/3/2022 18:10
14921,N/a,39320/36502,946365502,gade18,11/4/2022 7:10
14921,NULL,NULL,946382692,gade18,11/4/2022 8:54
14921,N/a,39320/36502,946410953,casill80,11/4/2022 11:02
14921,NULL,NULL,946433693,gade18,11/4/2022 12:32
14921,N/a,39320/36502,946995906,casill80,11/7/2022 9:45
14921,NULL,NULL,947270551,vhumbe97,11/8/2022 8:00
14921,N/a,39320/36502,947290553,casill80,11/8/2022 10:10
14921,NULL,NULL,947382356,martin29,11/8/2022 14:57
14921,N/a,42199/00160,947382367,martin29,11/8/2022 14:57
14921,NULL,NULL,947453620,martin29,11/8/2022 18:28
14921,N/a,42199/00160,947667150,martin29,11/9/2022 13:56
14921,NULL,NULL,947758052,martin29,11/9/2022 18:33
14921,N/a,42199/00160,947890021,martin29,11/10/2022 10:16
14921,NULL,NULL,947970564,1f8psvc,11/10/2022 15:16
15148,N/a,31299/01861,946268469,claeseng,11/3/2022 20:17
15148,NULL,NULL,946284392,claeseng,11/3/2022 21:42
15148,N/a,39320/36502,947927766,sterke41,11/10/2022 12:38
15148,NULL,NULL,947944296,sterke41,11/10/2022 13:38
15206,N/a,39320/36502,947588354,casill80,11/9/2022 9:24
15206,NULL,NULL,947640341,casill80,11/9/2022 11:59
16067,4166352,43900/02205,945404017,soulie26,10/31/2022 9:08
16067,NULL,NULL,945516482,soulie26,10/31/2022 16:53
16067,4166506,32005/01697,945777558,soulie26,11/2/2022 9:30
16067,NULL,NULL,945848557,soulie26,11/2/2022 13:21
16067,4167125,31299/01284,945880974,agiann70,11/2/2022 15:18
16067,NULL,NULL,945901949,agiann70,11/2/2022 16:52
16067,N/a,31499/01284,946102673,dekkers,11/3/2022 11:05
16067,NULL,NULL,946107458,1f8psvc,11/3/2022 11:17
16067,NULL,NULL,946259186,kiladz81,11/3/2022 19:05
16067,4167776,43900/02205,946389820,soulie26,11/4/2022 9:28
16067,NULL,NULL,946411875,soulie26,11/4/2022 11:06
16067,4167518,31299/01284,946474577,agiann70,11/4/2022 15:01
16067,NULL,NULL,946554949,agiann70,11/4/2022 18:47
16067,4168518,31299/01284,947097987,agiann70,11/7/2022 16:36
16067,NULL,NULL,947162160,agiann70,11/7/2022 19:21
16067,4168653,31499/01284,947292989,dekkers,11/8/2022 10:24
16067,NULL,NULL,947306396,devul,11/8/2022 10:59
16067,4169507,31499/00640,947586371,soulie26,11/9/2022 9:13
16067,NULL,NULL,947612415,soulie26,11/9/2022 10:45
16067,4169087,31299/01284,947686043,agiann70,11/9/2022 15:04
16067,NULL,NULL,947714951,agiann70,11/9/2022 16:33
16067,4169094,43900/02205,947726771,perezl56,11/9/2022 17:06
16067,NULL,NULL,947819347,martin47,11/10/2022 1:55
16067,4168801,38199/01593,947902523,devul,11/10/2022 10:56
16067,NULL,NULL,947952312,devul,11/10/2022 14:13
16067,4170013,43900/02205,948013067,perezl56,11/10/2022 17:30
16067,NULL,NULL,948309248,perezl56,11/14/2022 11:01
16067,4169149,37037/02098,948338110,devul,11/14/2022 13:03
16067,NULL,NULL,948497111,goncal36,11/14/2022 21:56
16306,4166713,97401/00942,947350933,segers56,11/8/2022 13:47
16306,NULL,NULL,947399608,wysock13,11/8/2022 15:55
16866,NULL,NULL,945857149,ceuppenj,11/2/2022 13:58
16866,4168003,30990/32063,946190786,homkar65,11/3/2022 15:49
16866,NULL,NULL,946378386,vdveld25,11/4/2022 8:13
19200,4167042,31199/01918,945503814,jehoul60,10/31/2022 15:46
19200,NULL,NULL,945511109,jehoul60,10/31/2022 16:18
19200,4167074,31199/02272,945773882,arvind29,11/2/2022 9:03
19200,NULL,NULL,945779754,arvind29,11/2/2022 9:41
19200,4167613,38199/01907,945828924,dcosters,11/2/2022 11:56
19200,NULL,NULL,945839903,dcosters,11/2/2022 12:41
19200,4167545,38199/37862,945862979,debruy71,11/2/2022 14:26
19200,NULL,NULL,945875577,debruy71,11/2/2022 15:02
19200,4167625,98850/02081,945907108,choudh58,11/2/2022 17:08
19200,NULL,NULL,945912529,choudh58,11/2/2022 17:33
19200,4167873,98850/02081,946209890,choudh58,11/3/2022 16:51
19200,NULL,NULL,946209951,choudh58,11/3/2022 16:51
19200,4167875,98850/02081,946209972,choudh58,11/3/2022 16:51
19200,NULL,NULL,946243484,choudh58,11/3/2022 18:07
19200,4168199,31199/01956,946418995,marneffe,11/4/2022 11:36
19200,NULL,NULL,946443223,marneffe,11/4/2022 13:15
19200,4169039,98850/02081,947403660,choudh58,11/8/2022 16:03
19200,NULL,NULL,947420554,choudh58,11/8/2022 17:11
19200,4170051,31199/02272,948275302,arvind29,11/14/2022 9:26
19200,NULL,NULL,948340164,arvind29,11/14/2022 13:11
20374,4167081,43001/43181,945445011,meulem85,10/31/2022 11:21
20374,NULL,NULL,946564928,kiladz81,11/4/2022 19:59
20374,N/a,43001/43181,947156269,bangel19,11/7/2022 18:51
20374,NULL,NULL,947248206,rimbol44,11/8/2022 5:14
20374,4169536,39422/01225,947613189,sneyers,11/9/2022 10:49
20374,NULL,NULL,948065301,bangel19,11/10/2022 20:55
20549,N/a,31012/01506,947938341,canga29,11/10/2022 13:20
20549,NULL,NULL,948347705,veenae54,11/14/2022 13:36
20556,4167098,30990/32063,945408212,arnou66,10/31/2022 9:31
20556,NULL,NULL,945427560,arnou66,10/31/2022 9:56
20556,N/a,32399/30027,947686592,sebai,11/9/2022 15:06
20556,NULL,NULL,947687742,sebai,11/9/2022 15:10
20556,4170070,30990/32063,947966823,arnou66,11/10/2022 15:04
20556,NULL,NULL,947974170,arnou66,11/10/2022 15:28
20556,4169530,32005/01711,947974533,kenis,11/10/2022 15:29
20556,NULL,NULL,947988843,kenis,11/10/2022 16:05
20556,4168663,39992/36503,948306855,beghin43,11/14/2022 10:54
20556,NULL,NULL,948481296,stass,11/14/2022 20:49
20568,N/a,39320/36502,945334257,subedi56,10/30/2022 19:47
20568,NULL,NULL,945337894,subedi56,10/30/2022 20:27
20568,N/a,39320/36502,945386073,gade18,10/31/2022 6:52
20568,NULL,NULL,945425888,gade18,10/31/2022 9:50
20568,N/a,39320/36502,945442617,seidelf,10/31/2022 11:05
20568,NULL,NULL,945462650,seidelf,10/31/2022 13:02
20568,N/a,36003/36503,945603589,verhoevj,10/31/2022 20:45
20568,NULL,NULL,945610091,verhoevj,10/31/2022 21:34
20568,N/a,39320/36502,945729140,vrebos45,11/2/2022 2:54
20568,NULL,NULL,945747782,vrebos45,11/2/2022 5:34
20568,N/a,39320/36502,945750196,sainch77,11/2/2022 6:22
20568,NULL,NULL,945752996,sainch77,11/2/2022 6:47
20568,N/a,39320/36502,945753261,gade18,11/2/2022 6:48
20568,NULL,NULL,945779781,gade18,11/2/2022 9:41
20568,N/a,38199/01792,946019466,konecn85,11/3/2022 3:17
20568,NULL,NULL,946043275,konecn85,11/3/2022 6:01
20568,N/a,39320/36502,946045078,sainch77,11/3/2022 6:21
20568,NULL,NULL,946082394,sainch77,11/3/2022 9:46
20568,N/a,39320/36502,946096347,gade18,11/3/2022 10:34
20568,NULL,NULL,946136346,gade18,11/3/2022 12:42
20568,N/a,39320/36502,946157497,sterke41,11/3/2022 14:14
20568,NULL,NULL,946173911,sterke41,11/3/2022 14:55
20568,N/a,39320/36502,946381035,sainch77,11/4/2022 8:35
20568,NULL,NULL,946404453,sainch77,11/4/2022 10:29
20568,N/a,39320/36502,946405560,gade18,11/4/2022 10:34
20568,NULL,NULL,946433788,gade18,11/4/2022 12:32
20568,N/a,38199/02252,946623207,konecn85,11/5/2022 3:00
20568,NULL,NULL,946638936,konecn85,11/5/2022 5:50
20568,N/a,39320/36502,946797325,vdstaey,11/6/2022 1:36
20568,NULL,NULL,946811478,vdstaey,11/6/2022 4:44
20568,N/a,39320/36502,946865004,pavlov38,11/6/2022 13:16
20568,NULL,NULL,946886791,peeter11,11/6/2022 17:04
20568,N/a,39320/36502,946927767,rutkow29,11/6/2022 20:02
20568,NULL,NULL,946930474,rutkow29,11/6/2022 20:26
20568,N/a,39320/36502,948049985,rutkow29,11/10/2022 19:14
20568,NULL,NULL,948079973,rutkow29,11/10/2022 22:16
20568,N/a,39320/36502,948090540,subedi56,11/10/2022 23:07
20568,NULL,NULL,948122349,subedi56,11/11/2022 5:43
20568,N/a,39320/36502,948232668,rutkow29,11/14/2022 6:27
20568,NULL,NULL,948294428,rutkow29,11/14/2022 10:08
20568,N/a,39320/36502,948360611,sainch77,11/14/2022 14:22
20568,NULL,NULL,948463675,gade18,11/14/2022 18:48
20568,N/a,39320/36502,948463872,gade18,11/14/2022 18:48
20568,NULL,NULL,948493378,gade18,11/14/2022 21:38
20568,N/a,39320/36502,948499527,dutrow20,11/14/2022 22:07
20573,4166441,31199/31147,945233500,kim69,10/30/2022 8:55
20573,NULL,NULL,945364278,irutha45,10/31/2022 2:15
20573,4167066,31199/01988,945443751,paolil45,10/31/2022 11:10
20573,NULL,NULL,945508087,kim69,10/31/2022 16:08
20573,4167066,31199/01988,945509063,kim69,10/31/2022 16:09
20573,NULL,NULL,945662963,naqvi66,11/1/2022 11:01
20573,4166885,31199/02273,945662964,naqvi66,11/1/2022 11:01
20573,NULL,NULL,945753405,willem81,11/2/2022 6:49
20573,4167469,31199/01918,945773528,goovae19,11/2/2022 8:57
20573,NULL,NULL,945808411,goovae19,11/2/2022 11:19
20573,4168557,31199/01988,947346358,naqvi66,11/8/2022 13:30
20573,NULL,NULL,947616739,mingar54,11/9/2022 11:01
20573,4168793,31199/00653,947616767,mingar54,11/9/2022 11:02
20573,NULL,NULL,947791851,willem81,11/9/2022 22:13
20573,4169318,31299/01954,948006378,vdbroecn,11/10/2022 17:08
20573,NULL,NULL,948353971,1f8psvc,11/14/2022 13:53
20579,N/a,39320/36502,945216732,sterke41,10/30/2022 6:51
20579,NULL,NULL,945306920,sterke41,10/30/2022 17:57
20579,N/a,39320/36502,945440465,billin72,10/31/2022 10:55
20579,NULL,NULL,945458000,billin72,10/31/2022 12:34
20579,N/a,39320/36502,945491549,billin72,10/31/2022 14:58
20579,NULL,NULL,945518075,billin72,10/31/2022 16:59
20579,N/a,36003/36502,945559646,peeter11,10/31/2022 18:35
20579,NULL,NULL,945610330,peeter11,10/31/2022 21:36
20579,N/a,39320/36502,945613052,vrebos45,10/31/2022 22:03
20579,NULL,NULL,945633798,vrebos45,11/1/2022 1:23
20579,N/a,39320/36502,945648443,derudd92,11/1/2022 3:11
20579,NULL,NULL,945660211,derudd92,11/1/2022 5:53
20579,N/a,39320/36502,945717492,vrebos45,11/2/2022 0:38
20579,NULL,NULL,945719468,vrebos45,11/2/2022 1:41
20579,N/a,39320/36502,945731473,derudd92,11/2/2022 3:18
20579,NULL,NULL,945749121,derudd92,11/2/2022 5:57
20579,N/a,39320/36502,945805083,sainch77,11/2/2022 11:08
20579,NULL,NULL,945868091,billin72,11/2/2022 14:39
20579,N/a,36003/36502,945868655,peeter11,11/2/2022 14:42
20579,NULL,NULL,945975946,vrebos45,11/2/2022 22:00
20579,N/a,39320/36502,945975988,vrebos45,11/2/2022 22:00
20579,NULL,NULL,946004564,vrebos45,11/3/2022 1:42
20579,N/a,39320/36502,946019775,derudd92,11/3/2022 3:19
20579,NULL,NULL,946040981,derudd92,11/3/2022 5:48
20579,N/a,39320/36502,946107998,sainch77,11/3/2022 11:20
20579,NULL,NULL,946146819,sainch77,11/3/2022 13:41
20579,N/a,31299/02062,946157071,claeseng,11/3/2022 14:10
20579,NULL,NULL,946284430,subedi56,11/3/2022 21:43
20579,N/a,39320/36502,946286650,vrebos45,11/3/2022 22:04
20579,NULL,NULL,946323863,vrebos45,11/4/2022 1:55
20579,N/a,39320/36502,946338100,derudd92,11/4/2022 3:43
20579,NULL,NULL,946351792,derudd92,11/4/2022 5:43
20579,N/a,39320/36502,946358352,sainch77,11/4/2022 6:34
20579,NULL,NULL,946378672,sainch77,11/4/2022 8:16
20579,N/a,39320/36502,946380085,mander15,11/4/2022 8:30
20579,NULL,NULL,946422066,sainch77,11/4/2022 11:53
20579,N/a,39320/36502,946422146,sainch77,11/4/2022 11:54
20579,NULL,NULL,946450646,sainch77,11/4/2022 13:48
20579,N/a,31199/00651,946555508,claeseng,11/4/2022 18:53
20579,NULL,NULL,946579675,billin72,11/4/2022 21:35
20579,N/a,31499/00379,946596554,konecn85,11/4/2022 23:32
20579,NULL,NULL,946638948,derudd92,11/5/2022 5:50
20579,N/a,36003/36502,946640820,peeter11,11/5/2022 6:32
20579,NULL,NULL,946745814,peeter11,11/5/2022 18:05
20579,N/a,39320/36502,946780765,vdstaey,11/5/2022 22:47
20579,NULL,NULL,946797318,vdstaey,11/6/2022 1:35
20579,N/a,36003/36502,946818577,peeter11,11/6/2022 6:46
20579,NULL,NULL,946882677,peeter11,11/6/2022 16:23
20579,N/a,32005/01718,946983948,claeseng,11/7/2022 8:02
20579,NULL,NULL,947053671,claeseng,11/7/2022 13:45
20579,N/a,39320/36502,947058892,vrebos45,11/7/2022 14:09
20579,NULL,NULL,947138365,vrebos45,11/7/2022 18:15
20579,N/a,39320/36502,947173788,vrebos45,11/7/2022 20:33
20579,NULL,NULL,947187951,vrebos45,11/7/2022 21:53
20579,N/a,39320/36502,947188361,vdstaey,11/7/2022 21:56
20579,NULL,NULL,947261796,billin72,11/8/2022 7:09
20579,N/a,39320/36502,947271680,billin72,11/8/2022 8:05
20579,NULL,NULL,947279868,billin72,11/8/2022 9:24
20579,N/a,37299/01841,947285208,claeseng,11/8/2022 9:53
20579,NULL,NULL,947339506,claeseng,11/8/2022 13:01
20579,N/a,31012/01084,947359190,konecn85,11/8/2022 13:59
20579,NULL,NULL,947383839,vrebos45,11/8/2022 15:07
20579,N/a,39320/36502,947384535,vrebos45,11/8/2022 15:09
20579,NULL,NULL,947423779,vrebos45,11/8/2022 17:28
20579,N/a,39320/36502,947457903,vrebos45,11/8/2022 18:58
20579,NULL,NULL,947489029,vrebos45,11/8/2022 21:55
20579,N/a,39320/36502,947489474,subedi56,11/8/2022 21:59
20579,NULL,NULL,947521178,subedi56,11/9/2022 1:35
20579,N/a,39320/36502,947529057,vdstaey,11/9/2022 2:28
20579,NULL,NULL,947549243,sainch77,11/9/2022 6:03
20579,N/a,39320/36502,947551868,sterke41,11/9/2022 6:26
20579,NULL,NULL,947663967,claeseng,11/9/2022 13:33
20579,N/a,39320/36502,947675621,vrebos45,11/9/2022 14:22
20579,NULL,NULL,947787638,konecn85,11/9/2022 21:50
20579,N/a,39320/36502,947790806,subedi56,11/9/2022 22:06
20579,NULL,NULL,947821828,subedi56,11/10/2022 2:08
20579,N/a,39320/36502,947844463,vdstaey,11/10/2022 5:34
20579,NULL,NULL,947851625,dutrow20,11/10/2022 6:38
20579,N/a,39320/36502,947866024,billin72,11/10/2022 8:08
20579,NULL,NULL,947876097,billin72,11/10/2022 9:22
20579,N/a,31199/01956,947878336,claeseng,11/10/2022 9:30
20579,NULL,NULL,948011779,rutkow29,11/10/2022 17:26
20579,N/a,39320/36502,948077245,vdstaey,11/10/2022 22:00
20579,NULL,NULL,948116757,vdstaey,11/11/2022 3:33
20579,N/a,39320/36502,948318785,rutkow29,11/14/2022 11:32
20579,NULL,NULL,948355676,rutkow29,11/14/2022 14:02
20579,N/a,39320/36502,948475345,subedi56,11/14/2022 20:13
20579,NULL,NULL,948491565,michal78,11/14/2022 21:34
20579,N/a,39320/36502,948491650,michal78,11/14/2022 21:35
20579,NULL,NULL,948494267,subedi56,11/14/2022 21:42
20749,4166906,31199/00651,945392401,das10,10/31/2022 7:30
20749,NULL,NULL,945804257,1f8psvc,11/2/2022 11:06
20749,NULL,NULL,945956862,furuka28,11/2/2022 20:01
20749,4167528,31199/01514,945956873,furuka28,11/2/2022 20:01
20749,NULL,NULL,945961847,furuka28,11/2/2022 20:43
20749,4167650,31199/00653,946062177,roy82,11/3/2022 8:29
20749,NULL,NULL,946086229,roy82,11/3/2022 9:56
20795,4166905,31199/00651,945392366,das10,10/31/2022 7:29
20795,NULL,NULL,945466077,verbee16,10/31/2022 13:18
20795,4166925,31199/01988,945519580,naqvi66,10/31/2022 17:07
20795,NULL,NULL,945612722,hofman72,10/31/2022 22:00
20795,4166283,31199/30117,945935118,kato15,11/2/2022 18:15
20795,NULL,NULL,945951152,kato15,11/2/2022 19:38
20795,4167527,31199/01514,945956776,furuka28,11/2/2022 20:01
20795,NULL,NULL,945960490,furuka28,11/2/2022 20:35
20795,4167649,31199/00653,946062279,roy82,11/3/2022 8:30
20795,NULL,NULL,946086431,roy82,11/3/2022 9:56
20891,4167252,32005/01675,945662482,muraki29,11/1/2022 10:06
20891,NULL,NULL,945666719,muraki29,11/1/2022 16:40
20891,4167257,32005/01675,945776814,muraki29,11/2/2022 9:26
20891,NULL,NULL,945798814,muraki29,11/2/2022 10:39
20891,4169135,32005/01675,947298001,puttar77,11/8/2022 10:39
20891,NULL,NULL,947373014,puttar77,11/8/2022 14:32
21339,4167365,31199/00650,946062134,verstr99,11/3/2022 8:29
21339,NULL,NULL,946330412,irutha45,11/4/2022 2:44
21339,N/a,31199/01391,947277701,canga29,11/8/2022 9:07
21339,NULL,NULL,947341604,canga29,11/8/2022 13:16
21486,4155818,97401/14983,946066580,segers56,11/3/2022 9:00
21486,NULL,NULL,946086573,segers56,11/3/2022 9:57
21486,4167938,98500/01852,946398145,ghosh40,11/4/2022 10:03
21486,NULL,NULL,946413552,ghosh40,11/4/2022 11:11
21486,4167370,97401/00942,946415615,segers56,11/4/2022 11:21
21486,NULL,NULL,946423886,wysock13,11/4/2022 12:01
21501,4167572,31299/02062,946096380,ghorba81,11/3/2022 10:34
21501,NULL,NULL,946107357,ghorba81,11/3/2022 11:16
21501,4168527,32399/32869,947024595,chan63,11/7/2022 11:29
21501,NULL,NULL,947033135,chan63,11/7/2022 12:06
21934,4169947,38199/01952,947752678,janard53,11/9/2022 18:14
21934,NULL,NULL,947767767,janard53,11/9/2022 19:21
21934,4170096,31199/00653,947996148,beggia74,11/10/2022 16:29
21934,NULL,NULL,948057472,debout81,11/10/2022 20:15
22439,4168624,39424/01224,946661427,gomezg80,11/5/2022 8:42
22439,NULL,NULL,946685529,gomezg80,11/5/2022 11:39
22450,NULL,NULL,946722527,vbelle62,11/5/2022 16:06
22450,4168193,36003/01224,946722546,vbelle62,11/5/2022 16:06
22450,NULL,NULL,946730457,vbelle62,11/5/2022 17:31
22450,4169760,36003/01224,947688534,vbelle62,11/9/2022 15:13
22450,NULL,NULL,947795855,verbee16,11/9/2022 22:40
22978,4169539,98600/00962,947673373,vdweeg61,11/9/2022 14:16
22978,NULL,NULL,947792901,sen14,11/9/2022 22:21
23002,4170227,37004/01376,948383776,moelants,11/14/2022 15:33
23002,NULL,NULL,948420241,moelants,11/14/2022 17:42
23981,4167314,31499/00379,946470044,sinha70,11/4/2022 14:44
23981,NULL,NULL,946641209,1f8psvc,11/5/2022 6:43
23981,4169311,31499/00379,948370207,sinha70,11/14/2022 14:58
23981,NULL,NULL,948379405,sinha70,11/14/2022 15:23
23988,4167480,30990/32063,945803752,kramac15,11/2/2022 11:01
23988,NULL,NULL,946097653,thukka30,11/3/2022 10:42
23988,4167936,30990/32063,946097693,thukka30,11/3/2022 10:43
23988,NULL,NULL,946137356,thukka30,11/3/2022 12:50
23988,4168880,31499/00379,947317955,sinha70,11/8/2022 11:21
23988,NULL,NULL,947326710,sinha70,11/8/2022 11:57
23988,4169444,30990/32063,947442570,kramac15,11/8/2022 17:59
23988,NULL,NULL,947517605,demesm55,11/9/2022 1:13
23988,4169329,30990/32063,947698468,kramac15,11/9/2022 15:42
23988,NULL,NULL,947800062,demesm55,11/9/2022 23:04
23988,4169016,31499/02121,947956969,devul,11/10/2022 14:34
23988,NULL,NULL,948005719,devul,11/10/2022 17:05
24044,4167046,98600/31827,945397664,goovae19,10/31/2022 8:18
24044,NULL,NULL,945450094,goovae19,10/31/2022 11:52
24044,N/a,31199/01918,945767121,goovae19,11/2/2022 8:20
24044,NULL,NULL,945808552,goovae19,11/2/2022 11:20
24044,4167586,31499/01951,946095101,talmel16,11/3/2022 10:27
24044,NULL,NULL,946144879,talmel16,11/3/2022 13:33
24044,N/a,36003/36502,947041322,goovae19,11/7/2022 13:10
24044,NULL,NULL,947082897,goovae19,11/7/2022 15:43
24044,N/a,31199/01918,947576373,goovae19,11/9/2022 8:28
24044,NULL,NULL,947639871,goovae19,11/9/2022 11:58
24044,4169799,31199/01617,947640039,goovae19,11/9/2022 11:58
24044,NULL,NULL,947710040,goovae19,11/9/2022 16:19
24044,N/a,36003/36502,948280402,goovae19,11/14/2022 9:36
24044,NULL,NULL,948297444,goovae19,11/14/2022 10:21
24044,N/a,31199/01918,948297599,goovae19,11/14/2022 10:22
24044,NULL,NULL,948343834,goovae19,11/14/2022 13:25
24322,NULL,NULL,946013396,pauluss,11/3/2022 2:38
24322,4166401,42199/00160,946013407,pauluss,11/3/2022 2:38
24322,NULL,NULL,946996450,drijboom,11/7/2022 9:47
24322,4166538,42199/00160,946996555,drijboom,11/7/2022 9:48
24370,NULL,NULL,948407477,jslabbe,11/14/2022 16:49
24370,4170504,32099/30197,948407483,jslabbe,11/14/2022 16:49
24493,4166638,36026/01967,945415730,dith82,10/31/2022 9:36
24493,NULL,NULL,945455830,dith82,10/31/2022 12:24
24493,4166787,37092/02174,945472012,lai86,10/31/2022 13:38
24493,NULL,NULL,945504721,lai86,10/31/2022 15:54
24493,4168770,36026/01967,947058702,dith82,11/7/2022 14:06
24493,NULL,NULL,947087487,dith82,11/7/2022 16:00
24493,4168776,98600/31827,947335949,dith82,11/8/2022 12:42
24493,NULL,NULL,947398512,dith82,11/8/2022 15:50
24493,4169373,37092/02174,947584547,lai86,11/9/2022 8:56
24493,NULL,NULL,947640051,lai86,11/9/2022 11:58
24493,4168781,98600/31827,947654703,dith82,11/9/2022 12:49
24493,NULL,NULL,947700698,dith82,11/9/2022 15:50
24493,4169932,36026/01967,947880260,dith82,11/10/2022 9:41
24493,NULL,NULL,947918771,dith82,11/10/2022 11:51
24493,4168787,36026/01967,947928941,dith82,11/10/2022 12:42
24493,NULL,NULL,947960826,dith82,11/10/2022 14:46
24652,4167532,32099/01821,946106960,mingar54,11/3/2022 11:15
24652,NULL,NULL,946353886,irutha45,11/4/2022 5:54
24652,4168137,32099/01821,947279437,mingar54,11/8/2022 9:18
,,,,,
,,,,,
,,,,,
,,,,,
,,,,,
,,,,,
,,,,,
,,,,,
,,,,,
,,,,,
,,,,,
,,,,,
,,,,,
,,,,,
,,,,,
,,,,,
,,,,,
,,,,,
,,,,,
,,,,,
,,,,,
,,,,,
,,,,,
,,,,,
,,,,,
,,,,,
,,,,,
,,,,,
,,,,,
,,,,,
,,,,,
,,,,,
,,,,,
,,,,,
,,,,,
,,,,,
,,,,,
,,,,,
,,,,,
,,,,,
,,,,,
,,,,,
,,,,,
,,,,,
,,,,,
,,,,,
,,,,,
,,,,,
,,,,,
,,,,,
,,,,,
,,,,,
,,,,,
,,,,,
,,,,,
,,,,,
,,,,,
,,,,,
,,,,,
,,,,,
,,,,,
,,,,,
,,,,,
,,,,,
,,,,,
,,,,,
,,,,,
,,,,,
,,,,,
,,,,,
,,,,,
,,,,,
,,,,,
,,,,,
,,,,,
,,,,,
,,,,,
,,,,,
,,,,,
,,,,,
,,,,,
,,,,,
,,,,,
,,,,,
,,,,,
,,,,,
,,,,,
,,,,,
,,,,,
,,,,,
,,,,,
,,,,,
,,,,,
,,,,,
,,,,,
,,,,,
,,,,,
,,,,,
,,,,,
,,,,,
,,,,,
,,,,,
,,,,,
,,,,,
,,,,,
,,,,,
,,,,,
,,,,,
,,,,,
,,,,,
,,,,,
,,,,,
,,,,,
,,,,,
,,,,,
,,,,,
,,,,,
,,,,,
,,,,,
,,,,,
,,,,,
,,,,,
,,,,,
,,,,,
,,,,,
,,,,,
,,,,,
,,,,,
,,,,,
,,,,,
,,,,,
,,,,,
,,,,,
,,,,,
,,,,,
,,,,,
,,,,,
,,,,,
,,,,,
,,,,,
,,,,,
,,,,,
,,,,,
,,,,,
,,,,,
,,,,,
,,,,,
,,,,,
,,,,,
,,,,,
,,,,,
,,,,,
,,,,,
,,,,,
,,,,,
,,,,,
,,,,,
,,,,,
,,,,,
,,,,,
,,,,,
,,,,,
,,,,,
,,,,,
,,,,,
,,,,,
,,,,,
,,,,,
,,,,,
,,,,,
,,,,,
,,,,,
,,,,,
,,,,,
,,,,,
,,,,,
,,,,,
,,,,,
,,,,,
,,,,,
,,,,,
,,,,,
,,,,,
,,,,,
,,,,,
,,,,,
,,,,,
,,,,,
,,,,,
,,,,,
,,,,,
,,,,,
,,,,,
,,,,,
,,,,,
,,,,,
,,,,,
,,,,,
,,,,,
,,,,,
,,,,,
,,,,,
,,,,,
,,,,,
,,,,,
,,,,,
,,,,,
,,,,,
,,,,,
,,,,,
,,,,,
,,,,,
,,,,,
,,,,,
,,,,,
,,,,,
,,,,,
,,,,,
,,,,,
,,,,,
,,,,,
,,,,,
,,,,,
,,,,,
,,,,,
,,,,,
,,,,,
,,,,,
,,,,,
,,,,,
,,,,,
,,,,,
,,,,,
,,,,,
,,,,,
,,,,,
,,,,,
,,,,,
,,,,,
,,,,,
,,,,,
,,,,,
,,,,,
,,,,,
,,,,,
,,,,,
,,,,,
,,,,,
,,,,,
,,,,,
,,,,,
,,,,,
,,,,,
,,,,,
,,,,,
,,,,,
,,,,,
,,,,,
,,,,,
,,,,,
,,,,,
,,,,,
,,,,,
,,,,,
,,,,,
,,,,,
,,,,,
,,,,,
,,,,,
,,,,,
,,,,,
,,,,,
,,,,,
,,,,,
,,,,,
,,,,,
,,,,,
,,,,,
,,,,,
,,,,,
,,,,,
,,,,,
,,,,,
,,,,,
,,,,,
,,,,,
,,,,,
,,,,,
,,,,,
,,,,,
,,,,,
,,,,,
,,,,,
,,,,,
,,,,,
,,,,,
,,,,,
,,,,,
,,,,,
,,,,,
,,,,,
,,,,,
,,,,,
,,,,,
,,,,,
,,,,,
,,,,,
,,,,,
,,,,,
,,,,,
,,,,,
,,,,,
,,,,,
,,,,,
,,,,,
,,,,,
,,,,,
,,,,,
,,,,,
,,,,,
,,,,,
,,,,,
,,,,,
,,,,,
,,,,,
,,,,,
,,,,,
,,,,,
,,,,,
,,,,,
,,,,,
,,,,,
,,,,,
,,,,,
,,,,,
,,,,,
,,,,,
,,,,,
,,,,,
,,,,,
,,,,,
,,,,,
,,,,,
,,,,,
,,,,,
,,,,,
,,,,,
,,,,,
,,,,,
,,,,,
,,,,,
,,,,,
,,,,,
,,,,,
,,,,,
,,,,,
,,,,,
,,,,,
,,,,,
,,,,,
,,,,,
,,,,,
,,,,,
,,,,,
,,,,,
,,,,,
,,,,,
,,,,,
,,,,,
,,,,,
,,,,,
,,,,,
,,,,,
,,,,,
,,,,,
,,,,,
,,,,,
,,,,,
,,,,,
,,,,,
,,,,,
,,,,,
,,,,,
,,,,,
,,,,,
,,,,,
,,,,,
,,,,,
,,,,,
,,,,,
,,,,,
,,,,,
,,,,,
,,,,,
,,,,,
,,,,,
,,,,,
,,,,,
,,,,,
,,,,,
,,,,,
,,,,,
,,,,,
,,,,,
,,,,,
,,,,,
,,,,,
,,,,,
,,,,,
,,,,,
,,,,,
,,,,,
,,,,,
,,,,,
,,,,,
,,,,,
,,,,,
,,,,,
,,,,,
,,,,,
,,,,,
,,,,,
,,,,,
,,,,,
,,,,,
,,,,,
,,,,,
,,,,,
,,,,,
,,,,,
,,,,,
,,,,,
,,,,,
,,,,,
,,,,,
,,,,,
,,,,,
,,,,,
,,,,,
,,,,,
,,,,,
,,,,,
,,,,,
,,,,,
,,,,,
,,,,,
,,,,,
,,,,,
,,,,,
,,,,,
,,,,,
,,,,,
,,,,,
,,,,,
,,,,,
,,,,,
,,,,,
,,,,,
,,,,,
,,,,,
,,,,,
,,,,,
,,,,,
,,,,,
,,,,,
,,,,,
,,,,,
,,,,,
,,,,,
,,,,,
,,,,,
,,,,,
,,,,,
,,,,,
,,,,,
,,,,,
,,,,,
,,,,,
,,,,,
,,,,,
,,,,,
,,,,,
,,,,,
,,,,,
,,,,,
,,,,,
,,,,,
,,,,,
,,,,,
,,,,,
,,,,,
,,,,,
,,,,,
,,,,,
,,,,,
,,,,,
,,,,,
,,,,,
,,,,,
,,,,,
,,,,,
,,,,,
,,,,,
,,,,,
,,,,,
,,,,,
,,,,,
,,,,,
,,,,,
,,,,,
,,,,,
,,,,,
,,,,,
,,,,,
,,,,,
,,,,,
,,,,,
,,,,,
,,,,,
,,,,,
,,,,,
,,,,,
,,,,,
,,,,,
,,,,,
,,,,,
,,,,,
,,,,,
,,,,,
,,,,,
,,,,,
,,,,,
,,,,,
,,,,,
,,,,,
,,,,,
,,,,,
,,,,,
,,,,,
,,,,,
,,,,,
,,,,,
,,,,,
,,,,,
,,,,,
,,,,,
,,,,,
,,,,,
,,,,,
,,,,,
,,,,,
,,,,,
,,,,,
,,,,,
,,,,,
,,,,,
,,,,,
,,,,,
,,,,,
,,,,,
,,,,,
,,,,,
,,,,,
,,,,,
,,,,,
,,,,,
,,,,,
,,,,,
,,,,,
,,,,,
,,,,,
,,,,,
,,,,,
,,,,,
,,,,,
,,,,,
,,,,,
,,,,,
,,,,,
,,,,,
,,,,,
,,,,,
,,,,,
,,,,,
,,,,,
,,,,,
,,,,,
,,,,,
,,,,,
,,,,,
,,,,,
,,,,,
,,,,,
,,,,,
,,,,,
,,,,,
,,,,,
,,,,,
,,,,,
,,,,,
,,,,,
,,,,,
,,,,,
,,,,,
,,,,,
,,,,,
,,,,,
,,,,,
,,,,,
,,,,,
,,,,,
,,,,,
,,,,,
,,,,,
,,,,,
,,,,,
,,,,,
,,,,,
,,,,,
,,,,,
,,,,,
,,,,,
,,,,,
,,,,,
,,,,,
,,,,,
,,,,,
,,,,,
,,,,,
,,,,,
,,,,,
,,,,,
,,,,,
,,,,,
,,,,,
,,,,,
,,,,,
,,,,,
,,,,,
,,,,,
,,,,,
,,,,,
,,,,,
,,,,,
,,,,,
,,,,,
,,,,,
,,,,,
,,,,,
,,,,,
,,,,,
,,,,,
,,,,,
,,,,,
,,,,,
,,,,,
,,,,,
,,,,,
,,,,,
,,,,,
,,,,,
,,,,,
,,,,,
,,,,,
,,,,,
,,,,,
,,,,,
,,,,,
,,,,,
,,,,,
,,,,,
,,,,,
,,,,,
,,,,,
,,,,,
,,,,,
,,,,,
,,,,,
,,,,,
,,,,,
,,,,,
,,,,,
,,,,,
,,,,,
,,,,,
,,,,,
,,,,,
,,,,,
,,,,,
,,,,,
,,,,,
,,,,,
,,,,,
,,,,,
,,,,,
,,,,,
,,,,,
,,,,,
,,,,,
,,,,,
,,,,,
,,,,,
,,,,,
,,,,,
,,,,,
,,,,,
,,,,,
,,,,,
,,,,,
,,,,,
,,,,,
,,,,,
,,,,,
,,,,,
,,,,,
,,,,,
,,,,,
,,,,,
,,,,,
,,,,,
,,,,,
,,,,,
,,,,,
,,,,,
,,,,,
,,,,,
,,,,,
,,,,,
,,,,,
,,,,,
,,,,,
,,,,,
,,,,,
,,,,,
,,,,,
,,,,,
,,,,,
,,,,,
,,,,,
,,,,,
,,,,,
,,,,,
,,,,,
,,,,,
,,,,,
,,,,,
,,,,,
,,,,,
,,,,,
,,,,,
,,,,,
,,,,,
,,,,,
,,,,,
,,,,,
,,,,,
,,,,,
,,,,,
,,,,,
,,,,,
,,,,,
,,,,,
,,,,,
,,,,,
,,,,,
,,,,,
,,,,,
,,,,,
,,,,,
,,,,,
,,,,,
,,,,,
,,,,,
,,,,,
,,,,,
,,,,,
,,,,,
