,id,BillableDuration
0,76.0,0.0
1,80.0,7.25
2,81.0,8.583333333333334
3,653.0,4.0
4,654.0,0.0
5,655.0,0.0
6,77.0,7.6
7,78.0,17.416666666666668
8,79.0,8.2
9,895.0,1.0
10,896.0,1.0
11,897.0,1.0
12,894.0,1.0
13,898.0,1.0
14,891.0,1.0
15,892.0,1.0
16,893.0,0.5
17,145.0,1.2333333333333334
18,144.0,1.0333333333333334
19,1436.0,2.0
20,1573.0,1.0
21,1572.0,2.0
22,245.0,5.716666666666667
23,290.0,13.3
24,326.0,1.7
25,319.0,1.0
26,1662.0,1.0
27,1664.0,0.5
28,320.0,1.4666666666666666
29,1665.0,0.5
30,328.0,1.0833333333333333
31,321.0,1.0666666666666667
32,1663.0,1.0
33,1657.0,1.0
34,1671.0,1.0
35,324.0,1.0666666666666667
36,1658.0,1.0
37,329.0,0.5
38,322.0,1.0
39,327.0,1.0
40,1659.0,1.0
41,325.0,1.05
42,323.0,1.2333333333333334
43,1660.0,1.0
44,330.0,1.1666666666666667
45,317.0,1.0666666666666667
46,1666.0,0.5
47,1667.0,0.5
48,1668.0,0.5
49,318.0,1.0666666666666667
50,1654.0,1.0
51,1669.0,0.5
52,1655.0,1.0
53,1656.0,1.0
54,1670.0,0.5
55,1661.0,1.0
56,1988.0,0.5666666666666667
57,1989.0,3.55
58,130.0,29.666666666666668
59,868.0,8.0
60,1424.0,0.0
61,1645.0,0.0
62,1646.0,0.0
63,300.0,8.183333333333334
64,1990.0,1.3833333333333333
65,291.0,1.5
66,292.0,4.0
67,293.0,4.05
68,1991.0,2.0833333333333335
69,1992.0,6.483333333333333
70,1993.0,3.066666666666667
71,1648.0,7.05
72,1649.0,8.0
73,305.0,8.0
74,301.0,0.0
75,302.0,0.0
76,306.0,5.25
77,311.0,6.45
78,1651.0,4.0
79,308.0,7.0
80,303.0,8.0
81,310.0,0.0
82,304.0,8.0
83,309.0,0.0
84,307.0,3.55
85,1647.0,0.0
86,1650.0,6.5
87,281.0,1.1833333333333333
88,1418.0,1.5
89,1419.0,1.0
90,1420.0,2.0
91,1421.0,2.0
92,1422.0,1.0
93,1423.0,2.0
94,195.0,2.0
95,1727.0,1.5
96,1728.0,1.0
97,369.0,0.6833333333333333
98,1730.0,1.5
99,367.0,0.5833333333333334
100,368.0,1.6666666666666667
101,1729.0,1.0
102,112.0,1.65
103,1994.0,0.0
104,650.0,22.0
105,1435.0,2.0
106,1425.0,0.0
107,1426.0,1.0
108,1653.0,0.5
109,718.0,1.5
110,719.0,1.5
111,679.0,1.0
112,680.0,1.0
113,681.0,1.0
114,656.0,1.0
115,662.0,1.0
116,666.0,1.0
117,667.0,1.0
118,82.0,1.2
119,663.0,2.0
120,668.0,1.0
121,682.0,1.0
122,683.0,1.0
123,684.0,1.0
124,657.0,1.0
125,687.0,1.0
126,671.0,1.0
127,669.0,0.0
128,658.0,0.5
129,659.0,1.0
130,677.0,1.0
131,678.0,1.0
132,672.0,1.0
133,673.0,1.0
134,685.0,1.0
135,686.0,1.0
136,665.0,0.5
137,664.0,0.5
138,674.0,1.0
139,675.0,1.0
140,676.0,2.0
141,660.0,0.5
142,661.0,0.5
143,688.0,1.0
144,670.0,1.0
145,1316.0,1.5
146,1315.0,1.5
147,1599.0,1.1333333333333333
148,255.0,2.1666666666666665
149,1587.0,1.5
150,1600.0,1.5
151,2001.0,0.7166666666666667
152,263.0,2.6
153,1588.0,3.0
154,265.0,0.7666666666666667
155,1601.0,1.5
156,268.0,1.6
157,256.0,1.5
158,257.0,2.0
159,1589.0,2.5
160,1580.0,1.5
161,261.0,2.0
162,264.0,2.2
163,253.0,4.533333333333333
164,2002.0,0.4
165,1590.0,0.0
166,262.0,1.2166666666666668
167,1604.0,1.5
168,1591.0,3.0
169,1582.0,1.0
170,1605.0,1.5
171,266.0,1.5
172,1579.0,1.5
173,269.0,1.7333333333333334
174,1592.0,2.5
175,1581.0,1.5
176,1602.0,1.5
177,2003.0,0.9833333333333333
178,1593.0,0.0
179,1603.0,0.0
180,1584.0,1.5
181,1594.0,3.0
182,258.0,1.8166666666666667
183,1606.0,2.0
184,260.0,1.5
185,259.0,1.5
186,1598.0,1.5
187,1595.0,4.0
188,267.0,1.6333333333333333
189,1583.0,2.0
190,1585.0,1.5
191,1596.0,2.5
192,2004.0,0.0
193,254.0,1.05
194,1597.0,1.5
195,1586.0,1.5
196,427.0,2.433333333333333
197,1719.0,2.0
198,1679.0,1.0
199,1720.0,1.0
200,1721.0,1.5
201,1722.0,2.0
202,1680.0,2.0
203,2005.0,1.6166666666666667
204,362.0,1.0
205,1681.0,2.0
206,1723.0,1.5
207,2006.0,0.0
208,2007.0,3.6333333333333333
209,2008.0,0.48333333333333334
210,1672.0,2.0
211,1673.0,1.0
212,343.0,1.5
213,331.0,1.5
214,1674.0,2.0
215,2009.0,0.5166666666666667
216,346.0,5.416666666666667
217,1682.0,2.0
218,1707.0,1.0
219,1708.0,1.5
220,347.0,5.15
221,1683.0,3.0
222,2010.0,0.4
223,1709.0,1.0
224,2011.0,2.1666666666666665
225,348.0,0.0
226,332.0,4.316666666666666
227,1710.0,2.0
228,2012.0,1.7333333333333334
229,2013.0,1.15
230,1684.0,4.0
231,1711.0,1.0
232,349.0,1.5
233,1685.0,4.0
234,1686.0,1.0
235,1687.0,1.5
236,350.0,1.6166666666666667
237,2014.0,0.3333333333333333
238,333.0,2.2666666666666666
239,334.0,6.116666666666666
240,1704.0,2.0
241,1712.0,1.5
242,2015.0,0.0
243,2016.0,0.8333333333333334
244,351.0,2.0166666666666666
245,1688.0,2.0
246,344.0,2.0
247,2017.0,1.5333333333333334
248,1689.0,1.0
249,1690.0,1.5
250,352.0,2.0833333333333335
251,2018.0,1.5166666666666666
252,353.0,2.0
253,335.0,2.1166666666666667
254,365.0,1.0
255,1691.0,1.0
256,1692.0,1.5
257,2019.0,4.05
258,2020.0,0.48333333333333334
259,354.0,6.083333333333333
260,2021.0,0.4166666666666667
261,1713.0,2.5
262,1693.0,2.0
263,1726.0,1.0
264,366.0,4.066666666666666
265,2022.0,1.8166666666666667
266,2023.0,1.7166666666666666
267,363.0,2.0
268,1694.0,0.0
269,364.0,2.8833333333333333
270,1695.0,3.0
271,1724.0,1.5
272,2024.0,1.6666666666666667
273,2025.0,2.6333333333333333
274,355.0,2.3833333333333333
275,336.0,2.05
276,1714.0,1.0
277,337.0,2.183333333333333
278,2026.0,1.3833333333333333
279,2027.0,1.8166666666666667
280,1715.0,2.0
281,338.0,3.4166666666666665
282,342.0,4.066666666666666
283,1716.0,1.0
284,1696.0,3.0
285,1725.0,0.5
286,356.0,1.7833333333333334
287,2028.0,2.6
288,357.0,2.433333333333333
289,339.0,2.183333333333333
290,1675.0,1.0
291,2029.0,0.9333333333333333
292,358.0,1.1166666666666667
293,2030.0,1.25
294,340.0,2.5
295,2031.0,1.4333333333333333
296,2032.0,0.9833333333333333
297,1717.0,2.0
298,1697.0,1.0
299,1705.0,0.0
300,1718.0,0.0
301,2033.0,0.5
302,1703.0,1.5
303,1676.0,2.0
304,341.0,2.033333333333333
305,345.0,1.5
306,1677.0,1.0
307,1698.0,1.5
308,359.0,1.5
309,2034.0,1.65
310,2035.0,0.7833333333333333
311,360.0,3.15
312,1699.0,2.0
313,1678.0,1.0
314,1700.0,3.5
315,361.0,2.283333333333333
316,1706.0,2.0
317,1701.0,2.0
318,1702.0,1.0
319,85.0,1.0
320,806.0,2.5
321,2036.0,2.85
322,2037.0,0.9333333333333333
323,804.0,6.0
324,805.0,4.0
325,394.0,1.5
326,395.0,2.2666666666666666
327,1771.0,6.0
328,2038.0,1.0666666666666667
329,385.0,2.45
330,2039.0,2.3333333333333335
331,1772.0,6.0
332,1759.0,2.0
333,2040.0,3.6333333333333333
334,1773.0,6.0
335,393.0,6.083333333333333
336,1770.0,1.5
337,1768.0,2.0
338,392.0,1.95
339,1760.0,2.0
340,1769.0,1.5
341,387.0,3.0
342,2041.0,2.4166666666666665
343,2042.0,0.4666666666666667
344,386.0,5.583333333333333
345,1761.0,2.0
346,1765.0,4.0
347,1982.0,0.5
348,1764.0,1.0
349,2043.0,0.8
350,396.0,1.8166666666666667
351,388.0,4.583333333333333
352,2044.0,3.6
353,389.0,6.2
354,1762.0,2.5
355,2045.0,2.3833333333333333
356,390.0,6.233333333333333
357,391.0,3.3666666666666667
358,2046.0,4.333333333333333
359,2047.0,1.2166666666666666
360,1758.0,2.0
361,1774.0,0.5
362,1763.0,3.0
363,1766.0,3.0
364,2048.0,1.5833333333333333
365,1767.0,4.0
366,98.0,1.5833333333333333
367,101.0,5.5
368,726.0,1.0
369,96.0,1.75
370,722.0,0.0
371,99.0,1.8333333333333333
372,729.0,4.833333333333333
373,723.0,1.5
374,724.0,2.0
375,720.0,0.5
376,725.0,2.5
377,727.0,1.0
378,97.0,1.0
379,100.0,1.0
380,721.0,1.0
381,728.0,1.5
382,88.0,4.5
383,1652.0,7.5
384,315.0,6.8
385,312.0,0.0
386,316.0,8.016666666666667
387,313.0,3.066666666666667
388,314.0,7.0
389,704.0,6.0
390,1786.0,2.0
391,1787.0,1.0
392,1413.0,3.0
393,1354.0,3.0
394,1409.0,2.0
395,1322.0,2.0
396,1383.0,3.0
397,1371.0,1.0
398,1384.0,2.0
399,1355.0,2.0
400,1412.0,1.0
401,1323.0,3.0
402,1324.0,1.5
403,1414.0,0.5
404,1407.0,1.0
405,1367.0,1.5
406,1356.0,3.0
407,1368.0,2.0
408,1349.0,4.0
409,1325.0,1.5
410,1318.0,2.0
411,1369.0,2.0
412,1357.0,6.0
413,1326.0,9.5
414,1327.0,1.0
415,1328.0,1.0
416,1393.0,1.5
417,1329.0,3.0
418,1348.0,6.0
419,1405.0,0.0
420,1396.0,2.0
421,1330.0,3.0
422,1372.0,1.0
423,1370.0,1.0
424,1385.0,3.0
425,192.0,3.0166666666666666
426,1386.0,3.0
427,1331.0,4.0
428,1387.0,3.0
429,1397.0,1.0
430,1410.0,2.0
431,1395.0,4.0
432,1332.0,6.0
433,1388.0,3.0
434,1373.0,1.0
435,1350.0,1.0
436,1374.0,0.5
437,1398.0,2.0
438,1389.0,3.0
439,1399.0,12.0
440,1333.0,5.0
441,1390.0,3.0
442,1365.0,5.0
443,1391.0,11.0
444,1317.0,1.0
445,1400.0,3.5
446,1408.0,2.0
447,1401.0,2.0
448,1334.0,3.0
449,1358.0,1.0
450,1347.0,2.0
451,1359.0,6.0
452,1319.0,1.0
453,1335.0,9.0
454,1375.0,4.0
455,1336.0,3.5
456,1320.0,1.0
457,1337.0,3.0
458,1411.0,1.0
459,1376.0,2.0
460,1351.0,2.0
461,1338.0,8.0
462,1417.0,1.0
463,1415.0,0.5
464,1377.0,1.5
465,1402.0,2.0
466,1352.0,3.0
467,1403.0,5.0
468,1378.0,2.0
469,1339.0,9.0
470,1404.0,2.0
471,1394.0,2.0
472,1340.0,3.0
473,1366.0,2.0
474,1360.0,3.5
475,1406.0,1.5
476,1361.0,4.0
477,1341.0,2.0
478,1362.0,1.0
479,1342.0,3.0
480,193.0,5.05
481,1379.0,2.0
482,1983.0,3.0
483,1380.0,4.0
484,1343.0,3.0
485,1363.0,1.5
486,1344.0,1.0
487,1353.0,2.0
488,194.0,3.2
489,1392.0,2.0
490,1381.0,3.0
491,1382.0,3.0
492,1345.0,4.0
493,1346.0,3.0
494,1321.0,1.0
495,1416.0,3.0
496,1364.0,3.0
497,1512.0,2.0
498,1520.0,1.5
499,212.0,2.0166666666666666
500,213.0,3.7
501,1513.0,1.5
502,216.0,1.5333333333333334
503,210.0,3.0
504,214.0,1.0
505,211.0,7.25
506,2051.0,0.8833333333333333
507,1519.0,3.0
508,215.0,3.5166666666666666
509,217.0,0.6333333333333333
510,1514.0,3.0
511,1515.0,1.0
512,1518.0,2.0
513,218.0,0.5
514,1516.0,1.0
515,1522.0,1.0
516,1521.0,1.5
517,1517.0,1.5
518,1437.0,6.0
519,1438.0,6.5
520,1732.0,0.5
521,373.0,1.0
522,372.0,1.1166666666666667
523,1735.0,0.5
524,1736.0,1.0
525,374.0,1.0
526,1737.0,1.0
527,1738.0,1.0
528,1739.0,1.0
529,1740.0,1.0
530,375.0,1.0833333333333333
531,1741.0,1.0
532,376.0,1.0
533,1731.0,1.0
534,1733.0,1.0
535,1734.0,1.0
536,689.0,17.0
537,205.0,2.7
538,1442.0,1.0
539,202.0,1.7
540,207.0,3.0166666666666666
541,1443.0,0.5
542,1444.0,0.5
543,206.0,2.1666666666666665
544,198.0,1.5
545,208.0,0.5
546,1445.0,0.5
547,199.0,1.0
548,203.0,2.183333333333333
549,204.0,3.5
550,200.0,1.0333333333333334
551,201.0,1.1666666666666667
552,84.0,2.6
553,83.0,2.0
554,690.0,4.0
555,691.0,1.5
556,785.0,2.0
557,759.0,0.5
558,114.0,2.75
559,786.0,2.0
560,799.0,0.0
561,753.0,2.0
562,775.0,4.0
563,116.0,2.2
564,776.0,2.0
565,797.0,1.5
566,787.0,1.0
567,767.0,2.0
568,798.0,1.0
569,788.0,0.0
570,765.0,0.0
571,777.0,0.0
572,766.0,0.0
573,751.0,1.0
574,794.0,2.0
575,763.0,0.0
576,760.0,0.0
577,757.0,0.0
578,795.0,0.0
579,778.0,0.0
580,115.0,6.316666666666666
581,768.0,4.0
582,789.0,2.0
583,769.0,2.0
584,800.0,2.0
585,779.0,4.0
586,754.0,2.0
587,755.0,2.5
588,764.0,1.0
589,790.0,2.0
590,758.0,1.0
591,761.0,2.0
592,801.0,2.0
593,780.0,0.0
594,796.0,0.0
595,762.0,0.0
596,756.0,0.0
597,803.0,0.0
598,781.0,0.0
599,791.0,3.1666666666666665
600,752.0,0.0
601,772.0,0.0
602,782.0,0.0
603,773.0,2.0
604,792.0,2.0
605,783.0,2.0
606,793.0,2.0
607,770.0,4.0
608,774.0,2.0
609,771.0,2.0
610,802.0,2.0
611,784.0,2.0
612,1788.0,2.0
613,399.0,2.6166666666666667
614,400.0,3.8833333333333333
615,401.0,2.0
616,403.0,2.5
617,402.0,1.3
618,94.0,2.566666666666667
619,715.0,2.0
620,714.0,3.0
621,705.0,2.5
622,711.0,2.5
623,89.0,2.5
624,92.0,4.45
625,706.0,1.0
626,707.0,2.5
627,90.0,2.0
628,91.0,1.0
629,717.0,1.0
630,708.0,1.0
631,712.0,2.0
632,93.0,5.166666666666666
633,710.0,2.5
634,709.0,1.5
635,95.0,2.35
636,716.0,1.0
637,713.0,2.5
638,2055.0,2.033333333333333
639,977.0,2.0
640,973.0,0.5
641,1003.0,1.0
642,986.0,4.0
643,992.0,3.0
644,970.0,2.0
645,991.0,10.5
646,1005.0,1.0
647,971.0,0.5
648,982.0,2.0
649,983.0,3.0
650,993.0,7.0
651,156.0,2.066666666666667
652,1002.0,1.0
653,158.0,7.733333333333333
654,994.0,3.0
655,978.0,1.5
656,995.0,7.0
657,987.0,0.0
658,1985.0,0.7
659,984.0,2.0
660,1004.0,0.5
661,996.0,4.0
662,974.0,1.0
663,979.0,2.0
664,985.0,3.0
665,988.0,3.0
666,969.0,1.0
667,975.0,1.5
668,997.0,0.5
669,998.0,4.0
670,159.0,7.0
671,1006.0,1.0
672,999.0,8.0
673,980.0,2.0
674,972.0,1.5
675,989.0,2.0
676,990.0,3.0
677,157.0,2.033333333333333
678,1000.0,4.0
679,976.0,0.5
680,1001.0,0.5
681,981.0,2.0
682,1776.0,0.0
683,1777.0,7.0
684,1778.0,6.0
685,1779.0,3.5
686,1780.0,2.0
687,1811.0,0.0
688,1812.0,0.0
689,1813.0,0.0
690,1814.0,0.0
691,1815.0,0.0
692,1816.0,8.0
693,1817.0,5.5
694,1818.0,8.0
695,1819.0,5.5
696,1820.0,6.0
697,1821.0,3.0
698,417.0,9.033333333333333
699,1822.0,12.0
700,1823.0,12.0
701,1824.0,4.0
702,1825.0,13.5
703,1980.0,4.0
704,1981.0,2.0
705,1826.0,0.0
706,1827.0,5.0
707,2056.0,3.316666666666667
708,1828.0,4.0
709,1829.0,6.0
710,2057.0,3.4
711,1830.0,7.5
712,2058.0,1.2166666666666666
713,418.0,5.233333333333333
714,1831.0,8.0
715,1832.0,7.5
716,1833.0,10.5
717,1834.0,5.0
718,1835.0,11.0
719,2059.0,4.033333333333333
720,1267.0,0.0
721,188.0,3.9
722,1268.0,0.0
723,1269.0,0.0
724,1270.0,0.0
725,1271.0,0.0
726,1272.0,8.0
727,1273.0,8.0
728,1274.0,2.5
729,1275.0,6.0
730,1276.0,2.5
731,1277.0,4.0
732,1278.0,7.0
733,1266.0,4.0
734,2060.0,2.1166666666666667
735,1607.0,3.0
736,869.0,2.0
737,870.0,3.0
738,871.0,4.0
739,131.0,5.716666666666667
740,879.0,0.5
741,872.0,2.0
742,132.0,4.0
743,873.0,3.45
744,874.0,1.5
745,875.0,2.0
746,876.0,2.5
747,877.0,1.5
748,878.0,1.5
749,1255.0,0.0
750,2061.0,1.7833333333333334
751,2062.0,2.4166666666666665
752,2063.0,3.4833333333333334
753,2064.0,3.8833333333333333
754,2065.0,1.5666666666666667
755,169.0,2.0833333333333335
756,2066.0,3.85
757,2067.0,1.6
758,170.0,2.0
759,2068.0,0.8
760,2069.0,2.6666666666666665
761,171.0,3.3833333333333333
762,2070.0,3.3666666666666667
763,184.0,2.0166666666666666
764,2071.0,2.466666666666667
765,2072.0,7.983333333333333
766,2073.0,3.0166666666666666
767,172.0,2.45
768,2074.0,4.983333333333333
769,173.0,2.55
770,2075.0,3.033333333333333
771,2076.0,3.7666666666666666
772,2077.0,1.9833333333333334
773,2078.0,4.95
774,2079.0,3.283333333333333
775,174.0,2.0166666666666666
776,2080.0,1.55
777,2081.0,2.5
778,2082.0,3.85
779,2083.0,2.9
780,175.0,2.1666666666666665
781,2084.0,0.7666666666666667
782,2085.0,2.566666666666667
783,2086.0,0.5166666666666667
784,2087.0,1.5666666666666667
785,176.0,5.833333333333333
786,2088.0,7.816666666666666
787,177.0,3.3833333333333333
788,1256.0,0.0
789,1257.0,2.0
790,2089.0,0.03333333333333333
791,2090.0,0.9
792,2091.0,2.0833333333333335
793,2092.0,1.8
794,2093.0,0.7333333333333333
795,2094.0,7.8
796,1258.0,2.0
797,2095.0,2.55
798,2096.0,11.066666666666666
799,178.0,2.0
800,2097.0,7.783333333333333
801,2098.0,0.0
802,2099.0,7.633333333333334
803,2100.0,3.533333333333333
804,179.0,2.0
805,180.0,1.7166666666666666
806,2101.0,6.85
807,2102.0,7.85
808,1259.0,2.0
809,2103.0,7.883333333333334
810,1260.0,2.5
811,2104.0,1.3333333333333333
812,2105.0,7.383333333333334
813,2106.0,7.783333333333333
814,185.0,3.05
815,2107.0,3.183333333333333
816,2108.0,3.7333333333333334
817,2109.0,3.1333333333333333
818,2110.0,7.316666666666666
819,2111.0,0.0
820,2112.0,1.6333333333333333
821,181.0,2.183333333333333
822,2113.0,3.466666666666667
823,1252.0,1.0
824,1264.0,2.0
825,2114.0,6.016666666666667
826,2115.0,4.066666666666666
827,2116.0,3.05
828,2117.0,1.7166666666666666
829,1254.0,2.0
830,2118.0,6.133333333333334
831,2119.0,3.8333333333333335
832,1261.0,2.0
833,2120.0,1.2333333333333334
834,2121.0,6.216666666666667
835,2122.0,3.4
836,182.0,2.0166666666666666
837,2123.0,2.7
838,2124.0,3.8333333333333335
839,2125.0,3.433333333333333
840,183.0,2.05
841,2126.0,5.083333333333333
842,2127.0,1.9
843,2128.0,0.13333333333333333
844,2129.0,3.95
845,2130.0,3.1666666666666665
846,2131.0,1.4333333333333333
847,1262.0,2.0
848,2132.0,2.8
849,1253.0,0.5
850,2133.0,2.216666666666667
851,1263.0,2.0
852,731.0,9.5
853,103.0,2.0
854,730.0,1.0
855,102.0,1.0
856,106.0,2.6
857,107.0,3.0
858,734.0,0.5
859,735.0,2.0
860,104.0,1.0
861,733.0,2.5
862,105.0,0.5
863,732.0,3.0
864,737.0,2.0
865,736.0,0.0
866,1775.0,7.0
867,1937.0,0.0
868,1938.0,13.0
869,1939.0,0.0
870,1940.0,6.5
871,1941.0,6.0
872,1953.0,1.0
873,1942.0,7.5
874,1943.0,7.0
875,1944.0,7.0
876,1945.0,4.0
877,1946.0,6.0
878,1947.0,0.0
879,1948.0,9.0
880,438.0,2.466666666666667
881,1950.0,1.0
882,1952.0,0.0
883,1949.0,3.5
884,1951.0,13.0
885,433.0,3.816666666666667
886,435.0,3.0166666666666666
887,434.0,3.4166666666666665
888,436.0,7.4
889,437.0,7.4
890,1934.0,0.0
891,1935.0,8.5
892,1936.0,5.0
893,190.0,6.9
894,1284.0,4.0
895,2134.0,1.55
896,1280.0,4.0
897,1281.0,1.5
898,191.0,2.0
899,1282.0,0.0
900,1283.0,2.0
901,1285.0,4.0
902,1286.0,4.0
903,1279.0,1.0
904,1287.0,7.0
905,1288.0,0.0
906,189.0,2.0
907,1289.0,3.0
908,1609.0,0.0
909,1610.0,2.0
910,1608.0,0.0
911,1611.0,0.0
912,1612.0,0.0
913,1613.0,0.0
914,1614.0,8.5
915,270.0,3.316666666666667
916,271.0,5.5
917,272.0,5.716666666666667
918,1615.0,1.0
919,273.0,3.5833333333333335
920,1616.0,0.0
921,274.0,2.0
922,1617.0,0.0
923,1618.0,0.0
924,1619.0,2.0
925,1620.0,0.0
926,275.0,0.0
927,428.0,4.5
928,1891.0,5.0
929,1888.0,0.5
930,1889.0,0.5
931,1892.0,5.0
932,429.0,4.683333333333334
933,1894.0,3.5
934,1893.0,10.0
935,1887.0,0.0
936,1890.0,3.5
937,703.0,6.0
938,1527.0,0.5
939,2135.0,0.48333333333333334
940,1523.0,1.0
941,219.0,0.6166666666666667
942,1528.0,0.5
943,1537.0,0.5
944,1529.0,0.5
945,1530.0,0.5
946,220.0,4.0
947,1524.0,4.0
948,1531.0,0.5
949,1525.0,1.5
950,1532.0,2.5
951,1526.0,2.5
952,1533.0,0.5
953,221.0,1.0
954,1534.0,0.5
955,1536.0,0.5
956,1535.0,0.5
957,299.0,7.983333333333333
958,1644.0,1.0
959,748.0,0.0
960,113.0,23.833333333333332
961,749.0,12.5
962,2136.0,1.9333333333333333
963,750.0,0.0
964,1576.0,0.0
965,248.0,4.8
966,247.0,4.85
967,249.0,3.15
968,250.0,2.283333333333333
969,246.0,2.5166666666666666
970,1483.0,3.0
971,1450.0,1.0
972,1502.0,1.0
973,1455.0,2.0
974,1484.0,1.0
975,1456.0,2.0
976,1470.0,0.5
977,1503.0,1.0
978,209.0,1.5
979,1485.0,2.0
980,1496.0,2.0
981,1461.0,2.0
982,1476.0,2.0
983,1486.0,2.0
984,1477.0,3.5
985,1510.0,1.0
986,1451.0,1.0
987,1511.0,1.0
988,1487.0,2.0
989,1504.0,4.0
990,1462.0,2.0
991,1465.0,4.0
992,1478.0,3.0
993,1471.0,0.5
994,1463.0,2.0
995,1488.0,2.0
996,1474.0,1.0
997,1498.0,2.5
998,1499.0,1.0
999,1466.0,3.5
1000,1460.0,2.0
1001,1446.0,1.0
1002,1489.0,3.0
1003,1475.0,1.0
1004,1467.0,2.0
1005,1457.0,0.0
1006,1490.0,0.0
1007,1452.0,0.0
1008,1500.0,0.0
1009,1506.0,0.0
1010,1491.0,0.0
1011,1507.0,0.0
1012,1501.0,1.5
1013,1480.0,2.5
1014,1492.0,4.0
1015,1481.0,5.0
1016,1493.0,2.0
1017,1458.0,3.0
1018,1459.0,2.0
1019,1447.0,1.0
1020,1494.0,0.0
1021,1453.0,0.0
1022,1468.0,2.0
1023,1448.0,1.0
1024,1495.0,2.5
1025,1479.0,3.0
1026,1454.0,1.0
1027,1472.0,0.5
1028,1508.0,2.0
1029,1449.0,0.0
1030,1482.0,0.0
1031,1509.0,3.0
1032,1505.0,1.0
1033,1473.0,0.5
1034,1464.0,2.5
1035,1469.0,2.0
1036,1497.0,1.0
1037,1056.0,3.0
1038,1008.0,2.0
1039,1057.0,1.0
1040,1097.0,1.0
1041,1020.0,14.0
1042,1049.0,2.0
1043,1025.0,2.0
1044,1085.0,3.0
1045,1088.0,5.0
1046,1065.0,14.0
1047,1012.0,2.0
1048,1058.0,1.0
1049,1127.0,2.0
1050,1066.0,3.0
1051,1117.0,1.0
1052,1089.0,12.0
1053,1067.0,2.0
1054,1098.0,3.0
1055,1133.0,8.0
1056,1118.0,1.0
1057,1090.0,5.0
1058,1099.0,10.0
1059,1129.0,2.0
1060,160.0,0.5
1061,1037.0,3.5
1062,1131.0,1.5
1063,1068.0,1.0
1064,1091.0,0.5
1065,1100.0,3.0
1066,1134.0,3.0
1067,1101.0,9.0
1068,1069.0,0.0
1069,1092.0,10.5
1070,1086.0,4.5
1071,1132.0,1.5
1072,1009.0,3.0
1073,1013.0,2.0
1074,1021.0,14.0
1075,1070.0,2.0
1076,1026.0,2.0
1077,1010.0,3.0
1078,1053.0,1.5
1079,1135.0,2.0
1080,1071.0,3.0
1081,1136.0,5.0
1082,1072.0,9.0
1083,1014.0,2.0
1084,1038.0,3.0
1085,1055.0,2.0
1086,1102.0,1.5
1087,1119.0,2.0
1088,1144.0,2.0
1089,1073.0,14.0
1090,1103.0,3.0
1091,1104.0,1.0
1092,1137.0,2.0
1093,1145.0,1.0
1094,1043.0,1.0
1095,1033.0,4.0
1096,1105.0,10.0
1097,1123.0,1.0
1098,1130.0,2.0
1099,1015.0,2.0
1100,1029.0,2.0
1101,1106.0,3.0
1102,1138.0,6.0
1103,1074.0,34.0
1104,1059.0,1.0
1105,1083.0,9.0
1106,1093.0,3.0
1107,1087.0,7.0
1108,1107.0,2.5
1109,1044.0,1.0
1110,1075.0,2.0
1111,1139.0,3.0
1112,1039.0,1.5
1113,1140.0,4.0
1114,1076.0,7.0
1115,1060.0,2.0
1116,1027.0,2.0
1117,1030.0,3.0
1118,1077.0,2.0
1119,1034.0,3.0
1120,1124.0,3.0
1121,1078.0,11.0
1122,1016.0,3.0
1123,1061.0,1.0
1124,1128.0,1.0
1125,1040.0,2.0
1126,1120.0,2.0
1127,1041.0,2.0
1128,1050.0,6.0
1129,1035.0,3.0
1130,1141.0,3.0
1131,1031.0,3.0
1132,1054.0,1.5
1133,161.0,1.5
1134,1108.0,2.0
1135,1146.0,1.0
1136,1125.0,5.0
1137,1109.0,5.0
1138,1142.0,3.0
1139,1017.0,2.0
1140,1114.0,1.0
1141,1062.0,2.0
1142,1045.0,2.0
1143,1007.0,1.5
1144,1042.0,0.5
1145,162.0,3.0
1146,1110.0,4.0
1147,163.0,28.516666666666666
1148,1022.0,8.0
1149,1036.0,9.0
1150,1023.0,0.0
1151,1084.0,19.0
1152,1018.0,2.0
1153,1063.0,3.0
1154,1046.0,0.5
1155,1011.0,0.5
1156,1048.0,0.5
1157,1079.0,1.5
1158,1111.0,3.0
1159,1080.0,7.0
1160,1051.0,7.0
1161,1032.0,2.0
1162,1028.0,2.0
1163,1126.0,3.0
1164,1112.0,2.0
1165,1052.0,3.0
1166,1147.0,1.0
1167,1115.0,2.5
1168,1113.0,1.5
1169,1094.0,7.0
1170,1024.0,2.0
1171,1019.0,2.0
1172,1095.0,1.0
1173,1081.0,2.0
1174,1148.0,2.0
1175,1064.0,2.0
1176,1096.0,5.0
1177,1121.0,3.0
1178,1143.0,1.5
1179,1116.0,1.0
1180,1122.0,2.0
1181,1047.0,1.0
1182,1082.0,3.0
1183,384.0,1.9
1184,1756.0,1.0
1185,1757.0,1.0
1186,928.0,0.0
1187,935.0,0.0
1188,929.0,6.0
1189,930.0,6.5
1190,2137.0,0.016666666666666666
1191,2138.0,0.6833333333333333
1192,931.0,1.0
1193,932.0,7.5
1194,934.0,0.0
1195,933.0,2.0
1196,148.0,0.0
1197,652.0,2.0
1198,651.0,0.0
1199,1895.0,2.0
1200,1896.0,7.5
1201,432.0,6.883333333333334
1202,1897.0,3.5
1203,1898.0,3.0
1204,1899.0,8.5
1205,1900.0,0.0
1206,430.0,1.6166666666666667
1207,431.0,9.5
1208,1901.0,3.0
1209,1902.0,9.0
1210,1903.0,2.5
1211,1904.0,5.0
1212,1905.0,6.5
1213,1906.0,9.0
1214,1907.0,4.5
1215,1908.0,7.0
1216,1909.0,0.0
1217,1910.0,0.0
1218,1911.0,5.0
1219,1912.0,4.0
1220,405.0,2.8333333333333335
1221,406.0,3.066666666666667
1222,407.0,1.5
1223,416.0,3.1666666666666665
1224,413.0,1.0833333333333333
1225,1986.0,2.0
1226,1798.0,4.5
1227,1793.0,0.0
1228,414.0,2.8833333333333333
1229,408.0,5.783333333333333
1230,1794.0,2.0
1231,1800.0,3.0
1232,409.0,2.0833333333333335
1233,1801.0,3.0
1234,404.0,1.4666666666666666
1235,1799.0,3.5
1236,1795.0,2.0
1237,1802.0,2.0
1238,1796.0,2.0
1239,1803.0,4.0
1240,1804.0,4.0
1241,410.0,2.466666666666667
1242,1805.0,3.0
1243,415.0,2.25
1244,1797.0,1.0
1245,1806.0,4.0
1246,1807.0,1.5
1247,1790.0,1.0
1248,1789.0,1.5
1249,411.0,1.0
1250,1808.0,4.5
1251,1791.0,1.0
1252,412.0,1.0166666666666666
1253,1809.0,3.0
1254,1792.0,0.5
1255,1810.0,4.0
1256,940.0,1.0
1257,2139.0,4.183333333333334
1258,2140.0,0.9333333333333333
1259,2141.0,7.483333333333333
1260,2142.0,4.533333333333333
1261,2143.0,6.35
1262,2144.0,2.533333333333333
1263,2145.0,3.183333333333333
1264,2146.0,6.466666666666667
1265,2147.0,2.316666666666667
1266,2148.0,1.9333333333333333
1267,2149.0,4.066666666666666
1268,2150.0,2.716666666666667
1269,2151.0,2.066666666666667
1270,2152.0,4.15
1271,2153.0,3.1666666666666665
1272,2154.0,3.283333333333333
1273,2155.0,7.366666666666666
1274,2156.0,3.466666666666667
1275,2157.0,1.6333333333333333
1276,2158.0,4.016666666666667
1277,2159.0,2.8666666666666667
1278,2160.0,3.7666666666666666
1279,2161.0,2.2333333333333334
1280,2162.0,2.3
1281,2163.0,1.5333333333333334
1282,2164.0,3.85
1283,2165.0,1.9333333333333333
1284,2166.0,2.033333333333333
1285,2167.0,3.283333333333333
1286,2168.0,0.8333333333333334
1287,2169.0,1.2333333333333334
1288,2170.0,2.15
1289,2171.0,2.2666666666666666
1290,808.0,3.0
1291,117.0,4.5
1292,128.0,12.2
1293,122.0,9.0
1294,807.0,0.0
1295,118.0,11.2
1296,2172.0,3.183333333333333
1297,123.0,24.4
1298,127.0,12.783333333333333
1299,809.0,6.5
1300,129.0,3.0
1301,119.0,4.35
1302,813.0,9.0
1303,121.0,5.75
1304,812.0,16.0
1305,810.0,6.0
1306,124.0,17.466666666666665
1307,811.0,13.0
1308,120.0,4.0
1309,125.0,23.75
1310,126.0,19.5
1311,814.0,31.0
1312,371.0,4.0
1313,370.0,0.0
1314,941.0,5.0
1315,1577.0,3.0
1316,1439.0,6.0
1317,196.0,3.433333333333333
1318,1440.0,4.5
1319,197.0,1.6333333333333333
1320,1441.0,6.5
1321,1960.0,2.0
1322,1965.0,4.0
1323,1964.0,2.5
1324,1966.0,0.0
1325,1954.0,0.5
1326,1955.0,7.0
1327,1956.0,19.0
1328,1957.0,12.5
1329,1961.0,5.0
1330,1958.0,0.0
1331,1959.0,0.0
1332,1967.0,0.5
1333,1962.0,2.0
1334,1968.0,2.0
1335,1963.0,11.5
1336,1969.0,2.5
1337,1538.0,2.0
1338,1540.0,1.5
1339,1541.0,1.5
1340,224.0,1.5
1341,1543.0,2.0
1342,240.0,1.5333333333333334
1343,236.0,1.6
1344,230.0,1.5
1345,223.0,1.1
1346,235.0,2.9
1347,1544.0,1.0
1348,228.0,1.1666666666666667
1349,1559.0,1.0
1350,229.0,0.75
1351,1545.0,1.0
1352,1557.0,1.5
1353,1554.0,0.5
1354,1566.0,0.0
1355,1560.0,0.0
1356,237.0,1.0
1357,1562.0,1.5
1358,1539.0,0.5
1359,1565.0,0.5
1360,1561.0,1.0
1361,1546.0,2.0
1362,1555.0,1.0
1363,239.0,0.5
1364,225.0,0.5166666666666667
1365,238.0,0.5
1366,1556.0,1.0
1367,231.0,1.5
1368,241.0,1.5833333333333333
1369,1547.0,2.0
1370,1563.0,1.0
1371,1558.0,0.5
1372,232.0,2.0
1373,1548.0,2.0
1374,1553.0,0.5
1375,233.0,2.0
1376,1549.0,1.5
1377,1551.0,2.0
1378,227.0,1.5
1379,1564.0,1.0
1380,1542.0,2.0
1381,1550.0,1.5
1382,226.0,1.0
1383,234.0,1.0166666666666666
1384,222.0,2.2
1385,1552.0,1.5
1386,821.0,0.4
1387,858.0,3.0
1388,815.0,0.5
1389,822.0,8.0
1390,816.0,2.5
1391,859.0,0.5
1392,864.0,1.0
1393,865.0,2.0
1394,823.0,0.0
1395,824.0,0.0
1396,845.0,0.0
1397,866.0,1.8166666666666667
1398,817.0,1.0
1399,825.0,2.0
1400,826.0,1.5
1401,827.0,0.0
1402,818.0,0.4166666666666667
1403,828.0,0.0
1404,829.0,0.95
1405,819.0,1.0
1406,830.0,2.0
1407,831.0,1.0
1408,846.0,2.0
1409,860.0,2.0
1410,832.0,3.5
1411,833.0,5.766666666666667
1412,820.0,0.5
1413,834.0,2.5
1414,861.0,2.5
1415,835.0,2.0
1416,852.0,3.0
1417,836.0,1.5
1418,857.0,0.0
1419,847.0,0.0
1420,848.0,0.0
1421,853.0,1.3833333333333333
1422,854.0,1.5
1423,837.0,12.0
1424,855.0,0.0
1425,838.0,0.0
1426,839.0,0.0
1427,862.0,0.0
1428,840.0,0.0
1429,841.0,0.0
1430,849.0,0.0
1431,863.0,0.0
1432,856.0,0.0
1433,850.0,1.9833333333333334
1434,842.0,3.0
1435,867.0,2.0
1436,843.0,2.0
1437,844.0,3.0
1438,851.0,1.5
1439,698.0,1.5
1440,692.0,0.0
1441,699.0,0.0
1442,693.0,0.0
1443,696.0,0.0
1444,694.0,19.816666666666666
1445,700.0,0.5
1446,701.0,4.0
1447,697.0,17.0
1448,702.0,0.0
1449,86.0,4.0
1450,87.0,2.0
1451,695.0,16.0
1452,1574.0,2.0
1453,1575.0,1.0
1454,1750.0,1.0
1455,1753.0,0.5
1456,1751.0,1.0
1457,382.0,0.6666666666666666
1458,379.0,1.25
1459,1748.0,0.5
1460,380.0,1.0
1461,1749.0,1.0
1462,377.0,0.6333333333333333
1463,1742.0,1.0
1464,378.0,1.0
1465,381.0,1.0
1466,1743.0,1.0
1467,1755.0,1.0
1468,1744.0,1.0
1469,1752.0,1.0
1470,1745.0,1.0
1471,383.0,1.0166666666666666
1472,1746.0,1.0
1473,1754.0,0.5
1474,1747.0,1.0
1475,2173.0,5.3
1476,2174.0,3.65
1477,2175.0,3.066666666666667
1478,2176.0,3.566666666666667
1479,2177.0,1.7166666666666666
1480,2178.0,2.1333333333333333
1481,2179.0,3.4
1482,2180.0,1.1666666666666667
1483,2181.0,2.066666666666667
1484,2182.0,3.3333333333333335
1485,2183.0,2.15
1486,2184.0,3.1666666666666665
1487,2185.0,4.0
1488,186.0,1.0333333333333334
1489,2186.0,3.0166666666666666
1490,2187.0,1.8166666666666667
1491,2188.0,2.533333333333333
1492,2189.0,3.816666666666667
1493,2190.0,2.966666666666667
1494,2191.0,3.683333333333333
1495,2192.0,2.25
1496,2193.0,3.7666666666666666
1497,2194.0,2.55
1498,2195.0,3.3833333333333333
1499,2196.0,4.0
1500,2197.0,3.6166666666666667
1501,2198.0,2.966666666666667
1502,2199.0,3.0833333333333335
1503,2200.0,0.8333333333333334
1504,2201.0,4.85
1505,2202.0,3.783333333333333
1506,2203.0,4.183333333333334
1507,2204.0,3.2666666666666666
1508,2205.0,3.4833333333333334
1509,2206.0,0.0
1510,2207.0,3.9166666666666665
1511,2208.0,3.5
1512,2209.0,2.4833333333333334
1513,2210.0,5.183333333333334
1514,2211.0,3.5166666666666666
1515,2212.0,3.566666666666667
1516,2213.0,3.1333333333333333
1517,2214.0,2.183333333333333
1518,2215.0,4.2
1519,2216.0,1.45
1520,2217.0,2.4
1521,2218.0,2.566666666666667
1522,2219.0,8.033333333333333
1523,2220.0,1.5833333333333333
1524,2221.0,4.216666666666667
1525,2222.0,7.35
1526,2223.0,2.85
1527,2224.0,3.55
1528,2225.0,6.583333333333333
1529,2226.0,3.6666666666666665
1530,2227.0,3.1333333333333333
1531,2228.0,6.433333333333334
1532,2229.0,8.7
1533,2230.0,1.9166666666666667
1534,2231.0,2.3333333333333335
1535,2232.0,2.433333333333333
1536,2233.0,0.7833333333333333
1537,2234.0,3.7
1538,187.0,1.5
1539,2235.0,2.65
1540,2236.0,3.3833333333333333
1541,2237.0,2.25
1542,2238.0,1.6166666666666667
1543,2239.0,3.6
1544,2240.0,3.716666666666667
1545,2241.0,1.15
1546,2242.0,2.55
1547,2243.0,3.816666666666667
1548,1265.0,2.0
1549,2244.0,7.633333333333334
1550,2245.0,2.316666666666667
1551,2246.0,1.1666666666666667
1552,2247.0,3.65
1553,1219.0,0.0
1554,1166.0,3.0
1555,1249.0,1.0
1556,168.0,1.0333333333333334
1557,1208.0,4.0
1558,1248.0,0.5
1559,1187.0,2.0
1560,1179.0,2.0
1561,1243.0,2.0
1562,1160.0,2.0
1563,1161.0,3.0
1564,1180.0,2.0
1565,1167.0,3.0
1566,1168.0,1.0
1567,1220.0,2.0
1568,2248.0,0.0
1569,1169.0,2.0
1570,1212.0,4.0
1571,1149.0,3.0
1572,1154.0,4.0
1573,1242.0,7.0
1574,1150.0,6.0
1575,1195.0,2.0
1576,1155.0,3.0
1577,1151.0,1.0
1578,1181.0,3.0
1579,1162.0,2.0
1580,1204.0,3.0
1581,1188.0,2.0
1582,1236.0,2.0
1583,1221.0,2.0
1584,1247.0,1.0
1585,2249.0,0.3333333333333333
1586,1222.0,4.0
1587,1237.0,2.0
1588,1170.0,4.0
1589,1213.0,3.0
1590,1244.0,3.0
1591,1238.0,2.0
1592,1182.0,2.0
1593,1223.0,4.0
1594,1224.0,4.0
1595,1183.0,2.0
1596,1171.0,3.0
1597,1225.0,1.0
1598,1172.0,7.0
1599,1239.0,3.0
1600,1214.0,2.0
1601,1241.0,1.0
1602,1196.0,4.0
1603,1226.0,2.0
1604,1156.0,4.0
1605,1227.0,2.0
1606,1157.0,6.5
1607,1152.0,0.5
1608,1218.0,3.5
1609,1193.0,1.0
1610,1228.0,3.0
1611,1199.0,3.0
1612,1175.0,0.5
1613,1215.0,1.0
1614,166.0,4.633333333333334
1615,1176.0,2.0
1616,1250.0,1.5
1617,1197.0,3.0
1618,165.0,5.883333333333334
1619,1251.0,1.5
1620,1200.0,1.5
1621,1189.0,2.0
1622,1184.0,2.0
1623,1163.0,2.0
1624,1229.0,2.0
1625,1230.0,2.0
1626,1164.0,2.0
1627,1185.0,2.0
1628,1201.0,3.0
1629,1190.0,2.0
1630,1216.0,1.0
1631,1209.0,1.5
1632,1186.0,1.5
1633,1231.0,2.0
1634,1205.0,2.0
1635,1191.0,2.0
1636,1173.0,1.0
1637,164.0,3.1
1638,1158.0,4.5
1639,1153.0,6.0
1640,1232.0,2.0
1641,1217.0,0.5
1642,1159.0,0.5
1643,1206.0,1.0
1644,1246.0,2.0
1645,1192.0,2.0
1646,1210.0,2.0
1647,1177.0,2.0
1648,1178.0,1.0
1649,1233.0,1.0
1650,1174.0,3.0
1651,1211.0,2.0
1652,1202.0,4.0
1653,1234.0,0.5
1654,167.0,1.0
1655,1207.0,1.5
1656,1198.0,2.0
1657,1203.0,3.0
1658,1235.0,1.0
1659,1240.0,1.0
1660,1165.0,3.0
1661,1194.0,1.0
1662,1245.0,2.0
1663,2250.0,6.033333333333333
1664,2251.0,3.683333333333333
1665,2252.0,2.0166666666666666
1666,2253.0,7.233333333333333
1667,2254.0,6.3
1668,2255.0,1.5333333333333334
1669,2256.0,2.5
1670,2257.0,3.8833333333333333
1671,2258.0,3.15
1672,2259.0,7.15
1673,2260.0,2.95
1674,2261.0,0.95
1675,2262.0,3.9833333333333334
1676,2263.0,2.9833333333333334
1677,2264.0,6.1
1678,2265.0,3.783333333333333
1679,2266.0,3.433333333333333
1680,2267.0,2.816666666666667
1681,2268.0,4.2
1682,2269.0,2.8333333333333335
1683,2270.0,2.533333333333333
1684,2271.0,3.0
1685,2272.0,3.3333333333333335
1686,2273.0,2.25
1687,2274.0,1.0333333333333334
1688,2275.0,2.7
1689,2276.0,1.5
1690,2277.0,6.483333333333333
1691,2278.0,0.7833333333333333
1692,2279.0,4.283333333333333
1693,2280.0,1.7
1694,2281.0,4.266666666666667
1695,2282.0,2.35
1696,2283.0,1.6333333333333333
1697,2284.0,0.06666666666666667
1698,2285.0,1.1666666666666667
1699,2286.0,1.0166666666666666
1700,2287.0,3.316666666666667
1701,2288.0,2.4
1702,2289.0,1.9166666666666667
1703,2290.0,2.75
1704,2291.0,1.3833333333333333
1705,2292.0,1.3666666666666667
1706,2293.0,2.6166666666666667
1707,2294.0,2.966666666666667
1708,2295.0,3.85
1709,2296.0,0.43333333333333335
1710,2297.0,2.3333333333333335
1711,2298.0,3.6333333333333333
1712,2299.0,1.1833333333333333
1713,2300.0,0.8333333333333334
1714,2301.0,3.75
1715,2302.0,2.15
1716,2303.0,4.016666666666667
1717,2304.0,3.283333333333333
1718,2305.0,1.15
1719,2306.0,1.55
1720,2307.0,6.65
1721,2308.0,2.5833333333333335
1722,2309.0,2.3
1723,2310.0,1.3166666666666667
1724,2311.0,1.7
1725,2312.0,1.1833333333333333
1726,2313.0,4.233333333333333
1727,2314.0,32.916666666666664
1728,2315.0,2.283333333333333
1729,2316.0,3.6333333333333333
1730,2317.0,0.55
1731,2318.0,3.1
1732,2319.0,1.85
1733,2320.0,3.3333333333333335
1734,2321.0,1.4166666666666667
1735,2322.0,3.6166666666666667
1736,2323.0,1.4833333333333334
1737,2324.0,2.2
1738,2325.0,2.45
1739,2326.0,3.283333333333333
1740,284.0,2.1333333333333333
1741,282.0,8.0
1742,285.0,2.5
1743,286.0,6.733333333333333
1744,1626.0,2.0
1745,1987.0,4.5
1746,287.0,2.683333333333333
1747,283.0,3.183333333333333
1748,1627.0,0.0
1749,1628.0,8.0
1750,288.0,0.0
1751,1625.0,2.0
1752,289.0,8.216666666666667
1753,1781.0,6.5
1754,1782.0,6.0
1755,1783.0,6.0
1756,1784.0,0.0
1757,397.0,6.0
1758,1785.0,6.0
1759,398.0,30.5
1760,1913.0,5.5
1761,1914.0,2.5
1762,1929.0,12.0
1763,1915.0,4.0
1764,1930.0,8.0
1765,1916.0,8.5
1766,1931.0,11.0
1767,1917.0,8.0
1768,1918.0,7.0
1769,1932.0,12.0
1770,1933.0,11.5
1771,1919.0,0.0
1772,1920.0,0.0
1773,1921.0,0.0
1774,1922.0,0.0
1775,1923.0,0.0
1776,1924.0,0.0
1777,1925.0,0.0
1778,1926.0,0.0
1779,1927.0,0.0
1780,1928.0,0.0
1781,739.0,1.0
1782,738.0,2.0
1783,740.0,4.0
1784,1578.0,0.0
1785,251.0,1.2
1786,252.0,1.2833333333333334
1787,243.0,1.8666666666666667
1788,1569.0,1.0
1789,1567.0,4.0
1790,244.0,1.5
1791,242.0,1.4833333333333334
1792,1571.0,1.0
1793,1570.0,1.0
1794,1568.0,1.0
1795,1856.0,0.0
1796,1840.0,5.0
1797,1841.0,2.0
1798,421.0,1.0
1799,1842.0,2.0
1800,419.0,2.0
1801,1837.0,1.5
1802,1860.0,3.5
1803,1872.0,1.0
1804,1873.0,2.0
1805,1843.0,3.5
1806,1844.0,3.0
1807,1866.0,0.0
1808,1867.0,0.0
1809,1868.0,0.0
1810,1857.0,3.0
1811,1838.0,1.5
1812,1874.0,1.0
1813,1858.0,0.5
1814,1852.0,1.0
1815,1875.0,1.0
1816,1853.0,3.0
1817,1876.0,1.5
1818,422.0,2.0
1819,1845.0,1.5
1820,1859.0,1.0
1821,1877.0,0.0
1822,1846.0,3.0
1823,1869.0,0.5
1824,1847.0,2.0
1825,1870.0,1.0
1826,1848.0,1.0
1827,1871.0,1.0
1828,1849.0,6.0
1829,1880.0,0.0
1830,1878.0,0.0
1831,1854.0,0.0
1832,423.0,0.8666666666666667
1833,1879.0,0.5
1834,1861.0,0.5
1835,1850.0,2.0
1836,1839.0,1.0
1837,1862.0,0.5
1838,1863.0,0.5
1839,1836.0,0.5
1840,1855.0,1.0
1841,420.0,6.0
1842,1864.0,3.0
1843,424.0,1.0
1844,1851.0,1.0
1845,1865.0,6.0
1846,295.0,3.4166666666666665
1847,1642.0,1.5
1848,294.0,2.833333333333333
1849,1631.0,3.0
1850,1632.0,4.0
1851,1633.0,3.0
1852,1634.0,2.0
1853,1635.0,4.0
1854,1636.0,2.0
1855,296.0,1.15
1856,297.0,1.05
1857,1637.0,8.0
1858,1641.0,1.0
1859,1643.0,2.5
1860,1638.0,2.0
1861,1639.0,2.0
1862,298.0,1.5333333333333334
1863,1629.0,7.0
1864,1630.0,2.5
1865,1640.0,1.5
1866,961.0,10.0
1867,962.0,14.0
1868,942.0,48.0
1869,968.0,0.0
1870,943.0,0.0
1871,963.0,0.0
1872,944.0,0.0
1873,945.0,0.0
1874,959.0,0.0
1875,946.0,0.0
1876,947.0,0.0
1877,948.0,0.0
1878,964.0,0.0
1879,949.0,0.0
1880,960.0,0.0
1881,950.0,0.0
1882,951.0,0.0
1883,965.0,0.0
1884,952.0,0.0
1885,966.0,0.0
1886,953.0,0.0
1887,954.0,0.0
1888,955.0,0.0
1889,956.0,0.0
1890,967.0,0.0
1891,957.0,0.0
1892,958.0,0.0
1893,276.0,3.0
1894,277.0,2.0833333333333335
1895,278.0,0.0
1896,1621.0,4.0
1897,279.0,4.5
1898,280.0,5.05
1899,1622.0,0.0
1900,1623.0,1.5
1901,1624.0,8.0
1902,936.0,0.0
1903,939.0,0.0
1904,149.0,0.0
1905,937.0,0.0
1906,938.0,0.0
1907,154.0,0.0
1908,150.0,0.0
1909,155.0,0.0
1910,151.0,0.0
1911,152.0,0.0
1912,153.0,0.0
1913,649.0,1.5
1914,633.0,1.5
1915,637.0,2.0
1916,638.0,1.5
1917,634.0,1.5
1918,639.0,1.5
1919,640.0,1.5
1920,641.0,2.0
1921,75.0,5.0
1922,74.0,2.0
1923,642.0,1.0
1924,643.0,1.0
1925,647.0,3.0
1926,645.0,0.0
1927,644.0,1.5
1928,635.0,4.0
1929,648.0,2.0
1930,646.0,3.0
1931,636.0,2.5
1932,890.0,4.0
1933,2328.0,0.016666666666666666
1934,880.0,4.0
1935,2329.0,3.1
1936,137.0,2.0
1937,140.0,4.0
1938,881.0,4.0
1939,142.0,4.5
1940,882.0,6.0
1941,138.0,3.0
1942,134.0,4.033333333333333
1943,135.0,3.0
1944,887.0,2.0
1945,141.0,1.5
1946,133.0,4.2
1947,136.0,4.8
1948,888.0,4.0
1949,886.0,3.5
1950,883.0,9.0
1951,884.0,2.5
1952,139.0,3.05
1953,885.0,5.0
1954,889.0,1.5
1955,143.0,5.0
1956,1291.0,0.0
1957,1292.0,0.0
1958,1290.0,2.0
1959,1293.0,7.0
1960,1294.0,7.0
1961,1295.0,8.0
1962,1296.0,8.0
1963,1297.0,5.5
1964,1298.0,8.0
1965,1299.0,5.5
1966,1300.0,5.0
1967,1301.0,2.0
1968,1302.0,0.0
1969,1303.0,0.0
1970,1304.0,4.483333333333333
1971,1305.0,4.5
1972,1306.0,3.0
1973,1307.0,0.0
1974,1308.0,9.5
1975,1309.0,4.0
1976,1310.0,4.0
1977,1311.0,3.0
1978,1312.0,7.5
1979,1313.0,9.0
1980,1314.0,11.0
1981,1427.0,9.0
1982,1428.0,8.0
1983,1432.0,12.0
1984,1433.0,12.0
1985,1434.0,12.0
1986,1429.0,5.0
1987,2330.0,23.75
1988,1430.0,8.0
1989,1431.0,8.0
1990,747.0,0.5
1991,2331.0,0.3333333333333333
1992,746.0,0.5
1993,109.0,4.0
1994,741.0,0.5
1995,108.0,0.6
1996,742.0,0.5
1997,743.0,0.5
1998,110.0,8.016666666666667
1999,111.0,8.0
2000,744.0,0.5
2001,745.0,3.5
2002,1883.0,1.0
2003,1884.0,1.5
2004,1881.0,0.5
2005,425.0,6.45
2006,1885.0,1.0
2007,426.0,2.15
2008,1886.0,4.0
2009,1882.0,1.5
2010,1970.0,5.0
2011,1971.0,0.0
2012,1972.0,0.0
2013,1973.0,0.0
2014,1974.0,0.0
2015,1975.0,0.0
2016,1976.0,0.0
2017,1977.0,0.0
2018,1978.0,0.0
2019,2508.0,1.0
2020,2509.0,1.0
2021,2510.0,0.0
2022,2511.0,0.0
2023,2502.0,1.0
2024,2512.0,2.0
2025,2505.0,1.0
2026,2506.0,1.0
2027,2503.0,1.0
2028,2513.0,2.0
2029,2514.0,0.9666666666666667
2030,2507.0,3.5
2031,2458.0,1.1333333333333333
2032,2504.0,0.5
2033,2525.0,1.0
2034,2520.0,0.5
2035,2526.0,1.0
2036,2515.0,2.0
2037,2527.0,1.0
2038,2533.0,1.5
2039,2521.0,3.5
2040,2534.0,2.0
2041,2528.0,6.0
2042,2535.0,1.0
2043,2529.0,1.0
2044,2536.0,1.0
2045,2537.0,0.5
2046,2530.0,1.5
2047,2531.0,3.0
2048,2522.0,2.0
2049,2516.0,2.0
2050,2517.0,2.0
2051,2518.0,2.0
2052,2519.0,0.0
2053,2459.0,0.0
2054,2532.0,9.0
2055,2523.0,1.0
2056,2538.0,0.5
2057,2524.0,1.0
2058,2488.0,2.0
2059,2445.0,2.0
2060,2485.0,2.0
2061,2446.0,2.0
2062,2447.0,1.15
2063,2448.0,2.183333333333333
2064,2500.0,0.0
2065,2449.0,2.0166666666666666
2066,2501.0,2.5
2067,2444.0,2.8
2068,2450.0,2.0
2069,2489.0,2.0
2070,2451.0,2.0
2071,2499.0,0.5
2072,2486.0,1.0
2073,2490.0,0.0
2074,2452.0,3.033333333333333
2075,2453.0,2.066666666666667
2076,2491.0,0.0
2077,2492.0,2.0
2078,2454.0,2.1666666666666665
2079,2487.0,2.0
2080,2455.0,2.05
2081,2456.0,2.2
2082,2457.0,2.033333333333333
2083,2493.0,0.0
2084,2443.0,2.5
2085,2494.0,0.0
2086,2495.0,0.0
2087,2496.0,2.0
2088,2497.0,0.0
2089,2484.0,0.0
2090,2498.0,0.0
2091,2625.0,0.0
2092,2588.0,1.4833333333333334
2093,2573.0,1.5
2094,2559.0,0.5
2095,2638.0,0.5
2096,2470.0,0.5
2097,2589.0,1.0
2098,2590.0,4.0
2099,2547.0,1.0
2100,2639.0,1.0
2101,2591.0,0.5
2102,2592.0,1.0
2103,2471.0,0.6333333333333333
2104,2593.0,2.0
2105,2548.0,1.0
2106,2465.0,1.0
2107,2594.0,1.0
2108,2483.0,0.8166666666666667
2109,2466.0,0.5333333333333333
2110,2619.0,1.0
2111,2595.0,0.5
2112,2584.0,0.5
2113,2556.0,1.0
2114,2557.0,0.5
2115,2617.0,1.0
2116,2545.0,0.5
2117,2539.0,1.0
2118,2626.0,4.0
2119,2461.0,1.0
2120,2472.0,2.15
2121,2469.0,2.1
2122,2462.0,2.0
2123,2621.0,1.0
2124,2640.0,0.0
2125,2613.0,0.0
2126,2648.0,1.0
2127,2608.0,1.0
2128,2473.0,0.0
2129,2596.0,0.0
2130,2566.0,0.0
2131,2478.0,0.0
2132,2641.0,0.0
2133,2597.0,0.0
2134,2460.0,0.0
2135,2614.0,0.0
2136,2627.0,1.0
2137,2628.0,0.0
2138,2560.0,0.0
2139,2577.0,0.0
2140,2598.0,0.55
2141,2565.0,1.0
2142,2629.0,0.0
2143,2599.0,0.0
2144,2585.0,0.5
2145,2583.0,1.0
2146,2637.0,1.5
2147,2540.0,1.0
2148,2474.0,1.0
2149,2649.0,0.48333333333333334
2150,2620.0,0.5
2151,2479.0,1.1333333333333333
2152,2642.0,0.5
2153,2567.0,2.0
2154,2622.0,1.0
2155,2463.0,1.2833333333333334
2156,2630.0,1.0
2157,2553.0,4.0
2158,2574.0,2.0
2159,2646.0,1.0
2160,2578.0,1.0
2161,2563.0,1.0
2162,2561.0,1.0
2163,2643.0,3.5
2164,2615.0,1.0
2165,2609.0,0.5
2166,2575.0,1.5
2167,2475.0,0.5
2168,2600.0,1.0
2169,2549.0,1.0
2170,2572.0,2.0
2171,2582.0,1.0
2172,2481.0,2.25
2173,2631.0,0.0
2174,2579.0,0.0
2175,2541.0,0.0
2176,2580.0,0.0
2177,2476.0,1.05
2178,2570.0,1.0
2179,2562.0,1.0
2180,2632.0,1.0
2181,2601.0,2.0
2182,2644.0,1.0
2183,2571.0,1.0
2184,2650.0,0.6166666666666667
2185,2633.0,0.5
2186,2564.0,1.0
2187,2551.0,1.0
2188,2552.0,1.0
2189,2576.0,1.5
2190,2581.0,0.5
2191,2645.0,0.5
2192,2623.0,3.0
2193,2554.0,2.0
2194,2618.0,1.0
2195,2542.0,1.0
2196,2546.0,0.5
2197,2569.0,1.0
2198,2634.0,4.0
2199,2647.0,1.0
2200,2543.0,1.0
2201,2610.0,1.0
2202,2480.0,0.5666666666666667
2203,2602.0,0.5
2204,2550.0,0.5
2205,2603.0,0.5
2206,2555.0,0.5
2207,2604.0,0.5
2208,2558.0,1.0
2209,2624.0,0.5
2210,2586.0,0.5
2211,2587.0,1.5
2212,2607.0,1.0
2213,2467.0,1.0
2214,2605.0,0.0
2215,2482.0,0.0
2216,2611.0,1.0
2217,2635.0,2.0
2218,2477.0,0.6166666666666667
2219,2606.0,1.0
2220,2568.0,1.0
2221,2464.0,1.15
2222,2468.0,1.3333333333333335
2223,2616.0,2.0
2224,2636.0,1.0
2225,2544.0,1.0
2226,2612.0,1.0
2227,2346.0,1.0
2228,2347.0,1.0
2229,2348.0,2.0
2230,2381.0,1.0
2231,2408.0,4.0
2232,2382.0,2.0
2233,2409.0,4.0
2234,2340.0,2.0166666666666666
2235,2410.0,2.5
2236,2411.0,2.0
2237,2412.0,2.0
2238,2405.0,1.5
2239,2377.0,1.0
2240,2406.0,0.5
2241,2336.0,2.9
2242,2363.0,2.0
2243,2337.0,2.966666666666667
2244,2383.0,1.0
2245,2413.0,4.5
2246,2338.0,1.1833333333333333
2247,2396.0,2.0
2248,2384.0,1.5
2249,2341.0,2.0166666666666666
2250,2414.0,5.0
2251,2400.0,2.0
2252,2385.0,1.0
2253,2369.0,0.5
2254,2415.0,1.5
2255,2397.0,0.0
2256,2416.0,4.0
2257,2367.0,0.5
2258,2374.0,0.5
2259,2417.0,0.5
2260,2342.0,2.0
2261,2380.0,1.5
2262,2378.0,1.0
2263,2364.0,0.5
2264,2386.0,2.0
2265,2398.0,3.0
2266,2418.0,4.5
2267,2433.0,1.0
2268,2419.0,2.0
2269,2420.0,2.0
2270,2375.0,0.5
2271,2401.0,3.0
2272,2376.0,0.5
2273,2399.0,3.0
2274,2387.0,1.5
2275,2388.0,2.0
2276,2421.0,3.5
2277,2402.0,3.0
2278,2370.0,0.5
2279,2389.0,2.0
2280,2432.0,0.5
2281,2365.0,0.5
2282,2343.0,1.5
2283,2422.0,1.5
2284,2371.0,0.5
2285,2423.0,4.0
2286,2407.0,2.0
2287,2441.0,1.0333333333333334
2288,2390.0,0.0
2289,2372.0,0.0
2290,2368.0,0.0
2291,2391.0,2.0
2292,2366.0,1.5
2293,2392.0,2.0
2294,2424.0,1.5
2295,2425.0,2.0
2296,2339.0,3.0
2297,2379.0,3.5
2298,2344.0,2.0
2299,2426.0,2.0
2300,2427.0,2.0
2301,2403.0,2.0
2302,2393.0,1.0
2303,2345.0,2.0
2304,2428.0,2.0
2305,2373.0,0.5
2306,2429.0,1.0
2307,2404.0,3.5
2308,2394.0,1.0
2309,2395.0,2.5
2310,2430.0,1.0
2311,2431.0,2.0
2312,2359.0,1.0
2313,2361.0,0.5
2314,2349.0,2.0
2315,2353.0,1.0
2316,2332.0,0.5666666666666667
2317,2333.0,1.4166666666666667
2318,2350.0,0.5
2319,2354.0,2.5
2320,2355.0,1.0
2321,2351.0,1.0
2322,2352.0,4.0
2323,2356.0,2.0
2324,2334.0,1.5666666666666667
2325,2360.0,0.0
2326,2335.0,1.5
2327,2357.0,1.0
2328,2362.0,1.0
2329,2358.0,2.0
2330,2438.0,1.0
2331,2440.0,1.0
2332,2434.0,0.5
2333,2439.0,1.5
2334,2435.0,0.0
2335,2436.0,0.8833333333333333
2336,2442.0,0.8833333333333333
2337,2437.0,1.0
2338,906.0,4.0
2339,907.0,2.0
2340,899.0,1.5
2341,908.0,0.5
2342,909.0,1.0
2343,927.0,1.0
2344,910.0,1.5
2345,911.0,0.5
2346,900.0,2.0
2347,917.0,2.0
2348,924.0,2.5
2349,925.0,2.0
2350,922.0,2.0
2351,147.0,3.216666666666667
2352,915.0,2.0
2353,918.0,1.5
2354,901.0,7.0
2355,923.0,1.0
2356,919.0,2.0
2357,902.0,1.5
2358,146.0,2.0
2359,920.0,1.0
2360,905.0,3.0
2361,914.0,1.0
2362,916.0,1.0
2363,921.0,1.5
2364,903.0,3.0
2365,913.0,3.0
2366,926.0,1.5
2367,904.0,7.0
2368,912.0,5.0
2369,523.0,2.0
2370,37.0,3.466666666666667
2371,38.0,2.85
2372,525.0,2.0
2373,454.0,1.5
2374,7.0,1.7333333333333334
2375,1995.0,3.5166666666666666
2376,455.0,2.0
2377,472.0,2.5
2378,12.0,3.85
2379,470.0,2.0
2380,11.0,4.833333333333333
2381,471.0,0.0
2382,473.0,3.0
2383,1996.0,1.4833333333333334
2384,474.0,1.3833333333333333
2385,503.0,2.0
2386,23.0,10.0
2387,24.0,10.0
2388,507.0,3.0
2389,506.0,1.0
2390,25.0,4.533333333333333
2391,26.0,3.0
2392,1997.0,0.4666666666666667
2393,27.0,4.0
2394,1998.0,5.133333333333334
2395,510.0,2.0
2396,508.0,4.0
2397,509.0,2.5
2398,28.0,1.0333333333333334
2399,29.0,2.5
2400,30.0,2.5
2401,511.0,1.9166666666666665
2402,39.0,1.35
2403,526.0,2.5
2404,43.0,2.0
2405,44.0,2.5
2406,544.0,6.5
2407,545.0,3.0
2408,42.0,3.5
2409,45.0,8.166666666666666
2410,565.0,0.0
2411,566.0,0.0
2412,573.0,0.0
2413,567.0,0.0
2414,49.0,3.716666666666667
2415,574.0,1.5
2416,581.0,1.0
2417,1999.0,1.15
2418,584.0,2.5
2419,585.0,2.5
2420,575.0,1.0
2421,586.0,1.5
2422,563.0,2.0
2423,54.0,3.5833333333333335
2424,53.0,2.5
2425,564.0,2.0
2426,571.0,1.5
2427,587.0,1.5
2428,582.0,1.0
2429,576.0,1.5
2430,583.0,1.5
2431,568.0,1.0
2432,55.0,1.5666666666666667
2433,56.0,1.7333333333333334
2434,52.0,2.0833333333333335
2435,51.0,2.5
2436,577.0,1.5
2437,578.0,1.5
2438,50.0,1.5
2439,579.0,1.5
2440,57.0,1.5
2441,580.0,1.5
2442,572.0,1.5
2443,569.0,2.0
2444,570.0,1.5
2445,58.0,3.6333333333333333
2446,588.0,0.0
2447,589.0,7.5
2448,61.0,0.5
2449,597.0,0.5
2450,598.0,0.5
2451,599.0,0.5
2452,62.0,0.6333333333333333
2453,600.0,0.5
2454,604.0,1.0
2455,605.0,1.0
2456,606.0,1.0
2457,603.0,0.5
2458,607.0,1.0
2459,609.0,2.0
2460,610.0,1.0
2461,65.0,2.1666666666666665
2462,608.0,1.5
2463,628.0,0.0
2464,629.0,0.0
2465,630.0,0.0
2466,627.0,4.5
2467,631.0,0.5
2468,632.0,0.5
2469,73.0,5.0
2470,480.0,4.0
2471,481.0,5.0
2472,482.0,3.95
2473,483.0,4.0
2474,16.0,4.8
2475,485.0,5.0
2476,14.0,2.15
2477,484.0,2.5
2478,486.0,3.0
2479,15.0,3.6333333333333333
2480,13.0,5.366666666666666
2481,478.0,5.0
2482,475.0,5.0
2483,476.0,7.0
2484,477.0,5.0
2485,479.0,3.0
2486,439.0,7.0
2487,440.0,8.0
2488,442.0,1.5
2489,441.0,7.5
2490,2.0,3.95
2491,0.0,8.583333333333334
2492,1.0,7.3
2493,443.0,5.5
2494,2000.0,3.0833333333333335
2495,40.0,4.1
2496,41.0,3.5
2497,550.0,3.5
2498,547.0,0.0
2499,548.0,2.1833333333333336
2500,549.0,3.5
2501,448.0,0.5
2502,449.0,4.0
2503,453.0,1.0
2504,447.0,2.5
2505,6.0,2.316666666666667
2506,450.0,0.5
2507,3.0,4.5
2508,4.0,4.816666666666666
2509,451.0,4.5
2510,446.0,3.0
2511,452.0,5.5
2512,5.0,5.3
2513,465.0,1.5
2514,458.0,1.5
2515,469.0,1.5
2516,464.0,2.0
2517,10.0,2.1166666666666667
2518,462.0,2.5
2519,463.0,1.0
2520,459.0,0.0
2521,460.0,0.0
2522,1979.0,0.0
2523,466.0,1.0
2524,457.0,3.0
2525,8.0,1.5
2526,467.0,2.0
2527,456.0,1.0
2528,461.0,2.5
2529,468.0,2.5
2530,9.0,5.766666666666667
2531,22.0,5.5
2532,504.0,5.0
2533,505.0,5.0
2534,2049.0,2.9833333333333334
2535,561.0,1.5
2536,560.0,0.0
2537,2050.0,0.0
2538,47.0,1.9833333333333334
2539,48.0,2.9166666666666665
2540,562.0,2.5
2541,487.0,1.5
2542,18.0,4.183333333333334
2543,17.0,3.5
2544,488.0,1.0
2545,19.0,3.4
2546,489.0,2.5
2547,32.0,17.566666666666666
2548,512.0,3.5
2549,517.0,2.5
2550,31.0,6.55
2551,33.0,16.45
2552,513.0,7.0
2553,34.0,16.233333333333334
2554,514.0,8.0
2555,519.0,16.0
2556,518.0,3.5
2557,520.0,16.0
2558,515.0,8.0
2559,516.0,0.0
2560,521.0,0.0
2561,522.0,0.0
2562,36.0,4.216666666666667
2563,524.0,3.5
2564,63.0,1.1666666666666667
2565,601.0,1.5
2566,602.0,2.5
2567,64.0,2.0
2568,615.0,2.0
2569,616.0,2.0
2570,67.0,7.066666666666666
2571,66.0,2.5
2572,68.0,4.0
2573,611.0,3.0
2574,2052.0,0.43333333333333335
2575,2053.0,1.7
2576,69.0,15.5
2577,617.0,1.5
2578,618.0,1.5
2579,70.0,14.05
2580,613.0,1.0
2581,71.0,8.266666666666667
2582,612.0,9.0
2583,2054.0,5.366666666666666
2584,614.0,2.5
2585,619.0,2.0
2586,35.0,7.366666666666666
2587,595.0,1.0
2588,60.0,1.1333333333333333
2589,59.0,4.066666666666666
2590,596.0,0.0
2591,546.0,3.0
2592,46.0,5.3
2593,444.0,8.0
2594,445.0,9.0
2595,559.0,0.5
2596,553.0,3.5
2597,554.0,1.5
2598,552.0,2.5
2599,555.0,3.0
2600,557.0,3.0
2601,556.0,2.0
2602,558.0,3.0
2603,551.0,2.5
2604,491.0,2.0
2605,500.0,1.0
2606,501.0,2.0
2607,490.0,1.0
2608,502.0,2.0
2609,2327.0,1.5833333333333333
2610,21.0,2.45
2611,20.0,1.5
2612,495.0,1.0
2613,492.0,1.5
2614,493.0,1.5
2615,494.0,1.5
2616,496.0,1.5
2617,497.0,1.0
2618,498.0,2.0
2619,499.0,2.0
2620,72.0,3.95
2621,543.0,4.0
2622,541.0,4.0
2623,527.0,2.5
2624,528.0,10.0
2625,529.0,10.0
2626,536.0,2.0
2627,542.0,3.0
2628,537.0,3.0
2629,530.0,10.0
2630,531.0,1.5
2631,532.0,4.5
2632,538.0,6.0
2633,539.0,3.0
2634,533.0,3.5
2635,540.0,6.0
2636,534.0,4.0
2637,535.0,10.0
2638,591.0,1.0
2639,590.0,3.0
2640,1984.0,1.0
2641,593.0,3.0
2642,592.0,2.0
2643,594.0,3.0
2644,621.0,3.0
2645,622.0,4.5
2646,623.0,6.5
2647,620.0,2.0
2648,624.0,5.5
2649,625.0,4.0
2650,626.0,6.5
