,Fab300_Res_id,IIO_Res_id,Cluster,Fab300_Begin,Fab300_End,FACILITY,ResTk,Tool,Fab300_User_id,WBS,IIO_Begin,Description,IIO_End,FO_ROW_ID,EVENT_ROW_ID_Begin
0,0.0,403.0,0.0,2022-11-08 14:00:46,2022-11-08 14:57:19,PLINE300,4169060,F5_SCD,rahmat49,30990/32063,2022-11-08 14:00:00,Internal processing,2022-11-08 15:00:00,79.0,947359459.0
0,2.0,896.0,0.0,2022-11-15 12:01:51,2022-11-15 15:03:04,PLINE300,4170474,LEVITOR4300,homkar65,30990/32063,2022-11-15 12:00:00,DEMO related,2022-11-15 16:00:00,262.0,948649402.0
0,6.0,1102.0,0.0,2022-10-31 12:20:49,2022-10-31 12:21:18,PLINE300,4166980,SCD100,hsingy35,30990/32063,2022-10-31 12:00:00,metro,2022-10-31 13:00:00,429.0,945455294.0
1,7.0,1104.0,1.0,2022-11-02 10:04:04,2022-11-02 10:55:45,PLINE300,4167356,SCD100,hsingy35,30990/32063,2022-11-02 10:00:00,metro,2022-11-02 11:00:00,429.0,945787115.0
2,8.0,1105.0,2.0,2022-11-02 12:09:19,2022-11-02 13:08:50,PLINE300,4166993,SCD100,hsingy35,30990/32063,2022-11-02 12:00:00,metro,2022-11-02 13:00:00,429.0,945832506.0
3,9.0,1106.0,3.0,2022-11-03 12:23:11,2022-11-03 13:06:30,PLINE300,4167796,SCD100,marian80,30990/32063,2022-11-03 12:00:00,thick SiN,2022-11-03 13:00:00,429.0,946131957.0
0,172.0,723.0,0.0,2022-11-04 11:32:55,2022-11-04 13:53:49,PLINE300,4167658,HITACHI5000,sun57,30990/32063,2022-11-04 11:30:00,CDSEM on LS,2022-11-04 14:00:00,7554.0,946417982.0
0,284.0,270.0,0.0,2022-11-14 10:49:33,2022-11-14 12:20:09,PLINE300,4169529,DNS_6,rastog28,30990/32063,2022-11-14 11:00:00,HPM Recipe,2022-11-14 14:00:00,10996.0,948305625.0
1,284.0,271.0,0.0,2022-11-14 10:49:33,2022-11-14 12:20:09,PLINE300,4169529,DNS_6,rastog28,30990/32063,2022-11-14 12:00:00,IMEC Clean (215),2022-11-14 15:00:00,10996.0,948305625.0
0,313.0,1485.0,0.0,2022-11-02 11:51:23,2022-11-02 16:17:33,PLINE300,4166322,XP4_2,rastog28,30990/32063,2022-11-02 12:00:00,TiN,2022-11-02 15:00:00,13686.0,945825436.0
1,313.0,1486.0,0.0,2022-11-02 11:51:23,2022-11-02 16:17:33,PLINE300,4166322,XP4_2,rastog28,30990/32063,2022-11-02 12:00:00,HfOx Deposition,2022-11-02 18:00:00,13686.0,945825436.0
2,314.0,1492.0,2.0,2022-11-09 09:33:02,2022-11-09 23:58:52,PLINE300,4169104,XP4_2,liang13,30990/32063,2022-11-09 09:30:00,"Ar test, TMA soak test and TiN d;TiN Deposition",2022-11-09 19:00:00,13686.0,947590567.0
3,316.0,1493.0,3.0,2022-11-14 14:13:23,2022-11-14 20:45:59,PLINE300,N/a,XP4_2,roekens,30990/32063,2022-11-14 14:00:00,DEMO related;demo,2022-11-15 02:00:00,13686.0,948358748.0
0,392.0,1193.0,0.0,2022-10-31 09:31:45,2022-10-31 09:56:38,PLINE300,4167098,SP5,arnou66,30990/32063,2022-10-31 09:30:00,measurement,2022-10-31 10:00:00,20556.0,945408212.0
1,394.0,1197.0,1.0,2022-11-10 15:04:15,2022-11-10 15:28:25,PLINE300,4170070,SP5,arnou66,30990/32063,2022-11-10 15:00:00,metro,2022-11-10 15:30:00,20556.0,947966823.0
2,397.0,1199.0,2.0,2022-11-17 12:19:32,2022-11-17 14:50:07,PLINE300,4171342,SP5,marian80,30990/32063,2022-11-17 12:00:00,metro,2022-11-17 13:00:00,20556.0,949305765.0
0,490.0,182.0,0.0,2022-11-03 10:43:00,2022-11-03 12:50:00,PLINE300,4167936,2830ZT,thukka30,30990/32063,2022-11-03 11:00:00,MAZO devel,2022-11-03 13:00:00,23988.0,946097693.0
0,1.0,789.0,0.0,2022-10-31 06:42:14,2022-10-31 07:36:27,PLINE300,4167087,INS3300,redants,00999/00505,2022-10-31 07:00:00,Important lot,2022-10-31 09:30:00,261.0,945384576.0
0,103.0,1125.0,0.0,2022-11-07 15:06:08,2022-11-07 16:32:05,PLINE300,4168378,SEMVISION,janard53,00999/00505,2022-11-07 15:00:00,Devinps,2022-11-07 17:00:00,4926.0,947072706.0
1,124.0,1126.0,1.0,2022-11-14 12:13:40,2022-11-14 14:03:51,PLINE300,4170164,SEMVISION,janard53,00999/00505,2022-11-14 12:00:00,devinp,2022-11-14 13:30:00,4926.0,948329336.0
0,181.0,1190.0,0.0,2022-11-15 09:11:51,2022-11-15 10:26:26,PLINE300,4170529,SP3,janard53,00999/00505,2022-11-15 09:00:00,Devinps,2022-11-15 10:00:00,8074.0,948597354.0
0,208.0,295.0,0.0,2022-11-09 19:23:38,2022-11-09 20:00:20,PLINE300,4169958,EDR7100,janard53,00999/00505,2022-11-09 19:00:00,testing,2022-11-09 20:00:00,9588.0,947767928.0
0,236.0,396.0,0.0,2022-10-31 10:47:41,2022-10-31 12:24:51,PLINE300,4167173,EXTREME_1,gomezg80,39424/01224,2022-10-31 11:00:00,Oxide depositions,2022-10-31 14:30:00,10466.0,945439177.0
0,481.0,219.0,0.0,2022-11-05 08:42:23,2022-11-05 11:39:56,PLINE300,4168624,ALTUS,gomezg80,39424/01224,2022-11-05 08:30:00,Test develop recipe,2022-11-05 12:00:00,22439.0,946661427.0
0,30.0,60.0,0.0,2022-11-05 09:39:38,2022-11-05 11:59:39,PLINE200,4168408,DCVD_CF,vdveld25,39424/01224,2022-11-05 10:00:00,Process lot P223884 with a new r,2022-11-05 13:30:00,3838.0,946670158.0
0,10.0,331.0,0.0,2022-11-15 07:32:37,2022-11-15 10:49:37,PLINE300,4170539,ENDURA,wellens,32299/01899,2022-11-15 07:30:00,SOI processing,2022-11-15 12:00:00,695.0,948581137.0
0,11.0,330.0,0.0,2022-11-17 07:47:21,2022-11-17 13:55:38,PLINE300,4170550,ENDURA,wellens,32299/00352,2022-11-17 07:30:00,SOI processing,2022-11-17 12:30:00,695.0,949232005.0
0,221.0,237.0,0.0,2022-11-04 10:38:10,2022-11-04 12:29:01,PLINE300,4168262,CIRCL,vdweeg61,32299/00352,2022-11-04 11:00:00,Measure lot AL214908,2022-11-04 13:00:00,10087.0,946406254.0
0,12.0,220.0,0.0,2022-11-02 11:08:03,2022-11-02 16:56:21,PLINE300,4167406,ANELVA,witterst,31499/01715,2022-11-02 10:30:00,H-barrier exp,2022-11-02 17:30:00,704.0,945804879.0
1,13.0,221.0,1.0,2022-11-17 10:38:30,2022-11-17 12:36:35,PLINE300,4171642,ANELVA,witterst,31499/01715,2022-11-17 10:30:00,Ti(O) H-barrier,2022-11-17 13:00:00,704.0,949276130.0
0,14.0,965.0,0.0,2022-11-05 18:49:08,2022-11-05 21:11:48,PLINE300,4167782,REFLEXION,raymaek,31399/00039,2022-11-05 18:30:00,Ru CMP ATLAS2 M1,2022-11-06 00:00:00,938.0,946756720.0
1,15.0,966.0,1.0,2022-11-10 10:12:41,2022-11-10 10:13:03,PLINE300,4169517,REFLEXION,heylen,31399/00039,2022-11-10 09:30:00,Ru cmp lot on hold,2022-11-10 17:00:00,938.0,947889378.0
2,17.0,967.0,2.0,2022-11-14 07:10:47,2022-11-14 09:12:45,PLINE300,4170258,REFLEXION,raymaek,31399/00039,2022-11-14 06:30:00,AX220873_2 on hold,2022-11-14 14:00:00,938.0,948240741.0
0,374.0,340.0,0.0,2022-11-15 08:54:21,2022-11-15 14:19:13,PLINE300,4169424,ENDURA_5,soulie26,31399/00039,2022-11-15 09:00:00,Development NbTiN at 420C,2022-11-15 10:00:00,16067.0,948593974.0
0,186.0,46.0,0.0,2022-11-16 11:14:49,2022-11-16 12:30:14,PLINE200,4171441,CIPT,raymaek,31399/00039,2022-11-16 11:00:00,voormeting Ni sampels,2022-11-16 13:00:00,8288.0,948962914.0
0,18.0,332.0,0.0,2022-11-17 17:12:21,2022-11-17 18:57:11,PLINE300,4171345,ENDURA_2,mandal97,31199/01765,2022-11-17 16:30:00,Ru dep at 250C,2022-11-17 18:30:00,1062.0,949376647.0
0,216.0,1229.0,0.0,2022-11-10 11:19:16,2022-11-10 12:02:48,PLINE300,4169356,TEL_TACTRAS2,mandal97,31199/01765,2022-11-10 11:00:00,DMA-TMS passivation,2022-11-10 14:00:00,9666.0,947907821.0
1,217.0,1230.0,1.0,2022-11-17 13:21:33,2022-11-17 15:29:52,PLINE300,4171307,TEL_TACTRAS2,mandal97,31199/01765,2022-11-17 13:00:00,DMA-TMS passivation;DMATMS on SiNx,2022-11-17 21:00:00,9666.0,949320604.0
0,375.0,336.0,0.0,2022-11-17 08:49:19,2022-11-17 10:06:07,PLINE300,4171301,ENDURA_5,mandal97,31199/01765,2022-11-17 08:30:00,Ru Dep,2022-11-17 10:00:00,16067.0,949247810.0
0,19.0,975.0,0.0,2022-11-04 13:36:25,2022-11-04 22:03:01,PLINE300,4167542,REFLEXION_2,ceulem72,32102/01048,2022-11-04 13:00:00,"Cu CMP, EP monitoring, spc must",2022-11-04 20:00:00,1073.0,946447810.0
0,20.0,978.0,0.0,2022-11-14 14:03:15,2022-11-14 20:38:00,PLINE300,4169982,REFLEXION_2,ceulem72,37093/02175,2022-11-14 13:00:00,Cu CMP using CSL P1 LK393 P3,2022-11-14 17:00:00,1073.0,948355890.0
0,209.0,1240.0,0.0,2022-10-31 09:53:30,2022-10-31 10:54:21,PLINE300,4167171,TEL_TACTRAS2,puliya38,37093/02175,2022-10-31 10:00:00,development,2022-10-31 11:00:00,9666.0,945426785.0
0,21.0,788.0,0.0,2022-11-07 10:22:33,2022-11-07 11:11:33,PLINE300,N/a,INS300,engelen,98601/31507,2022-11-07 10:00:00,Insp,2022-11-07 10:30:00,2003.0,947006007.0
0,212.0,1246.0,0.0,2022-11-08 10:13:27,2022-11-08 10:52:34,PLINE300,4168849,TEL_TACTRAS2,vallat65,98601/31507,2022-11-08 10:30:00,HMI,2022-11-08 12:00:00,9666.0,947290841.0
1,215.0,1247.0,1.0,2022-11-09 14:50:22,2022-11-09 16:12:15,PLINE300,4169431,TEL_TACTRAS2,vallat65,98601/31507,2022-11-09 15:00:00,HMI,2022-11-09 17:00:00,9666.0,947682842.0
0,344.0,1271.0,0.0,2022-11-07 09:57:08,2022-11-07 10:43:39,PLINE300,4168289,TEL_TACTRAS3,vallat65,98601/31507,2022-11-07 10:00:00,HMI,2022-11-07 11:00:00,14466.0,946999692.0
0,22.0,783.0,0.0,2022-10-31 09:01:22,2022-10-31 10:00:56,PLINE300,N/a,HRP340_2,stiersk,36003/36503,2022-10-31 09:00:00,devinp,2022-10-31 10:00:00,2020.0,945401946.0
0,218.0,241.0,0.0,2022-10-31 13:48:01,2022-10-31 14:54:03,PLINE300,4167191,CIRCL,stiersk,36003/36503,2022-10-31 13:30:00,devinp,2022-10-31 15:00:00,10087.0,945473810.0
1,219.0,244.0,1.0,2022-11-02 16:40:14,2022-11-02 21:50:03,PLINE300,4167415,CIRCL,gompou79,36003/36503,2022-11-02 16:30:00,Devinps,2022-11-02 18:30:00,10087.0,945900428.0
2,219.0,245.0,1.0,2022-11-02 16:40:14,2022-11-02 21:50:03,PLINE300,4167415,CIRCL,gompou79,36003/36503,2022-11-02 19:30:00,Devinps,2022-11-02 22:00:00,10087.0,945900428.0
3,220.0,247.0,3.0,2022-11-03 20:00:02,2022-11-03 22:03:07,PLINE300,4168187,CIRCL,gompou79,36003/36503,2022-11-03 20:00:00,Devinps,2022-11-03 22:00:00,10087.0,946266720.0
4,222.0,252.0,4.0,2022-11-10 07:50:28,2022-11-10 11:27:19,PLINE300,4170026,CIRCL,gompou79,36003/36503,2022-11-10 07:00:00,Devinps,2022-11-10 11:00:00,10087.0,947864085.0
5,223.0,255.0,5.0,2022-11-14 20:08:54,2022-11-14 22:00:00,PLINE300,4170735,CIRCL,gompou79,36003/36503,2022-11-14 19:30:00,Devinps,2022-11-14 22:00:00,10087.0,948474709.0
6,224.0,256.0,6.0,2022-11-15 15:21:04,2022-11-15 17:43:27,PLINE300,4171066,CIRCL,gompou79,36003/36503,2022-11-15 14:00:00,Devinps,2022-11-15 18:00:00,10087.0,948704942.0
7,225.0,257.0,7.0,2022-11-15 20:10:12,2022-11-15 21:51:40,PLINE300,4171073,CIRCL,gompou79,36003/36503,2022-11-15 19:00:00,Devinps,2022-11-15 21:30:00,10087.0,948782534.0
0,23.0,782.0,0.0,2022-11-14 10:09:41,2022-11-14 11:52:08,PLINE300,4169840,HRP340_2,nolmans,32299/00978,2022-11-14 10:00:00,check roughness,2022-11-14 12:00:00,2020.0,948294614.0
0,24.0,898.0,0.0,2022-10-31 09:20:52,2022-10-31 18:07:22,PLINE300,4166939,METRIXL,kim19,32005/01299,2022-10-31 10:00:00,coupon samples for Donggyu Kim,2022-10-31 17:00:00,2172.0,945405623.0
1,25.0,899.0,1.0,2022-11-03 09:10:06,2022-11-03 17:39:53,PLINE300,4167592,METRIXL,kim19,32005/01299,2022-11-03 09:00:00,coupon samples for Donggyu Kim,2022-11-03 17:00:00,2172.0,946067647.0
0,26.0,78.0,0.0,2022-11-10 19:14:46,2022-11-10 20:51:14,PLINE200,4169983,GRINDER,han41,36671/01224,2022-11-10 19:00:00,lot,2022-11-10 22:00:00,3733.0,948050047.0
0,195.0,76.0,0.0,2022-11-05 09:56:09,2022-11-05 11:21:58,PLINE200,4168287,FUSIONBONDER,han41,36671/01224,2022-11-05 09:30:00,lot,2022-11-05 11:30:00,8847.0,946671755.0
0,201.0,166.0,0.0,2022-11-07 20:48:52,2022-11-07 21:12:20,PLINE200,4168630,TEMP_BONDER,han41,36671/01224,2022-11-07 20:00:00,lot,2022-11-07 21:30:00,9290.0,947176634.0
1,206.0,167.0,1.0,2022-11-15 10:18:26,2022-11-15 13:15:59,PLINE200,4170460,TEMP_BONDER,han41,36671/01224,2022-11-15 10:00:00,lot,2022-11-15 11:30:00,9290.0,948614879.0
2,206.0,168.0,1.0,2022-11-15 10:18:26,2022-11-15 13:15:59,PLINE200,4170460,TEMP_BONDER,han41,36671/01224,2022-11-15 13:00:00,TBM development,2022-11-15 16:00:00,9290.0,948614879.0
3,207.0,169.0,3.0,2022-11-16 14:50:58,2022-11-16 15:28:00,PLINE200,4170747,TEMP_BONDER,jedidi64,36671/01224,2022-11-16 13:00:00,TBM development,2022-11-16 16:00:00,9290.0,949019440.0
0,28.0,24.0,0.0,2022-11-04 14:03:19,2022-11-04 16:18:11,PLINE200,4166183,ASM750,krishn87,31199/01513,2022-11-04 14:00:00,JSR Private,2022-11-04 16:00:00,3830.0,946458810.0
1,29.0,26.0,1.0,2022-11-16 14:40:02,2022-11-16 15:21:46,PLINE200,4171151,ASM750,krishn87,31199/01513,2022-11-16 14:30:00,JSR Private,2022-11-16 15:30:00,3830.0,949015650.0
0,323.0,992.0,0.0,2022-11-08 08:12:05,2022-11-08 08:28:47,PLINE300,4167928,SC1000,jacobs41,31199/01513,2022-11-08 07:30:00,meting,2022-11-08 09:00:00,13809.0,947272556.0
0,337.0,1292.0,0.0,2022-11-08 08:11:54,2022-11-08 08:28:59,PLINE300,4167929,TR1000,jacobs41,31199/01513,2022-11-08 07:30:00,meting,2022-11-08 09:00:00,13810.0,947272510.0
0,31.0,63.0,0.0,2022-11-10 10:00:13,2022-11-10 11:21:00,PLINE200,4169985,DOM_BEOL_CU,jamieson,98300/01535,2022-11-10 10:00:00,Etch on EP check,2022-11-10 11:30:00,3840.0,947885422.0
0,166.0,232.0,0.0,2022-11-03 15:16:34,2022-11-03 17:09:06,PLINE300,4167853,CELLESTA,lai86,39422/01221,2022-11-03 15:00:00,pocket wafer test,2022-11-03 18:00:00,6653.0,946180739.0
0,36.0,84.0,0.0,2022-11-04 18:08:19,2022-11-04 23:01:45,PLINE200,4168337,KLA2351,gooris43,32299/31838,2022-11-04 16:30:00,devinp,2022-11-04 22:00:00,3860.0,946538265.0
1,37.0,85.0,1.0,2022-11-07 07:15:11,2022-11-07 14:52:57,PLINE200,4168613,KLA2351,gompou79,32299/31838,2022-11-07 06:30:00,devinp,2022-11-07 14:00:00,3860.0,946974091.0
0,38.0,91.0,0.0,2022-11-09 14:12:19,2022-11-09 19:10:57,PLINE200,4169305,KLA2351,gooris43,98300/14175,2022-11-09 13:00:00,recipe check,2022-11-09 16:00:00,3860.0,947671528.0
0,65.0,933.0,0.0,2022-11-09 06:33:00,2022-11-09 09:25:03,PLINE300,4169250,NOVA200_2,maes72,98300/14175,2022-11-09 06:00:00,XSEM,2022-11-09 08:30:00,4673.0,947553070.0
0,150.0,1217.0,0.0,2022-11-08 09:01:50,2022-11-08 10:20:56,PLINE300,4168796,SU8000,maes72,98300/14175,2022-11-08 08:30:00,XSEM,2022-11-08 10:00:00,5443.0,947276996.0
0,39.0,110.0,0.0,2022-11-03 11:12:45,2022-11-03 13:06:33,PLINE200,4157493,NOVA200,hendri21,97406/01185,2022-11-03 11:00:00,dev,2022-11-03 12:30:00,3884.0,946105592.0
1,40.0,111.0,1.0,2022-11-04 12:34:18,2022-11-04 13:37:35,PLINE200,4166207,NOVA200,hendri21,97406/01185,2022-11-04 12:30:00,training,2022-11-04 14:00:00,3884.0,946435828.0
0,75.0,922.0,0.0,2022-11-16 18:18:16,2022-11-16 19:28:17,PLINE300,4171308,NOVA200_2,pahlav81,97406/01185,2022-11-16 18:00:00,Characterisation,2022-11-16 19:30:00,4673.0,949093111.0
1,76.0,923.0,1.0,2022-11-17 12:24:31,2022-11-17 12:32:41,PLINE300,4171896,NOVA200_2,aarts61,97406/01185,2022-11-17 12:30:00,Imaging electrodeposited layers,2022-11-17 14:00:00,4673.0,949306776.0
2,77.0,923.0,1.0,2022-11-17 12:57:20,2022-11-17 14:04:36,PLINE300,4171896,NOVA200_2,aarts61,97406/01185,2022-11-17 12:30:00,Imaging electrodeposited layers,2022-11-17 14:00:00,4673.0,949315263.0
0,41.0,108.0,0.0,2022-11-04 14:08:25,2022-11-04 15:33:59,PLINE200,4168162,NOVA200,villal56,41603/49500,2022-11-04 14:00:00,xsem training,2022-11-04 15:30:00,3884.0,946460437.0
0,42.0,107.0,0.0,2022-11-07 09:03:39,2022-11-07 09:37:20,PLINE200,N/a,NOVA200,vdepauw,41603/41380,2022-11-07 09:00:00,XSEM,2022-11-07 10:00:00,3884.0,946989512.0
0,43.0,102.0,0.0,2022-11-08 07:26:53,2022-11-08 09:20:59,PLINE200,4168733,NOVA200,ripj,32005/01784,2022-11-08 07:00:00,MEC,2022-11-08 09:30:00,3884.0,947264455.0
0,44.0,105.0,0.0,2022-11-17 07:59:07,2022-11-17 09:56:41,PLINE200,4170814,NOVA200,lux,32008/00034,2022-11-17 08:00:00,sem,2022-11-17 11:00:00,3884.0,949236217.0
0,45.0,106.0,0.0,2022-11-17 11:31:23,2022-11-17 11:57:34,PLINE200,4171871,NOVA200,tsvetani,38199/01838,2022-11-17 11:00:00,sem,2022-11-17 12:00:00,3884.0,949294812.0
0,57.0,913.0,0.0,2022-10-31 14:37:10,2022-10-31 15:22:04,PLINE300,4166827,NOVA200_2,tsvetani,38199/01838,2022-10-31 14:00:00,sem,2022-10-31 15:30:00,4673.0,945482521.0
1,63.0,914.0,1.0,2022-11-07 10:35:55,2022-11-07 12:14:06,PLINE300,4168765,NOVA200_2,tsvetani,38199/01838,2022-11-07 10:30:00,sem,2022-11-07 11:00:00,4673.0,947008470.0
2,78.0,915.0,2.0,2022-11-17 14:11:09,2022-11-17 14:58:07,PLINE300,4171490,NOVA200_2,vais,38199/01838,2022-11-17 14:00:00,sem,2022-11-17 15:30:00,4673.0,949335966.0
0,48.0,118.0,0.0,2022-11-15 09:41:57,2022-11-15 10:02:52,PLINE200,4170186,POLYGON,janssenm,39423/01221,2022-11-15 06:00:00,processing samples;sample processing,2022-11-15 22:00:00,3943.0,948605685.0
0,49.0,117.0,0.0,2022-11-16 17:15:17,2022-11-16 17:48:53,PLINE200,4170565,POLYGON,medina33,31499/00880,2022-11-16 17:00:00,WS2 MOCVD,2022-11-17 10:00:00,3943.0,949064587.0
0,50.0,177.0,0.0,2022-11-07 13:14:43,2022-11-07 15:42:14,PLINE200,4166921,XL30_CF,vdpeer,32099/01506,2022-11-07 13:00:00,Training EBSD Myriam Van De Peer,2022-11-07 16:00:00,3975.0,947042659.0
1,51.0,178.0,1.0,2022-11-10 10:15:38,2022-11-10 10:50:15,PLINE200,4169283,XL30_CF,jmesse,32099/01506,2022-11-10 09:00:00,Training EBSD Myriam Van De Peer,2022-11-10 11:00:00,3975.0,947889898.0
0,52.0,42.0,0.0,2022-11-02 13:43:46,2022-11-02 15:51:03,PLINE200,4155813,BONDER_200,segers56,97401/14983,2022-11-02 14:00:00,Bonding of PAT on Glass on PI,2022-11-02 18:00:00,4419.0,945853442.0
0,475.0,97.0,0.0,2022-11-03 09:00:48,2022-11-03 09:57:25,PLINE200,4155818,LASERDEBOND,segers56,97401/14983,2022-11-03 09:00:00,Laser delam of PI from Glass,2022-11-03 11:00:00,21486.0,946066580.0
0,53.0,39.0,0.0,2022-11-03 11:13:16,2022-11-03 15:49:07,PLINE200,4155415,BONDER_200,wysock13,97401/00942,2022-11-03 11:00:00,Bonding glass/TOK to glass/ PI,2022-11-03 17:00:00,4419.0,946105904.0
1,54.0,40.0,1.0,2022-11-07 15:24:48,2022-11-07 17:20:08,PLINE200,4167372,BONDER_200,wysock13,97401/00942,2022-11-07 15:00:00,Bonding glass/TOK to glass/PI,2022-11-07 17:30:00,4419.0,947078300.0
2,56.0,41.0,2.0,2022-11-17 12:12:24,2022-11-17 16:03:47,PLINE200,4170175,BONDER_200,wysock13,97401/00942,2022-11-17 12:30:00,Bonding glass/PI to glass/PAT,2022-11-17 17:00:00,4419.0,949304379.0
0,55.0,38.0,0.0,2022-11-15 11:53:25,2022-11-15 16:42:00,PLINE200,4170743,BONDER_200,arnett70,44999/01882,2022-11-15 11:00:00,glass perminex glass bonding,2022-11-15 17:00:00,4419.0,948647006.0
0,71.0,916.0,0.0,2022-11-14 09:32:13,2022-11-14 11:22:49,PLINE300,4170097,NOVA200_2,leruth67,44999/01882,2022-11-14 09:30:00,check of first test Ma-N + NC50,2022-11-14 11:00:00,4673.0,948276839.0
0,159.0,1216.0,0.0,2022-11-15 14:16:06,2022-11-15 14:55:23,PLINE300,4170165,SU8000,leruth67,44999/01882,2022-11-15 14:00:00,for Clement,2022-11-15 15:00:00,5443.0,948682385.0
0,58.0,912.0,0.0,2022-10-31 17:01:02,2022-10-31 18:30:28,PLINE300,4167344,NOVA200_2,rengo74,32499/01906,2022-10-31 15:30:00,Inspection SIGE,2022-10-31 18:00:00,4673.0,945518387.0
0,59.0,932.0,0.0,2022-11-02 09:36:10,2022-11-02 10:42:50,PLINE300,N/a,NOVA200_2,redants,98300/01618,2022-11-02 09:30:00,i,2022-11-02 11:00:00,4673.0,945779014.0
0,86.0,1184.0,0.0,2022-11-02 14:24:35,2022-11-02 16:37:12,PLINE300,4155972,SEMVISION,dusar,98300/01618,2022-11-02 14:00:00,Insp,2022-11-02 15:00:00,4926.0,945862370.0
0,161.0,119.0,0.0,2022-11-04 10:33:04,2022-11-04 11:14:46,PLINE200,N/a,PROFILER,redants,98300/01618,2022-11-04 10:30:00,i,2022-11-04 12:00:00,5623.0,946405216.0
0,126.0,1169.0,0.0,2022-11-14 16:29:39,2022-11-14 17:10:03,PLINE300,4170848,SEMVISION,michal78,39320/36502,2022-11-14 15:00:00,PLINE use,2022-11-14 17:00:00,4926.0,948402663.0
0,61.0,934.0,0.0,2022-11-03 13:15:37,2022-11-03 14:00:31,PLINE300,4166298,NOVA200_2,lux,98500/01852,2022-11-03 13:00:00,sem,2022-11-03 14:00:00,4673.0,946140836.0
0,198.0,171.0,0.0,2022-11-02 10:04:22,2022-11-02 10:37:43,PLINE200,4167474,TEMP_BONDER,ghosh40,98500/01852,2022-11-02 10:00:00,BB305 coat bond,2022-11-02 14:00:00,9290.0,945787163.0
1,200.0,172.0,1.0,2022-11-07 12:49:54,2022-11-07 17:06:00,PLINE200,4168310,TEMP_BONDER,ghosh40,98500/01852,2022-11-07 13:00:00,BB305 bond quality,2022-11-07 16:00:00,9290.0,947038403.0
2,202.0,173.0,2.0,2022-11-08 08:13:30,2022-11-08 13:52:21,PLINE200,N/a,TEMP_BONDER,ghosh40,98500/01852,2022-11-08 10:00:00,MX2 layer transfer,2022-11-08 12:00:00,9290.0,947272689.0
0,476.0,98.0,0.0,2022-11-04 10:03:02,2022-11-04 11:11:20,PLINE200,4167938,LASERDEBOND,ghosh40,98500/01852,2022-11-04 10:00:00,200mm TF ELD only,2022-11-04 11:00:00,21486.0,946398145.0
0,62.0,926.0,0.0,2022-11-07 09:54:31,2022-11-07 10:23:00,PLINE300,4168514,NOVA200_2,rupp93,97406/01934,2022-11-07 09:30:00,Process development,2022-11-07 10:30:00,4673.0,946998799.0
0,64.0,928.0,0.0,2022-11-07 14:18:43,2022-11-07 15:10:02,PLINE300,4168896,NOVA200_2,vais,97700/01345,2022-11-07 14:00:00,XSEM,2022-11-07 15:00:00,4673.0,947060876.0
0,66.0,917.0,0.0,2022-11-09 09:47:12,2022-11-09 11:22:53,PLINE300,4169313,NOVA200_2,willegem,97401/01743,2022-11-09 09:30:00,meas,2022-11-09 11:00:00,4673.0,947594736.0
1,69.0,918.0,1.0,2022-11-10 15:11:38,2022-11-10 17:16:02,PLINE300,4169920,NOVA200_2,willegem,97401/01743,2022-11-10 14:00:00,sem nil,2022-11-10 17:00:00,4673.0,947969355.0
2,73.0,919.0,2.0,2022-11-15 13:02:48,2022-11-15 14:18:35,PLINE300,4170808,NOVA200_2,willegem,97401/01743,2022-11-15 12:30:00,sem nil,2022-11-15 14:30:00,4673.0,948664308.0
0,68.0,908.0,0.0,2022-11-09 14:13:22,2022-11-09 16:06:01,PLINE300,4169521,NOVA200_2,cochet,32299/00013,2022-11-09 14:00:00,BSD,2022-11-09 15:30:00,4673.0,947671838.0
1,70.0,909.0,1.0,2022-11-14 07:16:08,2022-11-14 09:12:55,PLINE300,4170514,NOVA200_2,cochet,32299/00013,2022-11-14 07:00:00,BSD,2022-11-14 09:30:00,4673.0,948242611.0
2,74.0,911.0,2.0,2022-11-16 08:16:02,2022-11-16 11:07:20,PLINE300,N/a,NOVA200_2,cochet,32299/00013,2022-11-16 08:00:00,BSD,2022-11-16 11:00:00,4673.0,948909369.0
0,85.0,1139.0,0.0,2022-11-02 10:11:16,2022-11-02 12:54:15,PLINE300,4155482,SEMVISION,beirnaer,32299/00013,2022-11-02 10:00:00,sem,2022-11-02 12:00:00,4926.0,945789111.0
1,92.0,1140.0,1.0,2022-11-04 07:54:47,2022-11-04 08:24:12,PLINE300,4166516,SEMVISION,beirnaer,32299/00013,2022-11-04 08:00:00,sem,2022-11-04 10:00:00,4926.0,946374903.0
2,93.0,1140.0,1.0,2022-11-04 08:24:16,2022-11-04 10:02:24,PLINE300,4166516,SEMVISION,beirnaer,32299/00013,2022-11-04 08:00:00,sem,2022-11-04 10:00:00,4926.0,946379310.0
3,100.0,1141.0,3.0,2022-11-07 09:58:00,2022-11-07 12:11:44,PLINE300,4166517,SEMVISION,beirnaer,32299/00013,2022-11-07 08:00:00,sem,2022-11-07 12:00:00,4926.0,947000057.0
4,109.0,1143.0,4.0,2022-11-08 16:59:43,2022-11-08 18:32:28,PLINE300,4166518,SEMVISION,beirnaer,32299/00013,2022-11-08 17:00:00,sem,2022-11-08 18:30:00,4926.0,947419002.0
5,112.0,1144.0,5.0,2022-11-09 10:12:48,2022-11-09 12:10:46,PLINE300,4168842,SEMVISION,dvriendt,32299/00013,2022-11-09 10:00:00,sem,2022-11-09 12:00:00,4926.0,947600892.0
6,115.0,1145.0,6.0,2022-11-09 14:38:16,2022-11-09 18:07:56,PLINE300,4166899,SEMVISION,beirnaer,32299/00013,2022-11-09 15:00:00,sem,2022-11-09 18:30:00,4926.0,947679272.0
7,119.0,1146.0,7.0,2022-11-10 07:07:35,2022-11-10 08:04:39,PLINE300,4168843,SEMVISION,dvriendt,32299/00013,2022-11-10 08:00:00,sem,2022-11-10 10:00:00,4926.0,947855553.0
8,123.0,1148.0,8.0,2022-11-14 08:01:52,2022-11-14 10:02:18,PLINE300,4167556,SEMVISION,beirnaer,32299/00013,2022-11-14 08:00:00,sem,2022-11-14 10:00:00,4926.0,948256684.0
9,130.0,1150.0,9.0,2022-11-15 07:58:19,2022-11-15 10:11:41,PLINE300,4167971,SEMVISION,beirnaer,32299/00013,2022-11-15 08:00:00,sem,2022-11-15 10:00:00,4926.0,948587959.0
10,132.0,1152.0,10.0,2022-11-16 10:55:04,2022-11-16 11:54:54,PLINE300,4168930,SEMVISION,beirnaer,32299/00013,2022-11-16 10:00:00,sem,2022-11-16 12:00:00,4926.0,948952884.0
11,133.0,1153.0,11.0,2022-11-16 17:05:40,2022-11-16 18:48:27,PLINE300,4168851,SEMVISION,dvriendt,32299/00013,2022-11-16 17:00:00,sem,2022-11-16 18:30:00,4926.0,949062383.0
12,137.0,1154.0,12.0,2022-11-17 07:43:51,2022-11-17 10:00:05,PLINE300,4168931,SEMVISION,beirnaer,32299/00013,2022-11-17 08:00:00,sem,2022-11-17 10:00:00,4926.0,949231486.0
0,226.0,236.0,0.0,2022-11-16 08:21:16,2022-11-16 08:33:03,PLINE300,4171172,CIRCL,beirnaer,32299/00013,2022-11-16 08:30:00,meting,2022-11-16 09:00:00,10087.0,948910075.0
0,489.0,432.0,0.0,2022-11-15 07:47:35,2022-11-15 12:08:24,PLINE300,4171007,FTIR_2,cochet,32299/00013,2022-11-15 12:00:00,test,2022-11-15 13:00:00,23981.0,948585467.0
0,79.0,1476.0,0.0,2022-10-31 10:35:48,2022-10-31 12:36:54,PLINE300,4165702,TXRF300,dara85,31499/00379,2022-10-31 10:00:00,iLIME ID:20220819-103159-sinha70,2022-10-31 14:00:00,4806.0,945437082.0
1,80.0,1477.0,1.0,2022-11-04 07:10:13,2022-11-04 11:03:35,PLINE300,4167272,TXRF300,dara85,31499/00379,2022-11-04 07:00:00,iLIME ID:20220819-103159-sinha70,2022-11-04 11:00:00,4806.0,946365546.0
2,81.0,1478.0,2.0,2022-11-07 07:12:38,2022-11-07 10:16:25,PLINE300,4168213,TXRF300,dara85,31499/00379,2022-11-07 07:30:00,iLIME ID:20220819-103159-sinha70,2022-11-07 10:30:00,4806.0,946973705.0
3,82.0,1479.0,3.0,2022-11-14 14:47:50,2022-11-14 17:24:29,PLINE300,4169249,TXRF300,dara85,31499/00379,2022-11-14 14:00:00,iLIME ID:20220819-103159-sinha70,2022-11-14 17:00:00,4806.0,948367430.0
0,488.0,430.0,0.0,2022-11-14 14:58:06,2022-11-14 15:23:27,PLINE300,4169311,FTIR_2,sinha70,31499/00379,2022-11-14 14:00:00,ATR for GeTe,2022-11-14 15:30:00,23981.0,948370207.0
0,491.0,199.0,0.0,2022-11-08 11:21:53,2022-11-08 11:57:26,PLINE300,4168880,2830ZT,sinha70,31499/00379,2022-11-08 11:00:00,GST composition,2022-11-08 13:00:00,23988.0,947317955.0
0,83.0,1164.0,0.0,2022-10-31 05:56:57,2022-10-31 06:36:48,PLINE300,4154857,SEMVISION,redants,37004/37141,2022-10-31 06:00:00,Insp,2022-10-31 08:00:00,4926.0,945381254.0
1,107.0,1166.0,1.0,2022-11-08 06:11:20,2022-11-08 07:55:26,PLINE300,4166477,SEMVISION,engelen,37004/37141,2022-11-08 06:00:00,Insp,2022-11-08 08:00:00,4926.0,947255709.0
2,108.0,1167.0,2.0,2022-11-08 13:57:04,2022-11-08 14:11:35,PLINE300,4166478,SEMVISION,maes72,37004/37141,2022-11-08 14:00:00,Insp,2022-11-08 15:00:00,4926.0,947354180.0
0,89.0,1173.0,0.0,2022-11-03 06:08:43,2022-11-03 07:43:33,PLINE300,4155973,SEMVISION,redants,43013/97275,2022-11-03 06:00:00,Insp,2022-11-03 08:00:00,4926.0,946044146.0
0,91.0,1130.0,0.0,2022-11-04 05:57:22,2022-11-04 07:07:40,PLINE300,4156332,SEMVISION,redants,31029/01811,2022-11-04 06:00:00,i,2022-11-04 08:00:00,4926.0,946354328.0
1,110.0,1135.0,1.0,2022-11-08 18:34:13,2022-11-08 19:48:41,PLINE300,4166480,SEMVISION,redants,31029/01811,2022-11-08 18:30:00,Insp,2022-11-08 20:00:00,4926.0,947454450.0
2,111.0,1136.0,2.0,2022-11-09 06:16:31,2022-11-09 07:21:20,PLINE300,4166544,SEMVISION,engelen,31029/01811,2022-11-09 06:00:00,Insp,2022-11-09 08:00:00,4926.0,947550359.0
3,136.0,1137.0,3.0,2022-11-17 06:02:39,2022-11-17 06:37:34,PLINE300,4168956,SEMVISION,redants,31029/01811,2022-11-17 06:00:00,Insp,2022-11-17 08:00:00,4926.0,949216871.0
0,114.0,1170.0,0.0,2022-11-09 13:54:02,2022-11-09 14:29:25,PLINE300,4166546,SEMVISION,redants,43001/01666,2022-11-09 14:00:00,Insp,2022-11-09 15:00:00,4926.0,947667043.0
0,116.0,1159.0,0.0,2022-11-09 20:02:41,2022-11-09 20:43:06,PLINE300,4169945,SEMVISION,janard53,32299/01084,2022-11-09 20:00:00,Devinps,2022-11-09 21:30:00,4926.0,947773494.0
0,127.0,1181.0,0.0,2022-11-15 06:01:06,2022-11-15 06:29:15,PLINE300,4167981,SEMVISION,redants,44999/02213,2022-11-15 06:00:00,i,2022-11-15 08:00:00,4926.0,948566706.0
1,128.0,1181.0,0.0,2022-11-15 06:29:19,2022-11-15 07:08:50,PLINE300,4167981,SEMVISION,redants,44999/02213,2022-11-15 06:00:00,i,2022-11-15 08:00:00,4926.0,948569505.0
0,140.0,334.0,0.0,2022-11-15 13:04:10,2022-11-15 17:16:39,PLINE300,N/a,ENDURA_3,dekkers,31499/01284,2022-11-15 13:00:00,Low T IGZO,2022-11-15 17:30:00,5065.0,948664570.0
1,141.0,335.0,1.0,2022-11-16 17:00:07,2022-11-16 18:20:56,PLINE300,N/a,ENDURA_3,dekkers,31499/01284,2022-11-16 16:00:00,Low T IGZO deposition,2022-11-16 18:00:00,5065.0,949060664.0
0,146.0,1211.0,0.0,2022-11-03 06:37:13,2022-11-03 08:20:44,PLINE300,4167489,SU8000,vdbroecn,31199/31191,2022-11-03 06:30:00,x-sem,2022-11-03 09:00:00,5443.0,946047142.0
0,247.0,686.0,0.0,2022-11-03 07:58:15,2022-11-03 09:50:38,PLINE300,4167008,HELIOS1200,beirnaer,38199/01490,2022-11-03 08:00:00,Inspection,2022-11-03 10:00:00,10907.0,946059365.0
1,264.0,688.0,1.0,2022-11-10 17:22:02,2022-11-10 21:40:57,PLINE300,4168874,HELIOS1200,peeter11,38199/01490,2022-11-10 18:00:00,Placeholder,2022-11-10 19:00:00,10907.0,948009841.0
0,155.0,1214.0,0.0,2022-11-14 08:37:25,2022-11-14 09:37:13,PLINE300,4169845,SU8000,maes72,37004/15017,2022-11-14 08:30:00,XSEM,2022-11-14 10:00:00,5443.0,948265612.0
1,158.0,1215.0,1.0,2022-11-15 08:43:41,2022-11-15 09:53:39,PLINE300,4170656,SU8000,maes72,37004/15017,2022-11-15 08:30:00,XSEM,2022-11-15 10:00:00,5443.0,948593211.0
0,160.0,5.0,0.0,2022-11-03 11:00:04,2022-11-03 12:40:41,PLINE200,4167760,ACT12_MTM,vanpuym,31012/01649,2022-11-03 11:00:00,test,2022-11-03 13:00:00,5463.0,946101802.0
0,162.0,11.0,0.0,2022-11-04 11:12:06,2022-11-04 13:54:39,PLINE200,4167959,AP300,guerrera,32299/00716,2022-11-04 10:30:00,exposure,2022-11-04 13:30:00,5635.0,946413594.0
0,199.0,162.0,0.0,2022-11-04 09:10:45,2022-11-04 13:54:11,PLINE200,4167955,TEMP_BONDER,guerrera,32299/00716,2022-11-04 09:00:00,C3 / TTV,2022-11-04 14:00:00,9290.0,946386265.0
0,163.0,10.0,0.0,2022-11-10 10:39:01,2022-11-10 11:54:48,PLINE200,4169322,AP300,mingar54,32099/01821,2022-11-10 11:00:00,exp,2022-11-10 12:30:00,5635.0,947896461.0
0,164.0,266.0,0.0,2022-11-07 15:28:58,2022-11-07 17:53:42,PLINE300,4162658,DNS_4,vanbel53,31199/00650,2022-11-07 15:30:00,DSA,2022-11-07 18:00:00,6277.0,947079687.0
0,165.0,261.0,0.0,2022-11-09 09:58:20,2022-11-09 13:40:29,PLINE300,4169252,DNS_4,stokhof,30990/02249,2022-11-09 10:00:00,backside etch TMAH,2022-11-09 12:00:00,6277.0,947597105.0
0,167.0,979.0,0.0,2022-11-09 08:51:50,2022-11-09 09:55:05,PLINE300,4169467,REFLEXION_4,kenens78,31199/00653,2022-11-09 09:00:00,Overpolish testing,2022-11-09 12:00:00,7053.0,947583265.0
0,299.0,824.0,0.0,2022-11-14 10:50:36,2022-11-15 11:40:58,PLINE300,4170496,KLA2925,beggia74,31199/00653,2022-11-14 11:00:00,test,2022-11-14 13:00:00,12955.0,948306051.0
1,299.0,825.0,0.0,2022-11-14 10:50:36,2022-11-15 11:40:58,PLINE300,4170496,KLA2925,beggia74,31199/00653,2022-11-14 17:00:00,OS,2022-11-14 18:00:00,12955.0,948306051.0
2,299.0,826.0,0.0,2022-11-14 10:50:36,2022-11-15 11:40:58,PLINE300,4170496,KLA2925,beggia74,31199/00653,2022-11-15 11:30:00,OS;test,2022-11-15 13:30:00,12955.0,948306051.0
0,467.0,1387.0,0.0,2022-11-03 08:29:59,2022-11-03 09:56:17,PLINE300,4167650,TR3400,roy82,31199/00653,2022-11-03 08:30:00,AE228012,2022-11-03 10:00:00,20749.0,946062177.0
0,470.0,1046.0,0.0,2022-11-03 08:30:14,2022-11-03 09:56:51,PLINE300,4167649,SC3400,roy82,31199/00653,2022-11-03 08:30:00,AE228012,2022-11-03 10:00:00,20795.0,946062279.0
0,168.0,981.0,0.0,2022-11-10 06:33:14,2022-11-10 10:00:51,PLINE300,4170009,REFLEXION_4,pittev,38199/01284,2022-11-10 06:30:00,Process lot AL217248,2022-11-10 10:30:00,7053.0,947851179.0
0,306.0,446.0,0.0,2022-11-02 09:30:13,2022-11-02 14:03:06,PLINE300,4167398,F_REX300X_1,vdweeg61,38199/01284,2022-11-02 06:30:00,Reservation for Jelle,2022-11-02 14:00:00,13186.0,945777585.0
1,307.0,447.0,1.0,2022-11-07 15:05:52,2022-11-07 20:15:18,PLINE300,4168707,F_REX300X_1,vdweeg61,38199/01284,2022-11-07 14:00:00,Process AL219516,2022-11-07 21:30:00,13186.0,947072582.0
0,169.0,984.0,0.0,2022-11-17 08:47:13,2022-11-17 16:28:11,PLINE300,4171178,REFLEXION_4,kenens78,98850/02081,2022-11-17 09:00:00,Determining polishing times  per,2022-11-17 16:30:00,7053.0,949247545.0
0,381.0,885.0,0.0,2022-11-02 17:08:36,2022-11-02 17:33:28,PLINE300,4167625,LAM_E6,choudh58,98850/02081,2022-11-02 17:30:00,Coupon Etch CRAS,2022-11-02 18:30:00,19200.0,945907108.0
1,381.0,883.0,0.0,2022-11-02 17:08:36,2022-11-02 17:33:28,PLINE300,4167625,LAM_E6,choudh58,98850/02081,2022-11-02 17:00:00,Coupon Test CRAS,2022-11-02 17:30:00,19200.0,945907108.0
2,383.0,887.0,2.0,2022-11-03 16:51:35,2022-11-03 18:07:28,PLINE300,4167875,LAM_E6,choudh58,98850/02081,2022-11-03 17:30:00,Coupon CRAS etch,2022-11-03 18:30:00,19200.0,946209972.0
3,383.0,886.0,2.0,2022-11-03 16:51:35,2022-11-03 18:07:28,PLINE300,4167875,LAM_E6,choudh58,98850/02081,2022-11-03 16:30:00,Coupon CRAS HM etch,2022-11-03 17:30:00,19200.0,946209972.0
4,385.0,889.0,4.0,2022-11-08 16:03:17,2022-11-08 17:11:00,PLINE300,4169039,LAM_E6,choudh58,98850/02081,2022-11-08 16:00:00,CRAS Coupon iterations,2022-11-08 17:00:00,19200.0,947403660.0
5,388.0,891.0,5.0,2022-11-15 16:00:50,2022-11-15 18:13:24,PLINE300,4170873,LAM_E6,choudh58,98850/02081,2022-11-15 16:00:00,CRAS APF Coupon iteration,2022-11-15 17:00:00,19200.0,948714995.0
6,391.0,892.0,6.0,2022-11-17 09:05:50,2022-11-17 11:19:11,PLINE300,4171057,LAM_E6,locoroto,98850/02081,2022-11-17 09:00:00,ERU tests,2022-11-17 11:30:00,19200.0,949249291.0
0,197.0,148.0,0.0,2022-11-16 15:31:38,2022-11-16 16:50:02,PLINE200,4171312,SPTS_OMEGA,jamieson,98850/02081,2022-11-16 14:00:00,BS Sequel TroubleShoot,2022-11-16 16:00:00,8907.0,949033006.0
0,170.0,233.0,0.0,2022-11-04 10:04:05,2022-11-04 15:54:43,PLINE300,4168172,CENTURA_IIIV,mauric47,39421/01221,2022-11-04 10:00:00,Tuning Sicap,2022-11-04 17:00:00,7191.0,946398528.0
0,171.0,1032.0,0.0,2022-11-17 14:50:17,2022-11-17 19:59:21,PLINE300,4171338,SC1950,hofman72,31199/31147,2022-11-17 14:30:00,rax,2022-11-17 17:00:00,7379.0,949346898.0
0,173.0,753.0,0.0,2022-11-10 06:59:22,2022-11-10 09:06:31,PLINE300,4169853,HITACHI5000,baudem,31199/01920,2022-11-10 07:00:00,pwec,2022-11-10 10:00:00,7554.0,947854374.0
1,174.0,754.0,1.0,2022-11-15 07:03:26,2022-11-15 09:48:32,PLINE300,4170832,HITACHI5000,baudem,31199/01920,2022-11-15 07:00:00,pwec,2022-11-15 10:00:00,7554.0,948575126.0
0,175.0,772.0,0.0,2022-11-16 10:01:04,2022-11-16 11:04:16,PLINE300,4170574,HITACHI5000,roy82,38199/01905,2022-11-16 10:00:00,test,2022-11-16 11:00:00,7554.0,948935933.0
0,177.0,858.0,0.0,2022-11-02 15:38:56,2022-11-02 15:58:08,PLINE300,4167267,LAM_E5,monter30,32299/00588,2022-11-02 15:30:00,SAW BSPDN2,2022-11-02 16:30:00,7694.0,945886153.0
0,513.0,277.0,0.0,2022-11-17 13:58:48,2022-11-17 15:38:50,PLINE300,4171587,DVPRIME_1,lai86,32299/00588,2022-11-17 13:00:00,Wafer thinning development,2022-11-17 17:00:00,24493.0,949333584.0
0,179.0,861.0,0.0,2022-11-16 09:23:34,2022-11-16 09:39:04,PLINE300,4171317,LAM_E5,raymae79,98601/01062,2022-11-16 09:30:00,use,2022-11-16 10:00:00,7694.0,948926060.0
0,396.0,1204.0,0.0,2022-11-15 15:02:12,2022-11-15 15:58:22,PLINE300,4170904,SP5,jehoul60,98601/01062,2022-11-15 15:00:00,particle meting 2x23 wafers,2022-11-15 16:00:00,20556.0,948699212.0
0,501.0,401.0,0.0,2022-11-17 10:22:07,2022-11-17 13:32:26,PLINE300,4170901,EXTREME_2,goovae19,98601/01062,2022-11-17 09:00:00,p,2022-11-17 12:30:00,24044.0,949272704.0
0,180.0,854.0,0.0,2022-11-16 13:26:21,2022-11-16 13:57:58,PLINE300,4171329,LAM_E5,vallat65,31199/01889,2022-11-16 13:30:00,SAQP P14,2022-11-16 14:30:00,7694.0,948996121.0
0,346.0,1251.0,0.0,2022-11-16 13:58:26,2022-11-16 14:25:42,PLINE300,4171145,TEL_TACTRAS3,vallat65,31199/01889,2022-11-16 14:00:00,P14 SADP,2022-11-16 15:00:00,14466.0,949005632.0
0,182.0,1345.0,0.0,2022-11-02 18:13:30,2022-11-02 19:27:03,PLINE300,4167011,TR3300,furuka28,31199/01514,2022-11-02 18:00:00,test,2022-11-02 20:30:00,8133.0,945934496.0
0,466.0,1394.0,0.0,2022-11-02 20:01:29,2022-11-02 20:43:09,PLINE300,4167528,TR3400,furuka28,31199/01514,2022-11-02 20:00:00,JSR,2022-11-02 21:30:00,20749.0,945956873.0
0,469.0,1053.0,0.0,2022-11-02 20:01:13,2022-11-02 20:35:35,PLINE300,4167527,SC3400,furuka28,31199/01514,2022-11-02 20:00:00,JSR,2022-11-02 21:30:00,20795.0,945956776.0
0,183.0,1362.0,0.0,2022-11-07 08:26:43,2022-11-07 10:41:39,PLINE300,4167400,TR3300,wouter12,31199/30079,2022-11-07 08:30:00,test,2022-11-07 11:00:00,8133.0,946986479.0
0,227.0,498.0,0.0,2022-11-02 12:06:36,2022-11-02 13:07:26,PLINE300,4167428,H5000_2,lecocq91,31199/30079,2022-11-02 12:00:00,test,2022-11-02 13:30:00,10206.0,945832133.0
1,228.0,501.0,1.0,2022-11-09 11:52:16,2022-11-09 13:02:10,PLINE300,4168709,H5000_2,cloost23,31199/30079,2022-11-09 12:00:00,test,2022-11-09 14:00:00,10206.0,947637611.0
2,229.0,502.0,2.0,2022-11-10 11:58:56,2022-11-10 12:53:19,PLINE300,4168710,H5000_2,cloost23,31199/30079,2022-11-10 12:00:00,test,2022-11-10 14:00:00,10206.0,947920456.0
3,230.0,504.0,3.0,2022-11-16 11:56:12,2022-11-16 13:48:31,PLINE300,4170667,H5000_2,cloost23,31199/30079,2022-11-16 12:00:00,test,2022-11-16 14:00:00,10206.0,948974108.0
0,317.0,997.0,0.0,2022-10-31 16:48:50,2022-10-31 18:03:02,PLINE300,4166691,SC1000,wouter12,31199/30079,2022-10-31 17:00:00,JSR,2022-10-31 19:00:00,13809.0,945515575.0
1,318.0,999.0,1.0,2022-11-01 10:14:39,2022-11-01 12:01:50,PLINE300,4155633,SC1000,le27,31199/30079,2022-11-01 10:00:00,lot processing,2022-11-01 12:00:00,13809.0,945662497.0
2,319.0,1000.0,2.0,2022-11-02 07:58:10,2022-11-02 09:54:57,PLINE300,4155594,SC1000,lecocq91,31199/30079,2022-11-02 08:00:00,tst,2022-11-02 10:00:00,13809.0,945764919.0
3,320.0,1002.0,3.0,2022-11-03 08:04:27,2022-11-03 09:49:31,PLINE300,4158403,SC1000,maessc90,31199/30079,2022-11-03 08:00:00,test,2022-11-03 10:00:00,13809.0,946060021.0
4,321.0,1004.0,4.0,2022-11-04 08:14:21,2022-11-04 09:54:52,PLINE300,4158401,SC1000,lecocq91,31199/30079,2022-11-04 08:00:00,test,2022-11-04 10:00:00,13809.0,946378498.0
5,322.0,1006.0,5.0,2022-11-06 08:55:34,2022-11-06 10:57:16,PLINE300,4168643,SC1000,le27,31199/30079,2022-11-06 08:00:00,JSR slot,2022-11-06 10:00:00,13809.0,946837882.0
6,324.0,1010.0,6.0,2022-11-09 08:13:56,2022-11-09 09:53:46,PLINE300,4167137,SC1000,maessc90,31199/30079,2022-11-09 08:00:00,JSR processing time;test,2022-11-09 12:00:00,13809.0,947574589.0
7,325.0,1012.0,7.0,2022-11-10 07:58:56,2022-11-10 10:25:24,PLINE300,4167671,SC1000,maessc90,31199/30079,2022-11-10 08:00:00,test,2022-11-10 10:00:00,13809.0,947864900.0
8,326.0,1013.0,8.0,2022-11-10 17:01:16,2022-11-10 18:40:10,PLINE300,4168300,SC1000,wouter12,31199/30079,2022-11-10 17:00:00,JSR,2022-11-10 19:00:00,13809.0,948004696.0
9,327.0,1014.0,9.0,2022-11-14 08:58:11,2022-11-14 09:53:05,PLINE300,4169284,SC1000,lecocq91,31199/30079,2022-11-14 08:00:00,test,2022-11-14 10:00:00,13809.0,948268591.0
10,328.0,1016.0,10.0,2022-11-15 09:50:17,2022-11-15 11:12:27,PLINE300,4168302,SC1000,lecocq91,31199/30079,2022-11-15 09:00:00,JSR,2022-11-15 11:00:00,13809.0,948607915.0
11,329.0,1018.0,11.0,2022-11-16 08:02:19,2022-11-16 09:03:29,PLINE300,4169286,SC1000,lecocq91,31199/30079,2022-11-16 08:00:00,test,2022-11-16 10:00:00,13809.0,948906711.0
12,330.0,1020.0,12.0,2022-11-17 08:05:04,2022-11-17 09:47:24,PLINE300,4169288,SC1000,lecocq91,31199/30079,2022-11-17 08:00:00,test,2022-11-17 10:00:00,13809.0,949237512.0
0,332.0,1297.0,0.0,2022-10-31 16:49:10,2022-10-31 18:03:14,PLINE300,4166692,TR1000,wouter12,31199/30079,2022-10-31 17:00:00,JSR,2022-10-31 19:00:00,13810.0,945515607.0
1,333.0,1300.0,1.0,2022-11-02 07:58:06,2022-11-02 09:55:06,PLINE300,4155595,TR1000,lecocq91,31199/30079,2022-11-02 08:00:00,tst,2022-11-02 10:00:00,13810.0,945764907.0
2,334.0,1302.0,2.0,2022-11-03 08:02:17,2022-11-03 09:49:54,PLINE300,4158404,TR1000,maessc90,31199/30079,2022-11-03 08:00:00,test,2022-11-03 10:00:00,13810.0,946059832.0
3,335.0,1304.0,3.0,2022-11-04 08:14:12,2022-11-04 09:54:43,PLINE300,4158402,TR1000,lecocq91,31199/30079,2022-11-04 08:00:00,test,2022-11-04 10:00:00,13810.0,946378481.0
4,336.0,1307.0,4.0,2022-11-06 13:00:53,2022-11-06 14:33:46,PLINE300,4168646,TR1000,le27,31199/30079,2022-11-06 13:00:00,JSR slot,2022-11-06 15:00:00,13810.0,946864044.0
5,338.0,1312.0,5.0,2022-11-10 07:58:29,2022-11-10 10:25:33,PLINE300,4167672,TR1000,maessc90,31199/30079,2022-11-10 08:00:00,test,2022-11-10 10:00:00,13810.0,947864879.0
6,339.0,1313.0,6.0,2022-11-10 17:01:33,2022-11-10 18:40:33,PLINE300,4168301,TR1000,wouter12,31199/30079,2022-11-10 17:00:00,JSR,2022-11-10 19:00:00,13810.0,948004718.0
7,340.0,1314.0,7.0,2022-11-14 08:58:02,2022-11-14 09:53:09,PLINE300,4169285,TR1000,lecocq91,31199/30079,2022-11-14 08:00:00,test,2022-11-14 10:00:00,13810.0,948268582.0
8,341.0,1316.0,8.0,2022-11-15 09:50:08,2022-11-15 11:12:41,PLINE300,4168303,TR1000,lecocq91,31199/30079,2022-11-15 09:00:00,JSR,2022-11-15 11:00:00,13810.0,948607897.0
9,342.0,1318.0,9.0,2022-11-16 08:02:11,2022-11-16 09:03:24,PLINE300,4169287,TR1000,lecocq91,31199/30079,2022-11-16 08:00:00,test,2022-11-16 10:00:00,13810.0,948906702.0
10,343.0,1320.0,10.0,2022-11-17 08:04:55,2022-11-17 09:47:11,PLINE300,4169289,TR1000,lecocq91,31199/30079,2022-11-17 08:00:00,test,2022-11-17 10:00:00,13810.0,949237480.0
0,184.0,47.0,0.0,2022-10-31 09:19:20,2022-10-31 12:26:51,PLINE200,4167061,CIPT,perezl56,31499/01838,2022-10-31 09:00:00,measuremetn trilayer,2022-10-31 13:00:00,8288.0,945405339.0
1,185.0,48.0,1.0,2022-11-04 09:43:27,2022-11-04 12:19:48,PLINE200,4168067,CIPT,perezl56,31499/01838,2022-11-04 09:00:00,trilayer measurement,2022-11-04 13:00:00,8288.0,946393585.0
2,187.0,49.0,2.0,2022-11-16 17:51:42,2022-11-16 20:03:47,PLINE200,4171611,CIPT,perezl56,31499/01838,2022-11-16 18:00:00,Nb_Si_Nb trilayer measurement,2022-11-16 19:30:00,8288.0,949081128.0
0,188.0,813.0,0.0,2022-11-03 14:18:13,2022-11-03 14:33:39,PLINE300,4167702,JVX7300M,pena,98600/01847,2022-11-03 14:30:00,test spc,2022-11-03 15:00:00,8487.0,946159843.0
1,189.0,814.0,1.0,2022-11-07 14:11:45,2022-11-07 15:11:40,PLINE300,4168245,JVX7300M,pena,98600/01847,2022-11-07 14:00:00,spc test,2022-11-07 15:00:00,8487.0,947059428.0
2,193.0,818.0,2.0,2022-11-16 13:27:05,2022-11-16 14:51:05,PLINE300,4171152,JVX7300M,pena,98600/01847,2022-11-16 13:30:00,rsm test,2022-11-16 15:00:00,8487.0,948996330.0
0,190.0,801.0,0.0,2022-11-09 10:27:34,2022-11-09 10:47:14,PLINE300,4169306,JVX7300M,tielens,36003/01225,2022-11-09 10:00:00, p-line process - extra time,2022-11-09 11:00:00,8487.0,947605425.0
0,191.0,796.0,0.0,2022-11-15 14:03:50,2022-11-15 14:37:21,PLINE300,4170174,JVX7300M,tielens,30990/01658,2022-11-15 14:00:00,iLIME request,2022-11-15 15:00:00,8487.0,948678564.0
1,192.0,797.0,1.0,2022-11-16 11:00:24,2022-11-16 12:23:02,PLINE300,4170304,JVX7300M,muehle10,30990/01658,2022-11-16 11:00:00,Si(100),2022-11-16 12:00:00,8487.0,948957266.0
0,376.0,791.0,0.0,2022-11-17 09:01:17,2022-11-17 18:17:22,PLINE300,4169274,INTREPID_2,maroza68,30990/01658,2022-11-17 08:30:00,ASM Internal,2022-11-17 17:30:00,18986.0,949249123.0
0,196.0,147.0,0.0,2022-11-16 10:59:22,2022-11-16 10:59:37,PLINE200,4171185,SPTS_OMEGA,vespen36,36004/01224,2022-11-16 07:30:00,ILLUMINATOR - FULL Beam Rls,2022-11-16 11:30:00,8907.0,948956570.0
0,203.0,163.0,0.0,2022-11-08 14:23:54,2022-11-08 16:24:22,PLINE200,4169106,TEMP_BONDER,patil20,36671/01221,2022-11-08 13:00:00,TBM development,2022-11-08 16:00:00,9290.0,947370439.0
1,204.0,165.0,1.0,2022-11-10 15:13:02,2022-11-10 16:21:15,PLINE200,4169110,TEMP_BONDER,jedidi64,36671/01221,2022-11-10 13:00:00,TBM development,2022-11-10 17:00:00,9290.0,947969743.0
0,205.0,161.0,0.0,2022-11-14 09:21:10,2022-11-14 15:15:26,PLINE200,4170226,TEMP_BONDER,jedidi64,31012/01084,2022-11-14 09:00:00,POR recipe - C1301,2022-11-14 14:00:00,9290.0,948273476.0
0,503.0,784.0,0.0,2022-11-15 15:25:09,2022-11-15 19:19:37,PLINE300,4170559,HYBRID_BONDER,vasch21,31012/01084,2022-11-15 13:00:00,fusion bonding of thinned wafers,2022-11-15 18:00:00,24370.0,948706616.0
0,210.0,1239.0,0.0,2022-11-03 16:09:43,2022-11-03 16:38:21,PLINE300,4167772,TEL_TACTRAS2,renaud15,31299/01861,2022-11-03 15:30:00,Coupons,2022-11-03 17:00:00,9666.0,946199519.0
0,211.0,1232.0,0.0,2022-11-07 16:51:23,2022-11-07 19:10:30,PLINE300,4168556,TEL_TACTRAS2,feurpr61,31199/02273,2022-11-07 16:30:00,Wafer processing,2022-11-07 18:30:00,9666.0,947100244.0
0,213.0,1241.0,0.0,2022-11-08 11:17:51,2022-11-08 12:20:04,PLINE300,4169066,TEL_TACTRAS2,puliya38,37093/02178,2022-11-08 11:30:00,development,2022-11-08 12:30:00,9666.0,947315817.0
1,214.0,1242.0,1.0,2022-11-09 11:02:42,2022-11-09 11:58:34,PLINE300,N/a,TEL_TACTRAS2,puliya38,37093/02178,2022-11-09 10:30:00,Test run with vendor,2022-11-09 12:00:00,9666.0,947616963.0
0,231.0,1219.0,0.0,2022-10-31 09:21:18,2022-10-31 13:35:15,PLINE300,4167147,TECNAIF30,koylan92,42199/00160,2022-10-31 09:00:00,training,2022-10-31 16:00:00,10447.0,945405725.0
1,232.0,1222.0,1.0,2022-11-10 09:47:24,2022-11-10 14:03:18,PLINE300,4169645,TECNAIF30,koylan92,42199/00160,2022-11-10 09:00:00,trainig,2022-11-10 15:00:00,10447.0,947882484.0
0,233.0,1274.0,0.0,2022-10-31 09:36:24,2022-10-31 16:38:17,PLINE300,4156158,TITAN,richardo,42199/00160,2022-10-31 08:00:00,200kV,2022-10-31 16:00:00,10448.0,945415765.0
1,234.0,1284.0,1.0,2022-11-10 16:56:50,2022-11-10 19:38:18,PLINE300,4170101,TITAN,impagn97,42199/00160,2022-11-10 13:30:00,tem analyses,2022-11-10 18:00:00,10448.0,948002947.0
2,235.0,1287.0,2.0,2022-11-15 16:05:59,2022-11-15 20:43:23,PLINE300,4170600,TITAN,impagn97,42199/00160,2022-11-15 10:30:00,200kV;tem,2022-11-15 22:00:00,10448.0,948716293.0
0,502.0,711.0,0.0,2022-11-07 09:48:27,2022-11-15 14:22:00,PLINE300,4166538,HELIOS_G5,drijboom,42199/00160,2022-11-07 10:00:00,TEM prep,2022-11-07 17:30:00,24322.0,946996555.0
1,502.0,712.0,0.0,2022-11-07 09:48:27,2022-11-15 14:22:00,PLINE300,4166538,HELIOS_G5,drijboom,42199/00160,2022-11-08 10:00:00,TEM prep,2022-11-08 17:30:00,24322.0,946996555.0
2,502.0,713.0,0.0,2022-11-07 09:48:27,2022-11-15 14:22:00,PLINE300,4166538,HELIOS_G5,drijboom,42199/00160,2022-11-14 10:00:00,TEM prep,2022-11-14 17:30:00,24322.0,946996555.0
3,502.0,714.0,0.0,2022-11-07 09:48:27,2022-11-15 14:22:00,PLINE300,4166538,HELIOS_G5,drijboom,42199/00160,2022-11-15 06:30:00,ECCI service;TEM prep,2022-11-15 17:30:00,24322.0,946996555.0
0,273.0,683.0,0.0,2022-11-15 10:02:35,2022-11-15 11:47:02,PLINE300,4169604,HELIOS1200,vrancken,37092/02172,2022-11-15 10:00:00,i,2022-11-15 12:00:00,10907.0,948610312.0
0,241.0,685.0,0.0,2022-11-02 09:22:56,2022-11-02 10:05:58,PLINE300,4167497,HELIOS1200,dangol,38199/00881,2022-11-02 09:00:00,Inspection,2022-11-02 10:00:00,10907.0,945776118.0
0,283.0,272.0,0.0,2022-11-02 14:46:03,2022-11-02 17:36:08,PLINE300,4166760,DNS_6,drent34,31199/31811,2022-11-02 15:00:00,HF-O3-APM CLEAN OF BARE SI,2022-11-02 17:00:00,10996.0,945870612.0
0,293.0,288.0,0.0,2022-11-15 06:22:41,2022-11-15 09:51:36,PLINE300,4170556,EBEAM300,sterckxg,31199/31811,2022-11-15 06:30:00,Sample practice on alignment.,2022-11-15 08:00:00,12927.0,948568483.0
1,294.0,289.0,1.0,2022-11-16 06:13:15,2022-11-16 10:43:24,PLINE300,4171124,EBEAM300,sterckxg,31199/31811,2022-11-16 06:30:00,alignment training on samples.,2022-11-16 08:30:00,12927.0,948887726.0
2,295.0,291.0,2.0,2022-11-17 07:24:40,2022-11-17 09:27:46,PLINE300,4171723,EBEAM300,sterckxg,31199/31811,2022-11-17 07:30:00,practice on coupons,2022-11-17 09:30:00,12927.0,949227199.0
0,285.0,1516.0,0.0,2022-11-16 14:22:48,2022-11-16 16:24:00,PLINE300,4171202,XP8,kimura50,39423/01225,2022-11-16 15:00:00,new recipe test in DCM4,2022-11-16 17:00:00,11146.0,949011714.0
0,287.0,937.0,0.0,2022-10-31 15:10:16,2022-10-31 21:36:37,PLINE300,4167312,NX3DM,vbelle62,36003/01224,2022-10-31 14:30:00,devinp,2022-10-31 21:30:00,12107.0,945495085.0
1,288.0,939.0,1.0,2022-11-03 17:22:39,2022-11-03 21:39:36,PLINE300,4167857,NX3DM,vbelle62,36003/01224,2022-11-03 15:00:00,devinp,2022-11-03 21:30:00,12107.0,946216949.0
2,289.0,940.0,2.0,2022-11-05 11:37:42,2022-11-05 14:01:40,PLINE300,4168192,NX3DM,vbelle62,36003/01224,2022-11-05 11:30:00,devinp,2022-11-05 13:30:00,12107.0,946685414.0
3,290.0,941.0,3.0,2022-11-06 11:32:27,2022-11-06 16:44:06,PLINE300,4168637,NX3DM,vbelle62,36003/01224,2022-11-06 11:30:00,devinp,2022-11-06 16:30:00,12107.0,946853541.0
4,291.0,942.0,4.0,2022-11-09 15:12:46,2022-11-09 16:51:35,PLINE300,4169757,NX3DM,vbelle62,36003/01224,2022-11-09 15:00:00,devinp,2022-11-09 17:00:00,12107.0,947688444.0
0,482.0,948.0,0.0,2022-11-05 16:06:33,2022-11-05 17:31:26,PLINE300,4168193,NXWAFER,vbelle62,36003/01224,2022-11-05 14:30:00,devinp,2022-11-05 17:30:00,22450.0,946722546.0
1,483.0,951.0,1.0,2022-11-16 09:27:21,2022-11-16 14:19:36,PLINE300,4171192,NXWAFER,vbelle62,36003/01224,2022-11-16 07:00:00,devinp,2022-11-16 13:30:00,22450.0,948927214.0
0,380.0,882.0,0.0,2022-11-02 14:26:32,2022-11-02 15:02:39,PLINE300,4167545,LAM_E6,debruy71,38199/37862,2022-11-02 14:30:00,use,2022-11-02 15:30:00,19200.0,945862979.0
0,296.0,907.0,0.0,2022-11-07 09:01:55,2022-11-07 09:58:25,PLINE300,4168280,MH300,talmel16,31499/00432,2022-11-07 09:30:00,Check lot that failed,2022-11-07 11:30:00,12949.0,946989335.0
0,297.0,833.0,0.0,2022-11-03 13:25:28,2022-11-03 14:47:09,PLINE300,4167629,KLA2925,chowri97,31199/01988,2022-11-03 13:00:00,inspect,2022-11-03 15:00:00,12955.0,946143359.0
1,298.0,834.0,1.0,2022-11-09 11:01:24,2022-11-09 15:04:35,PLINE300,4169377,KLA2925,chowri97,31199/01988,2022-11-09 11:00:00,recipe,2022-11-09 13:00:00,12955.0,947616427.0
2,298.0,835.0,1.0,2022-11-09 11:01:24,2022-11-09 15:04:35,PLINE300,4169377,KLA2925,chowri97,31199/01988,2022-11-09 15:00:00,meas,2022-11-09 16:00:00,12955.0,947616427.0
3,300.0,836.0,3.0,2022-11-16 09:09:34,2022-11-16 11:07:27,PLINE300,4169822,KLA2925,chowri97,31199/01988,2022-11-16 09:00:00,recipe,2022-11-16 11:00:00,12955.0,948922194.0
0,345.0,1254.0,0.0,2022-11-15 14:15:13,2022-11-15 15:56:19,PLINE300,4170976,TEL_TACTRAS3,paolil45,31199/01988,2022-11-15 14:00:00,coupon etch,2022-11-15 16:00:00,14466.0,948682171.0
0,301.0,604.0,0.0,2022-11-03 15:58:31,2022-11-03 17:04:35,PLINE300,4167219,H6300,monter30,31299/31818,2022-11-03 16:00:00,training,2022-11-03 17:00:00,13055.0,946195568.0
0,498.0,397.0,0.0,2022-11-09 11:58:36,2022-11-09 16:19:33,PLINE300,4169799,EXTREME_2,goovae19,31199/01617,2022-11-09 13:00:00,p,2022-11-09 18:00:00,24044.0,947640039.0
0,304.0,572.0,0.0,2022-11-14 08:20:55,2022-11-14 09:45:34,PLINE300,4170190,H6300,newman74,31199/01995,2022-11-14 08:00:00,Tool-to-tool offset,2022-11-14 10:00:00,13055.0,948262047.0
0,308.0,438.0,0.0,2022-11-10 10:08:39,2022-11-10 10:09:50,PLINE300,4169227,F_REX300X_1,sugawa19,31399/01183,2022-11-10 10:00:00,BPR W process,2022-11-10 17:00:00,13186.0,947887947.0
1,309.0,439.0,1.0,2022-11-14 13:12:56,2022-11-14 20:02:49,PLINE300,4170171,F_REX300X_1,sugawa19,31399/01183,2022-11-14 11:00:00,W BPR process,2022-11-14 18:00:00,13186.0,948340433.0
0,484.0,452.0,0.0,2022-11-15 15:10:15,2022-11-15 18:13:12,PLINE300,4170590,F_REX300X_2,nomura57,31399/01183,2022-11-15 14:30:00,Blanket profile check,2022-11-15 18:30:00,22978.0,948701844.0
1,485.0,453.0,1.0,2022-11-17 12:05:03,2022-11-17 15:16:38,PLINE300,4171387,F_REX300X_2,sugawa19,31399/01183,2022-11-17 12:00:00,Cleaning evaluation,2022-11-17 18:00:00,22978.0,949301745.0
0,310.0,120.0,0.0,2022-10-31 09:38:21,2022-10-31 11:18:46,PLINE200,N/a,SAM_AW300,chen70,32299/02107,2022-10-31 10:00:00,AL208143/1,2022-10-31 11:30:00,13589.0,945417921.0
0,311.0,122.0,0.0,2022-11-07 15:30:35,2022-11-07 16:44:11,PLINE200,4168810,SAM_AW300,chen70,38199/01132,2022-11-07 15:30:00,AL210794/3,2022-11-07 17:30:00,13589.0,947079868.0
1,312.0,123.0,1.0,2022-11-10 12:04:47,2022-11-10 13:15:00,PLINE200,4170098,SAM_AW300,chen70,38199/01132,2022-11-10 12:00:00,AL210794/3,2022-11-10 13:00:00,13589.0,947921932.0
0,315.0,1496.0,0.0,2022-11-10 10:16:45,2022-11-10 11:59:48,PLINE300,4169255,XP4_2,popovici,38199/00561,2022-11-10 10:00:00,script recipes,2022-11-10 12:00:00,13686.0,947890048.0
0,364.0,349.0,0.0,2022-10-31 09:08:56,2022-10-31 16:53:54,PLINE300,4166352,ENDURA_5,soulie26,43900/02205,2022-10-31 10:00:00,Development of NbTiN at 420oC,2022-10-31 17:00:00,16067.0,945404017.0
0,369.0,338.0,0.0,2022-11-07 16:36:50,2022-11-07 19:21:55,PLINE300,4168518,ENDURA_5,agiann70,31299/01284,2022-11-07 14:00:00,IGZO,2022-11-07 19:00:00,16067.0,947097987.0
1,371.0,339.0,1.0,2022-11-09 15:04:19,2022-11-09 16:33:04,PLINE300,4169087,ENDURA_5,agiann70,31299/01284,2022-11-09 14:00:00,spinel IGZO,2022-11-09 17:00:00,16067.0,947686043.0
0,377.0,869.0,0.0,2022-10-31 15:46:12,2022-10-31 16:18:48,PLINE300,4167042,LAM_E6,jehoul60,31199/01918,2022-10-31 15:30:00,AE208489,2022-10-31 16:30:00,19200.0,945503814.0
0,429.0,650.0,0.0,2022-11-02 08:57:31,2022-11-02 11:19:59,PLINE300,4167469,H6300_2,goovae19,31199/01918,2022-11-02 09:00:00,p,2022-11-02 11:00:00,20573.0,945773528.0
0,494.0,399.0,0.0,2022-11-02 08:20:29,2022-11-02 11:20:27,PLINE300,N/a,EXTREME_2,goovae19,31199/01918,2022-11-02 09:00:00,p,2022-11-02 12:00:00,24044.0,945767121.0
0,378.0,872.0,0.0,2022-11-02 09:03:40,2022-11-02 09:41:02,PLINE300,4167074,LAM_E6,arvind29,31199/02272,2022-11-02 09:00:00,PMMA coupon etch,2022-11-02 11:00:00,19200.0,945773882.0
1,386.0,873.0,1.0,2022-11-14 09:26:55,2022-11-14 13:11:11,PLINE300,4170051,LAM_E6,arvind29,31199/02272,2022-11-14 09:00:00,PMMA etch,2022-11-14 11:00:00,19200.0,948275302.0
0,379.0,880.0,0.0,2022-11-02 11:56:45,2022-11-02 12:41:05,PLINE300,4167613,LAM_E6,dcosters,38199/01907,2022-11-02 11:30:00,manual endpointing,2022-11-02 13:00:00,19200.0,945828924.0
0,384.0,871.0,0.0,2022-11-04 11:36:21,2022-11-04 13:15:32,PLINE300,4168199,LAM_E6,marneffe,31199/01956,2022-11-04 11:00:00,etch 2 wafers,2022-11-04 13:00:00,19200.0,946418995.0
0,387.0,878.0,0.0,2022-11-15 14:29:37,2022-11-15 15:24:43,PLINE300,4170625,LAM_E6,kadir70,37013/01883,2022-11-15 14:30:00,Blanket test,2022-11-15 15:30:00,19200.0,948689784.0
0,389.0,879.0,0.0,2022-11-16 10:02:21,2022-11-16 11:36:10,PLINE300,4171216,LAM_E6,jamieson,37092/02170,2022-11-16 10:00:00,Passi Etch,2022-11-16 12:00:00,19200.0,948936271.0
0,390.0,881.0,0.0,2022-11-16 11:45:39,2022-11-16 12:17:35,PLINE300,4171102,LAM_E6,puliya38,38199/02252,2022-11-16 11:30:00,development,2022-11-16 12:30:00,19200.0,948971908.0
0,393.0,1202.0,0.0,2022-11-09 15:06:20,2022-11-09 15:10:02,PLINE300,N/a,SP5,sebai,32399/30027,2022-11-09 15:00:00,measurement,2022-11-09 16:00:00,20556.0,947686592.0
0,395.0,1201.0,0.0,2022-11-10 15:29:46,2022-11-10 16:05:47,PLINE300,4169530,SP5,kenis,32005/01711,2022-11-10 15:30:00,check klarf recipe set up,2022-11-10 16:00:00,20556.0,947974533.0
0,468.0,1075.0,0.0,2022-11-02 18:15:51,2022-11-02 19:38:17,PLINE300,4166283,SC3400,kato15,31199/30117,2022-11-02 18:00:00,exp,2022-11-02 20:00:00,20795.0,945935118.0
0,471.0,1223.0,0.0,2022-11-01 10:06:07,2022-11-01 16:40:32,PLINE300,4167252,TEL_LEAGA,muraki29,32005/01675,2022-11-01 10:00:00,SiGe SPC Development,2022-11-01 16:00:00,20891.0,945662482.0
1,472.0,1224.0,1.0,2022-11-02 09:26:22,2022-11-02 10:39:37,PLINE300,4167257,TEL_LEAGA,muraki29,32005/01675,2022-11-02 10:00:00,SiGe SPC Development,2022-11-02 16:00:00,20891.0,945776814.0
2,473.0,1226.0,2.0,2022-11-08 10:39:46,2022-11-08 14:32:54,PLINE300,4169135,TEL_LEAGA,puttar77,32005/01675,2022-11-08 09:00:00,Oxide Hard Mask Etch Back,2022-11-08 15:00:00,20891.0,947298001.0
0,474.0,1035.0,0.0,2022-11-08 09:07:05,2022-11-08 13:16:06,PLINE300,N/a,SC2000,canga29,31199/01391,2022-11-08 09:00:00,emar,2022-11-08 11:00:00,21339.0,947277701.0
0,477.0,93.0,0.0,2022-11-15 09:32:00,2022-11-15 14:22:00,PLINE200,4170505,LASERDEBOND,jslabbe,32099/30197,2022-11-15 09:00:00,micledi,2022-11-15 11:00:00,21486.0,948603689.0
0,478.0,894.0,0.0,2022-11-03 10:34:23,2022-11-03 11:16:59,PLINE300,4167572,LAM_E6_2,ghorba81,31299/02062,2022-11-03 10:00:00,etching,2022-11-03 12:00:00,21501.0,946096380.0
0,479.0,895.0,0.0,2022-11-07 11:29:57,2022-11-07 12:06:25,PLINE300,4168527,LAM_E6_2,chan63,32399/32869,2022-11-07 11:30:00,coupon etch,2022-11-07 13:00:00,21501.0,947024595.0
0,480.0,963.0,0.0,2022-11-09 18:14:23,2022-11-09 19:21:54,PLINE300,4169947,PROVISION2E,janard53,38199/01952,2022-11-09 18:00:00,Devinps,2022-11-09 20:00:00,21934.0,947752678.0
0,486.0,54.0,0.0,2022-11-14 15:33:00,2022-11-14 17:42:35,PLINE200,4170227,CS4800,moelants,37004/01376,2022-11-14 15:30:00,P223984/2,2022-11-14 17:30:00,23002.0,948383776.0
0,487.0,59.0,0.0,2022-11-17 19:56:58,2022-11-17 21:12:06,PLINE200,4170594,CS4800,moelants,97401/01775,2022-11-17 19:00:00,P224185,2022-11-17 21:00:00,23002.0,949424353.0
0,492.0,210.0,0.0,2022-11-10 14:34:34,2022-11-10 17:05:24,PLINE300,4169016,2830ZT,devul,31499/02121,2022-11-10 14:30:00,AE217515,2022-11-10 18:00:00,23988.0,947956969.0
0,507.0,284.0,0.0,2022-11-08 12:42:52,2022-11-08 15:50:32,PLINE300,4168776,DVPRIME_1,dith82,98600/31827,2022-11-08 13:00:00,LF process development,2022-11-08 16:00:00,24493.0,947335949.0
1,509.0,285.0,1.0,2022-11-09 12:49:13,2022-11-09 15:50:31,PLINE300,4168781,DVPRIME_1,dith82,98600/31827,2022-11-09 13:00:00,LF process development,2022-11-09 16:00:00,24493.0,947654703.0
0,495.0,400.0,0.0,2022-11-03 10:27:46,2022-11-03 13:33:17,PLINE300,4167586,EXTREME_2,talmel16,31499/01951,2022-11-03 08:30:00,400C AHM on SiO2,2022-11-03 12:00:00,24044.0,946095101.0
0,504.0,278.0,0.0,2022-10-31 09:36:10,2022-10-31 12:24:49,PLINE300,4166638,DVPRIME_1,dith82,36026/01967,2022-10-31 09:30:00,BS/BVL LF development,2022-10-31 13:30:00,24493.0,945415730.0
1,510.0,279.0,1.0,2022-11-10 09:41:20,2022-11-10 11:51:37,PLINE300,4169932,DVPRIME_1,dith82,36026/01967,2022-11-10 10:00:00,T3 LF process development,2022-11-10 12:00:00,24493.0,947880260.0
2,511.0,280.0,2.0,2022-11-10 12:42:19,2022-11-10 14:46:25,PLINE300,4168787,DVPRIME_1,dith82,36026/01967,2022-11-10 13:00:00,LF process development,2022-11-10 16:00:00,24493.0,947928941.0
0,505.0,281.0,0.0,2022-10-31 13:38:42,2022-10-31 15:54:39,PLINE300,4166787,DVPRIME_1,lai86,37092/02174,2022-10-31 13:30:00,prcoess hold lot with BS APM,2022-10-31 17:00:00,24493.0,945472012.0
1,508.0,282.0,1.0,2022-11-09 08:56:02,2022-11-09 11:58:37,PLINE300,4169373,DVPRIME_1,lai86,37092/02174,2022-11-09 09:00:00,prcoess hold lot with BS APM,2022-11-09 12:00:00,24493.0,947584547.0
0,512.0,276.0,0.0,2022-11-15 13:00:45,2022-11-15 16:35:00,PLINE300,4170824,DVPRIME_1,lai86,32005/02270,2022-11-15 13:00:00,HF/HNO3 WER test,2022-11-15 17:00:00,24493.0,948664045.0
