EVENT_ROW_ID,Datim,State_SC,ToolName,State_TR,State,FACILITY,LithoCluster
929368350,9/1/2022 0:59,DOWN_TEST,SC1000,DOWN,DOWN,PLINE300,1000
929374353,9/1/2022 1:55,DOWN_TEST,TR1000,PARTLY_UP,DOWN,PLINE300,1000
929388488,9/1/2022 3:20,PARTLY_UP,SC1000,PARTLY_UP,DOWN,PLINE300,1000
929430205,9/1/2022 8:20,PARTLY_UP,TR1000,RESERVED,DOWN,PLINE300,1000
929430227,9/1/2022 8:20,RESERVED,SC1000,RESERVED,DOWN,PLINE300,1000
929442508,9/1/2022 9:29,IDLE_ERROR,SC1000,RESERVED,DOWN,PLINE300,1000
929466559,9/1/2022 10:34,PARTLY_UP,SC1000,RESERVED,DOWN,PLINE300,1000
929466993,9/1/2022 10:36,PARTLY_UP,TR1000,PARTLY_UP,DOWN,PLINE300,1000
929520400,9/1/2022 14:11,PARTLY_UP,TR1000,UP,DOWN,PLINE300,1000
929728087,9/2/2022 8:02,RESERVED,SC1000,UP,DOWN,PLINE300,1000
929728137,9/2/2022 8:02,RESERVED,TR1000,RESERVED,DOWN,PLINE300,1000
929756667,9/2/2022 9:59,PARTLY_UP,SC1000,RESERVED,DOWN,PLINE300,1000
929757098,9/2/2022 10:00,PARTLY_UP,TR1000,DOWN_TEST,DOWN,PLINE300,1000
929894738,9/2/2022 17:21,RESERVED,SC1000,DOWN_TEST,DOWN,PLINE300,1000
929939531,9/2/2022 18:44,PARTLY_UP,SC1000,DOWN_TEST,DOWN,PLINE300,1000
929942099,9/2/2022 18:50,PARTLY_UP,TR1000,PARTLY_UP,DOWN,PLINE300,1000
929997632,9/3/2022 0:00,DOWN_TEST,SC1000,PARTLY_UP,DOWN,PLINE300,1000
930027212,9/3/2022 3:35,PARTLY_UP,SC1000,PARTLY_UP,DOWN,PLINE300,1000
930158899,9/3/2022 19:22,DOWN_TEST,SC1000,PARTLY_UP,DOWN,PLINE300,1000
930175896,9/3/2022 22:06,PARTLY_UP,SC1000,PARTLY_UP,DOWN,PLINE300,1000
930227811,9/4/2022 8:01,PARTLY_UP,TR1000,RESERVED,DOWN,PLINE300,1000
930242265,9/4/2022 9:49,PARTLY_UP,TR1000,PARTLY_UP,DOWN,PLINE300,1000
930670156,9/6/2022 8:20,RESERVED,SC1000,PARTLY_UP,DOWN,PLINE300,1000
930670168,9/6/2022 8:20,RESERVED,TR1000,RESERVED,DOWN,PLINE300,1000
930684424,9/6/2022 9:39,PARTLY_UP,SC1000,RESERVED,DOWN,PLINE300,1000
930684538,9/6/2022 9:40,PARTLY_UP,TR1000,PARTLY_UP,DOWN,PLINE300,1000
930889949,9/6/2022 22:05,DOWN_TEST,SC1000,PARTLY_UP,DOWN,PLINE300,1000
930927628,9/7/2022 2:22,PARTLY_UP,SC1000,PARTLY_UP,DOWN,PLINE300,1000
930981486,9/7/2022 8:59,RESERVED,SC1000,PARTLY_UP,DOWN,PLINE300,1000
931000529,9/7/2022 10:04,PARTLY_UP,SC1000,PARTLY_UP,DOWN,PLINE300,1000
931004610,9/7/2022 10:20,RESERVED,SC1000,PARTLY_UP,DOWN,PLINE300,1000
931083791,9/7/2022 15:00,RESERVED,TR1000,DOWN_TEST,DOWN,PLINE300,1000
931107858,9/7/2022 16:26,UP,SC1000,DOWN_TEST,DOWN,PLINE300,1000
931185136,9/7/2022 22:06,UP,TR1000,PARTLY_UP,DOWN,PLINE300,1000
931267797,9/8/2022 8:18,RESERVED,SC1000,PARTLY_UP,DOWN,PLINE300,1000
931267937,9/8/2022 8:19,RESERVED,TR1000,RESERVED,DOWN,PLINE300,1000
931287648,9/8/2022 9:53,UP,SC1000,RESERVED,DOWN,PLINE300,1000
931287654,9/8/2022 9:53,UP,TR1000,PARTLY_UP,DOWN,PLINE300,1000
931513794,9/8/2022 23:22,DOWN_TEST,SC1000,PARTLY_UP,DOWN,PLINE300,1000
931530267,9/9/2022 1:50,UP,SC1000,PARTLY_UP,DOWN,PLINE300,1000
931580426,9/9/2022 8:05,UP,TR1000,DOWN_TEST,DOWN,PLINE300,1000
931592361,9/9/2022 9:28,UP,TR1000,UP,UP,PLINE300,1000
931864338,9/10/2022 5:04,DOWN_TEST,SC1000,UP,DOWN,PLINE300,1000
931868226,9/10/2022 5:31,UP,SC1000,UP,UP,PLINE300,1000
931954366,9/10/2022 14:06,RESERVED,SC1000,UP,DOWN,PLINE300,1000
931980246,9/10/2022 16:57,UP,SC1000,UP,UP,PLINE300,1000
932479709,9/13/2022 0:00,DOWN_TEST,SC1000,UP,DOWN,PLINE300,1000
932506234,9/13/2022 3:15,UP,SC1000,UP,UP,PLINE300,1000
932554915,9/13/2022 8:16,RESERVED,SC1000,UP,DOWN,PLINE300,1000
932554979,9/13/2022 8:16,RESERVED,TR1000,RESERVED,DOWN,PLINE300,1000
932567407,9/13/2022 9:28,UP,SC1000,RESERVED,DOWN,PLINE300,1000
932567418,9/13/2022 9:28,UP,TR1000,UP,UP,PLINE300,1000
932572711,9/13/2022 9:55,RESERVED,SC1000,UP,DOWN,PLINE300,1000
932572726,9/13/2022 9:55,RESERVED,TR1000,RESERVED,DOWN,PLINE300,1000
932605666,9/13/2022 12:09,RESERVED,TR1000,UP,DOWN,PLINE300,1000
932605702,9/13/2022 12:10,UP,SC1000,UP,UP,PLINE300,1000
932781794,9/13/2022 23:25,DOWN_TEST,SC1000,UP,DOWN,PLINE300,1000
932788573,9/14/2022 0:08,UP,SC1000,UP,UP,PLINE300,1000
932860127,9/14/2022 8:09,RESERVED,SC1000,UP,DOWN,PLINE300,1000
932860132,9/14/2022 8:09,RESERVED,TR1000,RESERVED,DOWN,PLINE300,1000
932919358,9/14/2022 12:06,UP,SC1000,RESERVED,DOWN,PLINE300,1000
932919553,9/14/2022 12:07,UP,TR1000,PARTLY_UP,DOWN,PLINE300,1000
932931769,9/14/2022 13:00,UP,TR1000,DOWN_TEST,DOWN,PLINE300,1000
932936093,9/14/2022 13:25,UP,TR1000,PARTLY_UP,DOWN,PLINE300,1000
932946976,9/14/2022 14:01,RESERVED,SC1000,PARTLY_UP,DOWN,PLINE300,1000
932958261,9/14/2022 14:53,UP,SC1000,PARTLY_UP,DOWN,PLINE300,1000
933016076,9/14/2022 17:55,DOWN_TEST,SC1000,PARTLY_UP,DOWN,PLINE300,1000
933031156,9/14/2022 19:36,DOWN_TEST,TR1000,DOWN_TEST,DOWN,PLINE300,1000
933042561,9/14/2022 21:17,PARTLY_UP,SC1000,DOWN_TEST,DOWN,PLINE300,1000
933042623,9/14/2022 21:18,PARTLY_UP,TR1000,PARTLY_UP,DOWN,PLINE300,1000
933135669,9/15/2022 8:03,PARTLY_UP,TR1000,RESERVED,DOWN,PLINE300,1000
933135674,9/15/2022 8:03,RESERVED,SC1000,RESERVED,DOWN,PLINE300,1000
933153219,9/15/2022 10:01,UP,SC1000,RESERVED,DOWN,PLINE300,1000
933153226,9/15/2022 10:01,UP,TR1000,PARTLY_UP,DOWN,PLINE300,1000
933333673,9/15/2022 22:52,DOWN_TEST,SC1000,PARTLY_UP,DOWN,PLINE300,1000
933350035,9/16/2022 0:06,UP,SC1000,PARTLY_UP,DOWN,PLINE300,1000
933654102,9/17/2022 1:22,DOWN_TEST,SC1000,PARTLY_UP,DOWN,PLINE300,1000
933658111,9/17/2022 1:57,UP,SC1000,PARTLY_UP,DOWN,PLINE300,1000
933704723,9/17/2022 8:09,RESERVED,SC1000,PARTLY_UP,DOWN,PLINE300,1000
933715093,9/17/2022 9:51,UP,SC1000,PARTLY_UP,DOWN,PLINE300,1000
933802335,9/17/2022 19:14,DOWN_TEST,SC1000,PARTLY_UP,DOWN,PLINE300,1000
933830713,9/17/2022 23:27,UP,SC1000,PARTLY_UP,DOWN,PLINE300,1000
933830726,9/17/2022 23:27,UP,TR1000,UP,UP,PLINE300,1000
933955907,9/18/2022 19:10,DOWN_TEST,SC1000,UP,DOWN,PLINE300,1000
933975899,9/18/2022 22:19,UP,SC1000,UP,UP,PLINE300,1000
934134638,9/19/2022 15:12,UP,TR1000,RESERVED,DOWN,PLINE300,1000
934134851,9/19/2022 15:12,RESERVED,SC1000,RESERVED,DOWN,PLINE300,1000
934140215,9/19/2022 15:26,RESERVED,TR1000,PARTLY_UP,DOWN,PLINE300,1000
934160760,9/19/2022 16:44,RESERVED,TR1000,RESERVED,DOWN,PLINE300,1000
934171069,9/19/2022 17:20,RESERVED,TR1000,PARTLY_UP,DOWN,PLINE300,1000
934171168,9/19/2022 17:21,UP,SC1000,PARTLY_UP,DOWN,PLINE300,1000
934315521,9/20/2022 0:00,DOWN_TEST,SC1000,PARTLY_UP,DOWN,PLINE300,1000
934317534,9/20/2022 0:16,PARTLY_UP,SC1000,PARTLY_UP,DOWN,PLINE300,1000
934325430,9/20/2022 1:31,UP,SC1000,PARTLY_UP,DOWN,PLINE300,1000
934375202,9/20/2022 8:22,UP,TR1000,RESERVED,DOWN,PLINE300,1000
934375355,9/20/2022 8:22,RESERVED,SC1000,RESERVED,DOWN,PLINE300,1000
934426544,9/20/2022 11:48,UP,SC1000,RESERVED,DOWN,PLINE300,1000
934429138,9/20/2022 11:56,UP,TR1000,PARTLY_UP,DOWN,PLINE300,1000
934520831,9/20/2022 17:43,UP,TR1000,RESERVED,DOWN,PLINE300,1000
934520887,9/20/2022 17:43,RESERVED,SC1000,RESERVED,DOWN,PLINE300,1000
934554982,9/20/2022 19:00,UP,SC1000,RESERVED,DOWN,PLINE300,1000
934554999,9/20/2022 19:00,UP,TR1000,PARTLY_UP,DOWN,PLINE300,1000
934572761,9/20/2022 20:39,UP,TR1000,DOWN_TEST,DOWN,PLINE300,1000
934594287,9/20/2022 22:31,UP,TR1000,UP,UP,PLINE300,1000
934607555,9/21/2022 0:00,DOWN_TEST,SC1000,UP,DOWN,PLINE300,1000
934609278,9/21/2022 0:18,PARTLY_UP,SC1000,UP,DOWN,PLINE300,1000
934671153,9/21/2022 8:06,RESERVED,SC1000,UP,DOWN,PLINE300,1000
934671163,9/21/2022 8:06,RESERVED,TR1000,RESERVED,DOWN,PLINE300,1000
934715269,9/21/2022 11:29,IDLE_ERROR,SC1000,RESERVED,DOWN,PLINE300,1000
934715396,9/21/2022 11:29,IDLE_ERROR,TR1000,IDLE_ERROR,DOWN,PLINE300,1000
934724717,9/21/2022 12:26,PARTLY_UP,SC1000,IDLE_ERROR,DOWN,PLINE300,1000
934727358,9/21/2022 12:39,PARTLY_UP,TR1000,UP,DOWN,PLINE300,1000
934882496,9/21/2022 21:57,DOWN_TEST,SC1000,UP,DOWN,PLINE300,1000
934914180,9/22/2022 1:32,UP,SC1000,UP,UP,PLINE300,1000
935280794,9/23/2022 8:10,RESERVED,SC1000,UP,DOWN,PLINE300,1000
935280818,9/23/2022 8:11,RESERVED,TR1000,RESERVED,DOWN,PLINE300,1000
935297947,9/23/2022 9:41,RESERVED,TR1000,UP,DOWN,PLINE300,1000
935297968,9/23/2022 9:41,UP,SC1000,UP,UP,PLINE300,1000
935389399,9/23/2022 14:14,RESERVED,SC1000,UP,DOWN,PLINE300,1000
935425253,9/23/2022 16:12,UP,SC1000,UP,UP,PLINE300,1000
935488890,9/23/2022 19:58,UP,TR1000,IDLE_ERROR,DOWN,PLINE300,1000
935492387,9/23/2022 20:20,UP,TR1000,UP,UP,PLINE300,1000
935536832,9/24/2022 0:00,DOWN_TEST,SC1000,UP,DOWN,PLINE300,1000
935538533,9/24/2022 0:23,UP,SC1000,UP,UP,PLINE300,1000
935769920,9/25/2022 4:45,DOWN_TEST,SC1000,UP,DOWN,PLINE300,1000
935774989,9/25/2022 5:23,UP,SC1000,UP,UP,PLINE300,1000
935953129,9/26/2022 8:00,UP,TR1000,RESERVED,DOWN,PLINE300,1000
935964423,9/26/2022 9:05,UP,TR1000,UP,UP,PLINE300,1000
936363454,9/27/2022 8:03,RESERVED,SC1000,UP,DOWN,PLINE300,1000
936363498,9/27/2022 8:03,RESERVED,TR1000,RESERVED,DOWN,PLINE300,1000
936386324,9/27/2022 9:58,UP,SC1000,RESERVED,DOWN,PLINE300,1000
936386356,9/27/2022 9:58,UP,TR1000,UP,UP,PLINE300,1000
936640684,9/28/2022 0:00,DOWN_TEST,SC1000,UP,DOWN,PLINE300,1000
936687558,9/28/2022 6:06,UP,SC1000,UP,UP,PLINE300,1000
936708347,9/28/2022 8:06,UP,TR1000,RESERVED,DOWN,PLINE300,1000
936708354,9/28/2022 8:06,RESERVED,SC1000,RESERVED,DOWN,PLINE300,1000
936717282,9/28/2022 9:23,UP,SC1000,RESERVED,DOWN,PLINE300,1000
936717342,9/28/2022 9:24,UP,TR1000,PARTLY_UP,DOWN,PLINE300,1000
936725175,9/28/2022 10:00,UP,TR1000,DOWN_TEST,DOWN,PLINE300,1000
936793473,9/28/2022 13:59,RESERVED,SC1000,DOWN_TEST,DOWN,PLINE300,1000
936797449,9/28/2022 14:16,RESERVED,TR1000,PARTLY_UP,DOWN,PLINE300,1000
936812317,9/28/2022 15:00,RESERVED,TR1000,DOWN_TEST,DOWN,PLINE300,1000
936831390,9/28/2022 16:05,RESERVED,TR1000,PARTLY_UP,DOWN,PLINE300,1000
936854427,9/28/2022 17:38,UP,SC1000,PARTLY_UP,DOWN,PLINE300,1000
936936522,9/29/2022 0:00,DOWN_TEST,SC1000,PARTLY_UP,DOWN,PLINE300,1000
936993745,9/29/2022 7:01,UP,SC1000,PARTLY_UP,DOWN,PLINE300,1000
937005080,9/29/2022 8:06,RESERVED,SC1000,PARTLY_UP,DOWN,PLINE300,1000
937005091,9/29/2022 8:07,RESERVED,TR1000,RESERVED,DOWN,PLINE300,1000
937141791,9/29/2022 15:47,UP,SC1000,RESERVED,DOWN,PLINE300,1000
937141939,9/29/2022 15:47,UP,TR1000,PARTLY_UP,DOWN,PLINE300,1000
937329441,9/30/2022 8:07,UP,TR1000,RESERVED,DOWN,PLINE300,1000
937329468,9/30/2022 8:07,RESERVED,SC1000,RESERVED,DOWN,PLINE300,1000
937343696,9/30/2022 9:50,UP,SC1000,RESERVED,DOWN,PLINE300,1000
937344262,9/30/2022 9:51,UP,TR1000,PARTLY_UP,DOWN,PLINE300,1000
937369589,9/30/2022 11:16,UP,TR1000,IN_MAINT,DOWN,PLINE300,1000
937373562,9/30/2022 11:31,UP,TR1000,PARTLY_UP,DOWN,PLINE300,1000
937572860,9/30/2022 22:32,DOWN_TEST,SC1000,PARTLY_UP,DOWN,PLINE300,1000
937616444,10/1/2022 3:07,UP,SC1000,PARTLY_UP,DOWN,PLINE300,1000
937662517,10/1/2022 8:11,RESERVED,SC1000,PARTLY_UP,DOWN,PLINE300,1000
937674737,10/1/2022 9:40,UP,SC1000,PARTLY_UP,DOWN,PLINE300,1000
937831487,10/2/2022 8:02,RESERVED,SC1000,PARTLY_UP,DOWN,PLINE300,1000
937854063,10/2/2022 9:59,UP,SC1000,PARTLY_UP,DOWN,PLINE300,1000
937920691,10/2/2022 19:17,DOWN_TEST,SC1000,PARTLY_UP,DOWN,PLINE300,1000
937933638,10/2/2022 21:49,UP,SC1000,PARTLY_UP,DOWN,PLINE300,1000
937980575,10/3/2022 8:20,UP,TR1000,RESERVED,DOWN,PLINE300,1000
937980585,10/3/2022 8:21,RESERVED,SC1000,RESERVED,DOWN,PLINE300,1000
937985578,10/3/2022 9:21,UP,SC1000,RESERVED,DOWN,PLINE300,1000
937985591,10/3/2022 9:21,UP,TR1000,PARTLY_UP,DOWN,PLINE300,1000
938238485,10/4/2022 4:59,DOWN_TEST,SC1000,PARTLY_UP,DOWN,PLINE300,1000
938240660,10/4/2022 5:24,UP,SC1000,PARTLY_UP,DOWN,PLINE300,1000
938263074,10/4/2022 7:59,IN_MAINT,SC1000,PARTLY_UP,DOWN,PLINE300,1000
938263099,10/4/2022 7:59,IN_MAINT,TR1000,IN_MAINT,DOWN,PLINE300,1000
938870364,10/6/2022 11:10,IN_MAINT,TR1000,UP,DOWN,PLINE300,1000
939112254,10/7/2022 8:51,IN_MAINT,TR1000,IN_MAINT,DOWN,PLINE300,1000
939391857,10/8/2022 7:14,PARTLY_UP,SC1000,IN_MAINT,DOWN,PLINE300,1000
939392049,10/8/2022 7:15,PARTLY_UP,TR1000,PARTLY_UP,DOWN,PLINE300,1000
939459091,10/8/2022 14:02,PARTLY_UP,TR1000,RESERVED,DOWN,PLINE300,1000
939475459,10/8/2022 15:56,PARTLY_UP,TR1000,PARTLY_UP,DOWN,PLINE300,1000
939554346,10/9/2022 0:00,DOWN_TEST,SC1000,PARTLY_UP,DOWN,PLINE300,1000
939596732,10/9/2022 8:44,DOWN_TEST,TR1000,DOWN_TEST,DOWN,PLINE300,1000
939711127,10/10/2022 0:23,IDLE_ERROR,SC1000,DOWN_TEST,DOWN,PLINE300,1000
939718050,10/10/2022 1:32,PARTLY_UP,SC1000,DOWN_TEST,DOWN,PLINE300,1000
939755397,10/10/2022 8:28,PARTLY_UP,TR1000,RESERVED,DOWN,PLINE300,1000
939755505,10/10/2022 8:29,RESERVED,SC1000,RESERVED,DOWN,PLINE300,1000
939759899,10/10/2022 9:13,RESERVED,TR1000,DOWN_TEST,DOWN,PLINE300,1000
939780649,10/10/2022 10:48,PARTLY_UP,SC1000,DOWN_TEST,DOWN,PLINE300,1000
939807343,10/10/2022 12:13,PARTLY_UP,TR1000,UP,DOWN,PLINE300,1000
939823709,10/10/2022 13:50,RESERVED,SC1000,UP,DOWN,PLINE300,1000
939979949,10/10/2022 22:59,PARTLY_UP,SC1000,UP,DOWN,PLINE300,1000
939986588,10/10/2022 23:43,PARTLY_UP,TR1000,DOWN_TEST,DOWN,PLINE300,1000
939987908,10/10/2022 23:59,PARTLY_UP,TR1000,UP,DOWN,PLINE300,1000
939989136,10/11/2022 0:14,DOWN_TEST,SC1000,UP,DOWN,PLINE300,1000
940020834,10/11/2022 3:07,UP,SC1000,UP,UP,PLINE300,1000
940068786,10/11/2022 8:01,RESERVED,SC1000,UP,DOWN,PLINE300,1000
940068822,10/11/2022 8:01,RESERVED,TR1000,RESERVED,DOWN,PLINE300,1000
940104146,10/11/2022 11:04,UP,SC1000,RESERVED,DOWN,PLINE300,1000
940104164,10/11/2022 11:04,UP,TR1000,UP,UP,PLINE300,1000
940144663,10/11/2022 13:52,RESERVED,SC1000,UP,DOWN,PLINE300,1000
940237516,10/11/2022 18:15,RESERVED,TR1000,IN_MAINT,DOWN,PLINE300,1000
940258874,10/11/2022 20:16,UP,SC1000,IN_MAINT,DOWN,PLINE300,1000
940259313,10/11/2022 20:19,UP,TR1000,PARTLY_UP,DOWN,PLINE300,1000
940294106,10/11/2022 23:06,UP,TR1000,UP,UP,PLINE300,1000
940371243,10/12/2022 8:00,RESERVED,SC1000,UP,DOWN,PLINE300,1000
940371314,10/12/2022 8:01,RESERVED,TR1000,RESERVED,DOWN,PLINE300,1000
940393009,10/12/2022 9:50,UP,SC1000,RESERVED,DOWN,PLINE300,1000
940393059,10/12/2022 9:50,UP,TR1000,UP,UP,PLINE300,1000
940551006,10/12/2022 19:17,UP,TR1000,IDLE_ERROR,DOWN,PLINE300,1000
940553417,10/12/2022 19:37,UP,TR1000,UP,UP,PLINE300,1000
940683400,10/13/2022 8:00,RESERVED,SC1000,UP,DOWN,PLINE300,1000
940683450,10/13/2022 8:00,RESERVED,TR1000,RESERVED,DOWN,PLINE300,1000
940696369,10/13/2022 9:34,RESERVED,TR1000,UP,DOWN,PLINE300,1000
940696401,10/13/2022 9:35,UP,SC1000,UP,UP,PLINE300,1000
940946207,10/14/2022 1:49,DOWN_TEST,SC1000,UP,DOWN,PLINE300,1000
940966014,10/14/2022 3:53,UP,SC1000,UP,UP,PLINE300,1000
941254799,10/14/2022 23:54,IDLE_ERROR,SC1000,UP,DOWN,PLINE300,1000
941292829,10/15/2022 4:53,UP,SC1000,UP,UP,PLINE300,1000
941324522,10/15/2022 9:25,RESERVED,SC1000,UP,DOWN,PLINE300,1000
941336698,10/15/2022 11:27,RESERVED,TR1000,PARTLY_UP,DOWN,PLINE300,1000
941337698,10/15/2022 11:35,UP,SC1000,PARTLY_UP,DOWN,PLINE300,1000
941555050,10/16/2022 19:13,DOWN_TEST,SC1000,PARTLY_UP,DOWN,PLINE300,1000
941571911,10/16/2022 23:04,UP,SC1000,PARTLY_UP,DOWN,PLINE300,1000
941585353,10/17/2022 3:03,IDLE_ERROR,SC1000,PARTLY_UP,DOWN,PLINE300,1000
941610931,10/17/2022 9:18,UP,SC1000,PARTLY_UP,DOWN,PLINE300,1000
941865205,10/18/2022 3:09,UP,TR1000,UP,UP,PLINE300,1000
941876654,10/18/2022 5:58,IDLE_ERROR,SC1000,UP,DOWN,PLINE300,1000
941901183,10/18/2022 8:50,UP,SC1000,UP,UP,PLINE300,1000
941984442,10/18/2022 13:45,RESERVED,SC1000,UP,DOWN,PLINE300,1000
941984490,10/18/2022 13:45,RESERVED,TR1000,RESERVED,DOWN,PLINE300,1000
942016123,10/18/2022 15:22,UP,SC1000,RESERVED,DOWN,PLINE300,1000
942016171,10/18/2022 15:23,UP,TR1000,UP,UP,PLINE300,1000
942136408,10/18/2022 22:49,DOWN_TEST,SC1000,UP,DOWN,PLINE300,1000
942162377,10/19/2022 1:47,UP,SC1000,UP,UP,PLINE300,1000
942215099,10/19/2022 7:58,RESERVED,SC1000,UP,DOWN,PLINE300,1000
942215112,10/19/2022 7:58,RESERVED,TR1000,RESERVED,DOWN,PLINE300,1000
942242652,10/19/2022 10:15,UP,SC1000,RESERVED,DOWN,PLINE300,1000
942243831,10/19/2022 10:19,UP,TR1000,PARTLY_UP,DOWN,PLINE300,1000
942258422,10/19/2022 11:00,UP,TR1000,DOWN_TEST,DOWN,PLINE300,1000
942344126,10/19/2022 17:01,UP,TR1000,RESERVED,DOWN,PLINE300,1000
942344140,10/19/2022 17:01,RESERVED,SC1000,RESERVED,DOWN,PLINE300,1000
942384654,10/19/2022 19:03,RESERVED,TR1000,PARTLY_UP,DOWN,PLINE300,1000
942384724,10/19/2022 19:03,UP,SC1000,PARTLY_UP,DOWN,PLINE300,1000
942410586,10/19/2022 21:18,UP,TR1000,UP,UP,PLINE300,1000
942630431,10/20/2022 16:02,UP,TR1000,RESERVED,DOWN,PLINE300,1000
942630457,10/20/2022 16:02,RESERVED,SC1000,RESERVED,DOWN,PLINE300,1000
942651528,10/20/2022 17:37,RESERVED,TR1000,UP,DOWN,PLINE300,1000
942651534,10/20/2022 17:37,UP,SC1000,UP,UP,PLINE300,1000
942707035,10/20/2022 20:09,IDLE_ERROR,SC1000,UP,DOWN,PLINE300,1000
942714091,10/20/2022 20:58,UP,SC1000,UP,UP,PLINE300,1000
942812253,10/21/2022 7:59,RESERVED,SC1000,UP,DOWN,PLINE300,1000
942812272,10/21/2022 7:59,RESERVED,TR1000,RESERVED,DOWN,PLINE300,1000
942836477,10/21/2022 9:46,RESERVED,TR1000,UP,DOWN,PLINE300,1000
942836524,10/21/2022 9:46,UP,SC1000,UP,UP,PLINE300,1000
942917034,10/21/2022 14:28,RESERVED,SC1000,UP,DOWN,PLINE300,1000
942917478,10/21/2022 14:28,RESERVED,TR1000,RESERVED,DOWN,PLINE300,1000
942980550,10/21/2022 17:30,RESERVED,TR1000,UP,DOWN,PLINE300,1000
942980566,10/21/2022 17:31,UP,SC1000,UP,UP,PLINE300,1000
943031610,10/21/2022 19:22,IDLE_ERROR,SC1000,UP,DOWN,PLINE300,1000
943044860,10/21/2022 20:06,UP,SC1000,UP,UP,PLINE300,1000
943286111,10/23/2022 0:00,DOWN_TEST,SC1000,UP,DOWN,PLINE300,1000
943295033,10/23/2022 1:56,PARTLY_UP,SC1000,UP,DOWN,PLINE300,1000
943311312,10/23/2022 6:58,UP,SC1000,UP,UP,PLINE300,1000
943323688,10/23/2022 8:19,RESERVED,SC1000,UP,DOWN,PLINE300,1000
943334534,10/23/2022 9:55,UP,SC1000,UP,UP,PLINE300,1000
943377337,10/23/2022 17:37,UP,TR1000,PARTLY_UP,DOWN,PLINE300,1000
943473549,10/24/2022 9:40,IN_MAINT,SC1000,PARTLY_UP,DOWN,PLINE300,1000
943693414,10/24/2022 20:55,IN_MAINT,TR1000,UP,DOWN,PLINE300,1000
943967684,10/25/2022 18:53,UP,SC1000,UP,UP,PLINE300,1000
944122051,10/26/2022 9:00,UP,TR1000,DOWN_TEST,DOWN,PLINE300,1000
944194772,10/26/2022 14:26,UP,TR1000,PARTLY_UP,DOWN,PLINE300,1000
944333969,10/27/2022 0:00,DOWN_TEST,SC1000,PARTLY_UP,DOWN,PLINE300,1000
944501676,10/27/2022 14:31,PARTLY_UP,SC1000,PARTLY_UP,DOWN,PLINE300,1000
944545088,10/27/2022 17:03,RESERVED,SC1000,PARTLY_UP,DOWN,PLINE300,1000
944545154,10/27/2022 17:03,RESERVED,TR1000,RESERVED,DOWN,PLINE300,1000
944589176,10/27/2022 18:15,RESERVED,TR1000,PARTLY_UP,DOWN,PLINE300,1000
944589193,10/27/2022 18:15,PARTLY_UP,SC1000,PARTLY_UP,DOWN,PLINE300,1000
944663831,10/28/2022 0:00,DOWN_TEST,SC1000,PARTLY_UP,DOWN,PLINE300,1000
944725682,10/28/2022 6:03,UP,SC1000,PARTLY_UP,DOWN,PLINE300,1000
944735430,10/28/2022 7:13,IDLE_ERROR,SC1000,PARTLY_UP,DOWN,PLINE300,1000
944742269,10/28/2022 7:58,UP,SC1000,PARTLY_UP,DOWN,PLINE300,1000
944783507,10/28/2022 11:02,UP,TR1000,IN_REPAIR,DOWN,PLINE300,1000
944809261,10/28/2022 12:05,UP,TR1000,PARTLY_UP,DOWN,PLINE300,1000
945066913,10/29/2022 7:57,RESERVED,SC1000,PARTLY_UP,DOWN,PLINE300,1000
945082405,10/29/2022 9:40,UP,SC1000,PARTLY_UP,DOWN,PLINE300,1000
945161080,10/29/2022 19:02,DOWN_TEST,SC1000,PARTLY_UP,DOWN,PLINE300,1000
945181902,10/29/2022 22:19,UP,SC1000,PARTLY_UP,DOWN,PLINE300,1000
945225507,10/30/2022 8:07,RESERVED,SC1000,PARTLY_UP,DOWN,PLINE300,1000
945239452,10/30/2022 9:54,UP,SC1000,PARTLY_UP,DOWN,PLINE300,1000
945332336,10/30/2022 19:30,DOWN_TEST,SC1000,PARTLY_UP,DOWN,PLINE300,1000
945345227,10/30/2022 22:34,UP,SC1000,PARTLY_UP,DOWN,PLINE300,1000
945515577,10/31/2022 16:48,RESERVED,SC1000,PARTLY_UP,DOWN,PLINE300,1000
945515609,10/31/2022 16:49,RESERVED,TR1000,RESERVED,DOWN,PLINE300,1000
945540613,10/31/2022 18:03,UP,SC1000,RESERVED,DOWN,PLINE300,1000
945540628,10/31/2022 18:03,UP,TR1000,PARTLY_UP,DOWN,PLINE300,1000
945627780,11/1/2022 0:00,DOWN_TEST,SC1000,PARTLY_UP,DOWN,PLINE300,1000
945632270,11/1/2022 1:12,UP,SC1000,PARTLY_UP,DOWN,PLINE300,1000
945638883,11/1/2022 1:52,UP,TR1000,DOWN_TEST,DOWN,PLINE300,1000
945643029,11/1/2022 2:21,UP,TR1000,PARTLY_UP,DOWN,PLINE300,1000
945662499,11/1/2022 10:14,RESERVED,SC1000,PARTLY_UP,DOWN,PLINE300,1000
945664324,11/1/2022 12:01,UP,SC1000,PARTLY_UP,DOWN,PLINE300,1000
945750842,11/2/2022 6:28,UP,TR1000,DOWN_TEST,DOWN,PLINE300,1000
945764909,11/2/2022 7:58,UP,TR1000,RESERVED,DOWN,PLINE300,1000
945764921,11/2/2022 7:58,RESERVED,SC1000,RESERVED,DOWN,PLINE300,1000
945784497,11/2/2022 9:54,UP,SC1000,RESERVED,DOWN,PLINE300,1000
945787853,11/2/2022 10:07,UP,TR1000,PARTLY_UP,DOWN,PLINE300,1000
945793314,11/2/2022 10:22,UP,TR1000,UP,UP,PLINE300,1000
945874745,11/2/2022 15:00,UP,TR1000,DOWN_TEST,DOWN,PLINE300,1000
945932507,11/2/2022 18:07,UP,TR1000,UP,UP,PLINE300,1000
945997579,11/3/2022 0:22,RESERVED,SC1000,UP,DOWN,PLINE300,1000
946006937,11/3/2022 2:02,UP,SC1000,UP,UP,PLINE300,1000
946037527,11/3/2022 5:34,DOWN_TEST,SC1000,UP,DOWN,PLINE300,1000
946043738,11/3/2022 6:04,UP,SC1000,UP,UP,PLINE300,1000
946059834,11/3/2022 8:02,UP,TR1000,RESERVED,DOWN,PLINE300,1000
946060023,11/3/2022 8:04,RESERVED,SC1000,RESERVED,DOWN,PLINE300,1000
946083073,11/3/2022 9:49,UP,SC1000,RESERVED,DOWN,PLINE300,1000
946083283,11/3/2022 9:49,UP,TR1000,UP,UP,PLINE300,1000
946378483,11/4/2022 8:14,UP,TR1000,RESERVED,DOWN,PLINE300,1000
946378500,11/4/2022 8:14,RESERVED,SC1000,RESERVED,DOWN,PLINE300,1000
946395185,11/4/2022 9:54,RESERVED,TR1000,UP,DOWN,PLINE300,1000
946395224,11/4/2022 9:54,UP,SC1000,UP,UP,PLINE300,1000
946601695,11/5/2022 0:00,DOWN_TEST,SC1000,UP,DOWN,PLINE300,1000
946607652,11/5/2022 0:26,DOWN_TEST,TR1000,PARTLY_UP,DOWN,PLINE300,1000
946649792,11/5/2022 7:34,UP,SC1000,PARTLY_UP,DOWN,PLINE300,1000
946837884,11/6/2022 8:55,RESERVED,SC1000,PARTLY_UP,DOWN,PLINE300,1000
946849880,11/6/2022 10:57,UP,SC1000,PARTLY_UP,DOWN,PLINE300,1000
946864047,11/6/2022 13:00,UP,TR1000,RESERVED,DOWN,PLINE300,1000
946870857,11/6/2022 14:33,UP,TR1000,PARTLY_UP,DOWN,PLINE300,1000
946947374,11/7/2022 0:00,DOWN_TEST,SC1000,PARTLY_UP,DOWN,PLINE300,1000
946985701,11/7/2022 8:21,RESERVED,SC1000,PARTLY_UP,DOWN,PLINE300,1000
946985706,11/7/2022 8:21,RESERVED,TR1000,RESERVED,DOWN,PLINE300,1000
947002936,11/7/2022 10:08,PARTLY_UP,SC1000,RESERVED,DOWN,PLINE300,1000
947003170,11/7/2022 10:08,PARTLY_UP,TR1000,UP,DOWN,PLINE300,1000
947039936,11/7/2022 13:00,PARTLY_UP,TR1000,IN_MAINT,DOWN,PLINE300,1000
947060445,11/7/2022 14:15,PARTLY_UP,TR1000,UP,DOWN,PLINE300,1000
947205592,11/7/2022 23:21,DOWN_TEST,SC1000,UP,DOWN,PLINE300,1000
947222450,11/8/2022 1:55,UP,SC1000,UP,UP,PLINE300,1000
947272512,11/8/2022 8:11,UP,TR1000,RESERVED,DOWN,PLINE300,1000
947272558,11/8/2022 8:12,RESERVED,SC1000,RESERVED,DOWN,PLINE300,1000
947274094,11/8/2022 8:28,UP,SC1000,RESERVED,DOWN,PLINE300,1000
947274099,11/8/2022 8:29,UP,TR1000,UP,UP,PLINE300,1000
947511613,11/9/2022 0:00,DOWN_TEST,SC1000,UP,DOWN,PLINE300,1000
947512434,11/9/2022 0:11,UP,SC1000,UP,UP,PLINE300,1000
947546694,11/9/2022 5:45,UP,TR1000,IN_MAINT,DOWN,PLINE300,1000
947574594,11/9/2022 8:13,RESERVED,SC1000,IN_MAINT,DOWN,PLINE300,1000
947580191,11/9/2022 8:41,RESERVED,TR1000,PARTLY_UP,DOWN,PLINE300,1000
947584930,11/9/2022 9:00,RESERVED,TR1000,DOWN_TEST,DOWN,PLINE300,1000
947637453,11/9/2022 11:51,UP,SC1000,DOWN_TEST,DOWN,PLINE300,1000
947721504,11/9/2022 16:51,RESERVED,SC1000,DOWN_TEST,DOWN,PLINE300,1000
947757397,11/9/2022 18:28,UP,SC1000,DOWN_TEST,DOWN,PLINE300,1000
947799106,11/9/2022 22:59,UP,TR1000,PARTLY_UP,DOWN,PLINE300,1000
947841402,11/10/2022 5:02,UP,TR1000,DOWN_TEST,DOWN,PLINE300,1000
947862469,11/10/2022 7:46,UP,TR1000,UP,UP,PLINE300,1000
947864881,11/10/2022 7:58,UP,TR1000,RESERVED,DOWN,PLINE300,1000
947864902,11/10/2022 7:58,RESERVED,SC1000,RESERVED,DOWN,PLINE300,1000
947891853,11/10/2022 10:25,UP,SC1000,RESERVED,DOWN,PLINE300,1000
947892345,11/10/2022 10:27,UP,TR1000,PARTLY_UP,DOWN,PLINE300,1000
948004698,11/10/2022 17:01,RESERVED,SC1000,PARTLY_UP,DOWN,PLINE300,1000
948004720,11/10/2022 17:01,RESERVED,TR1000,RESERVED,DOWN,PLINE300,1000
948043270,11/10/2022 18:40,UP,SC1000,RESERVED,DOWN,PLINE300,1000
948043486,11/10/2022 18:40,UP,TR1000,PARTLY_UP,DOWN,PLINE300,1000
948084140,11/10/2022 22:39,DOWN_TEST,SC1000,PARTLY_UP,DOWN,PLINE300,1000
948090498,11/10/2022 23:07,UP,SC1000,PARTLY_UP,DOWN,PLINE300,1000
948203273,11/13/2022 0:00,DOWN_TEST,SC1000,PARTLY_UP,DOWN,PLINE300,1000
948233590,11/14/2022 6:36,PARTLY_UP,SC1000,PARTLY_UP,DOWN,PLINE300,1000
948268584,11/14/2022 8:58,PARTLY_UP,TR1000,RESERVED,DOWN,PLINE300,1000
948268593,11/14/2022 8:58,RESERVED,SC1000,RESERVED,DOWN,PLINE300,1000
948286612,11/14/2022 9:53,PARTLY_UP,SC1000,RESERVED,DOWN,PLINE300,1000
948286637,11/14/2022 9:53,PARTLY_UP,TR1000,PARTLY_UP,DOWN,PLINE300,1000
948520647,11/15/2022 0:00,DOWN_TEST,SC1000,PARTLY_UP,DOWN,PLINE300,1000
948559996,11/15/2022 5:28,UP,SC1000,PARTLY_UP,DOWN,PLINE300,1000
948580697,11/15/2022 7:30,RESERVED,SC1000,PARTLY_UP,DOWN,PLINE300,1000
948580773,11/15/2022 7:30,RESERVED,TR1000,RESERVED,DOWN,PLINE300,1000
948634342,11/15/2022 11:12,RESERVED,TR1000,PARTLY_UP,DOWN,PLINE300,1000
948634542,11/15/2022 11:13,UP,SC1000,PARTLY_UP,DOWN,PLINE300,1000
948819438,11/15/2022 22:37,DOWN_TEST,SC1000,PARTLY_UP,DOWN,PLINE300,1000
948839938,11/16/2022 0:29,UP,SC1000,PARTLY_UP,DOWN,PLINE300,1000
948906705,11/16/2022 8:02,UP,TR1000,RESERVED,DOWN,PLINE300,1000
948906714,11/16/2022 8:02,RESERVED,SC1000,RESERVED,DOWN,PLINE300,1000
948920270,11/16/2022 9:03,RESERVED,TR1000,PARTLY_UP,DOWN,PLINE300,1000
948920284,11/16/2022 9:03,UP,SC1000,PARTLY_UP,DOWN,PLINE300,1000
948935605,11/16/2022 10:00,UP,TR1000,DOWN_TEST,DOWN,PLINE300,1000
948980504,11/16/2022 12:21,UP,TR1000,IN_MAINT,DOWN,PLINE300,1000
948993541,11/16/2022 13:15,UP,TR1000,PARTLY_UP,DOWN,PLINE300,1000
949237482,11/17/2022 8:04,UP,TR1000,RESERVED,DOWN,PLINE300,1000
949237516,11/17/2022 8:05,RESERVED,SC1000,RESERVED,DOWN,PLINE300,1000
949261171,11/17/2022 9:47,UP,SC1000,RESERVED,DOWN,PLINE300,1000
949261206,11/17/2022 9:47,UP,TR1000,PARTLY_UP,DOWN,PLINE300,1000
949321390,11/17/2022 13:25,UP,TR1000,IDLE_ERROR,DOWN,PLINE300,1000
949346264,11/17/2022 14:47,UP,TR1000,PARTLY_UP,DOWN,PLINE300,1000
949346763,11/17/2022 14:49,RESERVED,SC1000,PARTLY_UP,DOWN,PLINE300,1000
949361736,11/17/2022 15:43,UP,SC1000,PARTLY_UP,DOWN,PLINE300,1000
949488641,11/18/2022 2:37,DOWN_TEST,SC1000,PARTLY_UP,DOWN,PLINE300,1000
949497701,11/18/2022 3:39,UP,SC1000,PARTLY_UP,DOWN,PLINE300,1000
949532938,11/18/2022 7:57,UP,TR1000,RESERVED,DOWN,PLINE300,1000
949532952,11/18/2022 7:57,RESERVED,SC1000,RESERVED,DOWN,PLINE300,1000
949557149,11/18/2022 9:58,RESERVED,TR1000,PARTLY_UP,DOWN,PLINE300,1000
949557499,11/18/2022 9:58,UP,SC1000,PARTLY_UP,DOWN,PLINE300,1000
949582619,11/18/2022 11:13,UP,TR1000,RESERVED,DOWN,PLINE300,1000
949637155,11/18/2022 14:36,UP,TR1000,PARTLY_UP,DOWN,PLINE300,1000
949699684,11/18/2022 17:37,RESERVED,SC1000,PARTLY_UP,DOWN,PLINE300,1000
949778946,11/18/2022 21:55,UP,SC1000,PARTLY_UP,DOWN,PLINE300,1000
949800054,11/19/2022 0:02,PARTLY_UP,SC1000,PARTLY_UP,DOWN,PLINE300,1000
949848975,11/19/2022 8:17,RESERVED,SC1000,PARTLY_UP,DOWN,PLINE300,1000
949867776,11/19/2022 9:59,PARTLY_UP,SC1000,PARTLY_UP,DOWN,PLINE300,1000
949987675,11/20/2022 2:41,UP,SC1000,PARTLY_UP,DOWN,PLINE300,1000
950015313,11/20/2022 8:43,RESERVED,SC1000,PARTLY_UP,DOWN,PLINE300,1000
950023422,11/20/2022 10:17,UP,SC1000,PARTLY_UP,DOWN,PLINE300,1000
950118702,11/20/2022 23:30,DOWN_TEST,SC1000,PARTLY_UP,DOWN,PLINE300,1000
950122822,11/21/2022 0:17,UP,SC1000,PARTLY_UP,DOWN,PLINE300,1000
950159120,11/21/2022 8:12,RESERVED,SC1000,PARTLY_UP,DOWN,PLINE300,1000
950159139,11/21/2022 8:12,RESERVED,TR1000,RESERVED,DOWN,PLINE300,1000
950209553,11/21/2022 12:01,UP,SC1000,RESERVED,DOWN,PLINE300,1000
950209631,11/21/2022 12:02,UP,TR1000,PARTLY_UP,DOWN,PLINE300,1000
950588525,11/22/2022 15:20,RESERVED,SC1000,PARTLY_UP,DOWN,PLINE300,1000
950678548,11/22/2022 19:48,UP,SC1000,PARTLY_UP,DOWN,PLINE300,1000
950697923,11/22/2022 21:41,UP,TR1000,IDLE_ERROR,DOWN,PLINE300,1000
950705616,11/22/2022 22:10,UP,TR1000,PARTLY_UP,DOWN,PLINE300,1000
950792817,11/23/2022 8:01,RESERVED,SC1000,PARTLY_UP,DOWN,PLINE300,1000
950792877,11/23/2022 8:02,RESERVED,TR1000,RESERVED,DOWN,PLINE300,1000
950804489,11/23/2022 9:35,UP,SC1000,RESERVED,DOWN,PLINE300,1000
950804532,11/23/2022 9:35,UP,TR1000,PARTLY_UP,DOWN,PLINE300,1000
950885705,11/23/2022 14:05,RESERVED,SC1000,PARTLY_UP,DOWN,PLINE300,1000
950886984,11/23/2022 14:13,RESERVED,TR1000,UP,DOWN,PLINE300,1000
950903015,11/23/2022 15:00,RESERVED,TR1000,DOWN_TEST,DOWN,PLINE300,1000
950904627,11/23/2022 15:08,UP,SC1000,DOWN_TEST,DOWN,PLINE300,1000
950917605,11/23/2022 15:44,UP,TR1000,PARTLY_UP,DOWN,PLINE300,1000
951035388,11/24/2022 0:00,DOWN_TEST,SC1000,PARTLY_UP,DOWN,PLINE300,1000
951104703,11/24/2022 7:59,DOWN_TEST,TR1000,RESERVED,DOWN,PLINE300,1000
951119748,11/24/2022 9:35,DOWN_TEST,TR1000,PARTLY_UP,DOWN,PLINE300,1000
951188496,11/24/2022 13:41,DOWN_TEST,TR1000,RESERVED,DOWN,PLINE300,1000
951201610,11/24/2022 14:24,PARTLY_UP,SC1000,RESERVED,DOWN,PLINE300,1000
951210159,11/24/2022 14:49,PARTLY_UP,TR1000,DOWN_TEST,DOWN,PLINE300,1000
951222974,11/24/2022 15:18,IDLE_ERROR,SC1000,DOWN_TEST,DOWN,PLINE300,1000
951232824,11/24/2022 15:48,PARTLY_UP,SC1000,DOWN_TEST,DOWN,PLINE300,1000
951288628,11/24/2022 18:05,PARTLY_UP,TR1000,UP,DOWN,PLINE300,1000
951459100,11/25/2022 7:59,RESERVED,SC1000,UP,DOWN,PLINE300,1000
951459126,11/25/2022 7:59,RESERVED,TR1000,RESERVED,DOWN,PLINE300,1000
951466321,11/25/2022 9:15,RESERVED,TR1000,UP,DOWN,PLINE300,1000
951466330,11/25/2022 9:15,PARTLY_UP,SC1000,UP,DOWN,PLINE300,1000
951726324,11/26/2022 0:00,DOWN_TEST,SC1000,UP,DOWN,PLINE300,1000
951769648,11/26/2022 5:04,PARTLY_UP,SC1000,UP,DOWN,PLINE300,1000
951800331,11/26/2022 8:25,RESERVED,SC1000,UP,DOWN,PLINE300,1000
951817674,11/26/2022 10:08,PARTLY_UP,SC1000,UP,DOWN,PLINE300,1000
951895181,11/26/2022 18:53,DOWN_TEST,SC1000,UP,DOWN,PLINE300,1000
951915991,11/26/2022 22:48,UP,SC1000,UP,UP,PLINE300,1000
952136077,11/28/2022 8:04,UP,TR1000,RESERVED,DOWN,PLINE300,1000
952136086,11/28/2022 8:04,RESERVED,SC1000,RESERVED,DOWN,PLINE300,1000
952142706,11/28/2022 9:01,UP,SC1000,RESERVED,DOWN,PLINE300,1000
952142727,11/28/2022 9:01,UP,TR1000,UP,UP,PLINE300,1000
952186814,11/28/2022 10:38,UP,TR1000,IN_MAINT,DOWN,PLINE300,1000
952397186,11/28/2022 20:13,UP,TR1000,UP,UP,PLINE300,1000
952433350,11/29/2022 0:23,RESERVED,SC1000,UP,DOWN,PLINE300,1000
952464339,11/29/2022 3:31,UP,SC1000,UP,UP,PLINE300,1000
952477415,11/29/2022 5:25,DOWN_TEST,SC1000,UP,DOWN,PLINE300,1000
952501700,11/29/2022 7:43,UP,SC1000,UP,UP,PLINE300,1000
952503917,11/29/2022 7:59,RESERVED,SC1000,UP,DOWN,PLINE300,1000
952503940,11/29/2022 7:59,RESERVED,TR1000,RESERVED,DOWN,PLINE300,1000
952516837,11/29/2022 9:38,UP,SC1000,RESERVED,DOWN,PLINE300,1000
952516867,11/29/2022 9:38,UP,TR1000,UP,UP,PLINE300,1000
952707807,11/29/2022 18:15,UP,TR1000,IN_MAINT,DOWN,PLINE300,1000
952772518,11/29/2022 22:45,UP,TR1000,UP,UP,PLINE300,1000
952772600,11/29/2022 22:45,DOWN_TEST,SC1000,UP,DOWN,PLINE300,1000
952836478,11/30/2022 5:12,UP,SC1000,UP,UP,PLINE300,1000
952865259,11/30/2022 8:27,UP,TR1000,PARTLY_UP,DOWN,PLINE300,1000
952870476,11/30/2022 9:00,UP,TR1000,DOWN_TEST,DOWN,PLINE300,1000
952903641,11/30/2022 10:33,UP,TR1000,IN_MAINT,DOWN,PLINE300,1000
953075531,11/30/2022 19:51,UP,TR1000,PARTLY_UP,DOWN,PLINE300,1000
953208480,12/1/2022 7:59,RESERVED,SC1000,PARTLY_UP,DOWN,PLINE300,1000
953208507,12/1/2022 8:00,RESERVED,TR1000,RESERVED,DOWN,PLINE300,1000
953216335,12/1/2022 8:55,RESERVED,TR1000,PARTLY_UP,DOWN,PLINE300,1000
953216379,12/1/2022 8:55,UP,SC1000,PARTLY_UP,DOWN,PLINE300,1000
953236922,12/1/2022 10:01,UP,TR1000,IN_MAINT,DOWN,PLINE300,1000
953271287,12/1/2022 11:34,IN_MAINT,SC1000,IN_MAINT,DOWN,PLINE300,1000
953298071,12/1/2022 13:32,UP,SC1000,IN_MAINT,DOWN,PLINE300,1000
953303033,12/1/2022 13:54,UP,TR1000,PARTLY_UP,DOWN,PLINE300,1000
953356511,12/1/2022 16:25,UP,TR1000,RESERVED,DOWN,PLINE300,1000
953356574,12/1/2022 16:26,RESERVED,SC1000,RESERVED,DOWN,PLINE300,1000
953441729,12/1/2022 19:05,RESERVED,TR1000,PARTLY_UP,DOWN,PLINE300,1000
953441786,12/1/2022 19:05,UP,SC1000,PARTLY_UP,DOWN,PLINE300,1000
953505852,12/2/2022 2:22,DOWN_TEST,SC1000,PARTLY_UP,DOWN,PLINE300,1000
953528177,12/2/2022 5:04,UP,SC1000,PARTLY_UP,DOWN,PLINE300,1000
953558033,12/2/2022 7:53,RESERVED,SC1000,PARTLY_UP,DOWN,PLINE300,1000
953558138,12/2/2022 7:53,RESERVED,TR1000,RESERVED,DOWN,PLINE300,1000
953583927,12/2/2022 10:03,RESERVED,TR1000,IN_MAINT,DOWN,PLINE300,1000
953587231,12/2/2022 10:11,UP,SC1000,IN_MAINT,DOWN,PLINE300,1000
953697752,12/2/2022 16:11,UP,TR1000,PARTLY_UP,DOWN,PLINE300,1000
953713095,12/2/2022 17:09,UP,TR1000,RESERVED,DOWN,PLINE300,1000
953713134,12/2/2022 17:09,RESERVED,SC1000,RESERVED,DOWN,PLINE300,1000
953721638,12/2/2022 17:42,RESERVED,TR1000,PARTLY_UP,DOWN,PLINE300,1000
953741456,12/2/2022 18:21,UP,SC1000,PARTLY_UP,DOWN,PLINE300,1000
953764727,12/2/2022 20:06,UP,TR1000,UP,UP,PLINE300,1000
953830517,12/3/2022 3:37,DOWN_TEST,SC1000,UP,DOWN,PLINE300,1000
953858433,12/3/2022 7:26,UP,SC1000,UP,UP,PLINE300,1000
953871261,12/3/2022 8:23,RESERVED,SC1000,UP,DOWN,PLINE300,1000
953894286,12/3/2022 10:20,UP,SC1000,UP,UP,PLINE300,1000
954087803,12/4/2022 8:13,RESERVED,SC1000,UP,DOWN,PLINE300,1000
954096846,12/4/2022 9:57,UP,SC1000,UP,UP,PLINE300,1000
