,FO_ROW_ID,EVENT_ROW_ID_Begin,Begin,End,Fab300_Res_id,FACILITY,ResTk,Tool,User_id,WBS
0,74,962599107,2023-01-13 09:57:00,2023-01-13 19:44:00,0,PLINE300,4231350,AIXTRON,alcott43,32414/01368
1,74,963327441,2023-01-16 10:46:00,2023-01-16 17:18:00,1,PLINE300,4231356,AIXTRON,alcott43,32414/32513
2,74,963653801,2023-01-17 09:47:00,2023-01-17 18:22:00,2,PLINE300,4232067,AIXTRON,alcott43,32414/32513
3,74,965479972,2023-01-23 15:24:00,2023-01-23 22:59:00,3,PLINE300,4233377,AIXTRON,alcott43,32414/01368
4,74,965801713,2023-01-24 14:13:00,2023-01-25 07:25:00,4,PLINE300,4234404,AIXTRON,alcott43,32414/01368
5,74,966112814,2023-01-25 13:48:00,2023-01-25 21:57:00,5,PLINE300,4234409,AIXTRON,alcott43,32414/01368
6,79,964321558,2023-01-19 10:06:00,2023-01-19 11:14:00,6,PLINE300,4233385,F5_SCD,patel41,30990/32063
7,79,964799904,2023-01-20 15:58:00,2023-01-20 16:51:00,7,PLINE300,4233762,F5_SCD,patel41,30990/02250
8,262,965185566,2023-01-22 06:17:00,2023-01-22 07:49:00,8,PLINE300,4234219,LEVITOR4300,ceuppenj,39425/01221
9,263,962310296,2023-12-01 11:55:00,2023-12-01 22:18:00,9,PLINE300,4231028,POLYGON8300,cottd,31499/00881
10,429,961665193,2023-10-01 12:04:00,2023-10-01 13:42:00,10,PLINE300,4229870,SCD100,negreira,31199/02273
11,429,961692110,2023-10-01 14:05:00,2023-10-01 14:31:00,11,PLINE300,4229973,SCD100,hsingy35,30990/32063
12,429,961954137,2023-11-01 10:10:00,2023-11-01 11:28:00,12,PLINE300,4230847,SCD100,stokhof,30990/32063
13,429,962567496,2023-01-13 07:55:00,2023-01-13 08:50:00,13,PLINE300,4231367,SCD100,rondas,32499/32513
14,429,962605432,2023-01-13 10:22:00,2023-01-13 11:04:00,14,PLINE300,4231642,SCD100,stokhof,30990/32063
16,429,963385330,2023-01-16 13:56:00,2023-01-16 14:57:00,15,PLINE300,4232140,SCD100,huang72,31199/01617
18,429,963637698,2023-01-17 08:07:00,2023-01-17 08:18:00,16,PLINE300,4232428,SCD100,rondas,32499/32513
19,429,963666013,2023-01-17 10:23:00,2023-01-17 10:37:00,17,PLINE300,4232177,SCD100,stokhof,30990/32063
20,429,963696421,2023-01-17 12:00:00,2023-01-17 13:00:00,18,PLINE300,4232354,SCD100,negreira,31199/02273
21,429,963762511,2023-01-17 15:57:00,2023-01-17 17:00:00,19,PLINE300,4232578,SCD100,huang72,31199/01617
22,429,963989820,2023-01-18 09:46:00,2023-01-18 10:12:00,20,PLINE300,4232775,SCD100,gianna53,30990/32063
23,429,964292587,2023-01-19 07:50:00,2023-01-19 08:25:00,21,PLINE300,4233154,SCD100,rondas,32499/32513
24,429,964364878,2023-01-19 11:58:00,2023-01-19 13:02:00,22,PLINE300,4233468,SCD100,houben21,30990/02249
25,429,965727372,2023-01-24 09:58:00,2023-01-24 11:02:00,23,PLINE300,4234894,SCD100,lo60,30990/02249
26,433,963396238,2023-01-16 14:42:00,2023-01-16 15:16:00,24,PLINE300,N/a,SEZ304,gocyla74,36026/01221
27,695,965016351,2023-01-21 07:59:00,2023-01-21 11:32:00,25,PLINE300,4232302,ENDURA,wellens,32102/01048
30,736,961966896,2023-11-01 10:39:00,2023-12-01 16:18:00,26,PLINE300,N/a,EPSILON3200,groven85,31499/00880
33,938,961236175,2023-08-01 21:49:00,2023-09-01 01:05:00,27,PLINE300,4229449,REFLEXION,raymaek,31299/01083
34,938,962227365,2023-12-01 06:32:00,2023-12-01 07:55:00,28,PLINE300,N/a,REFLEXION,raymaek,38199/01907
35,1056,959883542,2023-03-01 10:04:00,2023-03-01 11:20:00,29,PLINE300,4211149,PRODUCER_2,vgompel,98300/14175
36,1056,961409062,2023-09-01 17:01:00,2023-09-01 20:16:00,30,PLINE300,4229897,PRODUCER_2,vgompel,98300/14175
37,1056,963086613,2023-01-15 07:40:00,2023-01-15 11:33:00,31,PLINE300,4232098,PRODUCER_2,vdveld25,98300/14175
38,1062,962572589,2023-01-13 08:18:00,2023-01-13 10:23:00,32,PLINE300,4230898,ENDURA_2,wellens,32299/01899
39,1062,964287716,2023-01-19 07:27:00,2023-01-19 13:56:00,33,PLINE300,4232285,ENDURA_2,wellens,32299/00352
40,1062,964649340,2023-01-20 07:39:00,2023-01-20 10:43:00,34,PLINE300,4232294,ENDURA_2,wellens,32102/01048
43,1073,961280619,2023-09-01 09:16:00,2023-09-01 13:38:00,35,PLINE300,4229197,REFLEXION_2,dewild34,31399/31519
44,1073,961900018,2023-11-01 06:25:00,2023-11-01 12:48:00,36,PLINE300,4230060,REFLEXION_2,raymaek,31399/00039
45,1073,962226561,2023-12-01 06:25:00,2023-12-01 12:23:00,37,PLINE300,4230066,REFLEXION_2,raymaek,31399/00039
46,1073,962610754,2023-01-13 10:45:00,2023-01-13 14:48:00,38,PLINE300,4231589,REFLEXION_2,dewild34,31399/31519
47,1073,963532258,2023-01-16 21:50:00,2023-01-17 01:15:00,39,PLINE300,4230965,REFLEXION_2,raymaek,43900/02205
48,1073,963578455,2023-01-17 01:15:00,2023-01-17 04:17:00,40,PLINE300,4230968,REFLEXION_2,raymaek,43900/02205
49,1073,963653620,2023-01-17 09:46:00,2023-01-17 15:31:00,41,PLINE300,4232611,REFLEXION_2,dewild34,32099/01506
50,1073,963863177,2023-01-17 22:02:00,2023-01-18 00:10:00,42,PLINE300,4232776,REFLEXION_2,raymaek,31399/00039
51,1073,964192982,2023-01-18 22:02:00,2023-01-19 02:02:00,43,PLINE300,4232706,REFLEXION_2,raymaek,32299/01936
52,1073,964550315,2023-01-19 22:05:00,2023-01-20 01:07:00,44,PLINE300,4232788,REFLEXION_2,raymaek,31399/00039
53,1073,964701510,2023-01-20 11:23:00,2023-01-20 15:29:00,45,PLINE300,4233220,REFLEXION_2,dewild34,32299/01084
54,1073,965779051,2023-01-24 12:59:00,2023-01-24 16:32:00,46,PLINE300,4234839,REFLEXION_2,dewild34,32005/01717
55,1082,966067130,2023-01-25 10:49:00,2023-01-25 11:52:00,47,PLINE300,4233797,OPTIMA,geenen44,36004/01225
56,1232,964073150,2023-01-18 14:43:00,2023-01-18 16:00:00,48,PLINE300,4232629,HITACHI9380,schrauw,32299/00013
59,1249,962601320,2023-01-13 10:05:00,2023-01-13 10:41:00,49,PLINE300,4231077,SEZ304_2,mehdi55,36026/01221
60,1249,964678370,2023-01-20 10:15:00,2023-01-20 10:35:00,50,PLINE300,4233424,SEZ304_2,patel41,30990/02250
61,1249,965756175,2023-01-24 11:20:00,2023-01-24 12:40:00,51,PLINE300,4234771,SEZ304_2,dubey63,30990/02250
63,1400,966051400,2023-01-25 09:51:00,2023-01-25 10:48:00,52,PLINE300,4235197,EAGLE12,kimura50,39423/01224
64,1715,963282490,2023-01-16 09:33:00,2023-01-16 09:33:00,53,PLINE300,4232248,A412,ceuppenj,39425/01224
66,2862,962392376,2023-12-01 16:51:00,2023-12-01 18:03:00,54,PLINE300,4231382,ALERIS,thomas96,31199/01513
68,3733,962555873,2023-01-13 07:01:00,2023-01-13 10:28:00,55,PLINE200,4231440,GRINDER,cuypers,32099/01084
69,3733,962677329,2023-01-13 14:17:00,2023-01-13 17:08:00,56,PLINE200,4231721,GRINDER,han41,36671/01224
71,3824,964509046,2023-01-19 18:45:00,2023-01-19 20:14:00,57,PLINE200,4233485,AMAT_MEK,leyssens,98300/01969
72,3824,966019325,2023-01-25 07:07:00,2023-01-25 10:38:00,58,PLINE200,N/a,AMAT_MEK,leyssens,39424/01221
73,3828,962732733,2023-01-13 16:55:00,2023-01-13 19:51:00,59,PLINE200,4230838,ASM1100,moelants,97401/01775
74,3828,965362707,2023-01-23 07:54:00,2023-01-23 11:50:00,60,PLINE200,4234239,ASM1100,moelants,44999/49500
76,3830,964091336,2023-01-18 15:28:00,2023-01-18 16:57:00,61,PLINE200,N/a,ASM750,krishn87,31199/01513
79,3840,962261455,2023-12-01 09:31:00,2023-12-01 11:46:00,62,PLINE200,4229790,DOM_BEOL_CU,locoroto,44999/01997
80,3840,964310602,2023-01-19 09:26:00,2023-01-19 12:20:00,63,PLINE200,4232260,DOM_BEOL_CU,locoroto,44999/01997
81,3845,962555508,2023-01-13 06:58:00,2023-01-13 10:29:00,64,PLINE200,4230033,ELECTRA_CU,bangel19,39422/01224
82,3845,962882240,2023-01-14 07:21:00,2023-01-14 10:00:00,65,PLINE200,N/a,ELECTRA_CU,bangel19,39422/01224
83,3845,964516111,2023-01-19 19:36:00,2023-01-19 20:04:00,66,PLINE200,N/a,ELECTRA_CU,bangel19,39422/01221
84,3845,965352361,2023-01-23 07:06:00,2023-01-23 11:00:00,67,PLINE200,4233451,ELECTRA_CU,bangel19,39422/01224
86,3846,960534844,2023-05-01 15:52:00,2023-05-01 21:00:00,68,PLINE200,N/a,ENDURA1,bangel19,39422/01223
91,3846,965016229,2023-01-21 07:58:00,2023-01-21 08:23:00,69,PLINE200,4233946,ENDURA1,meulem85,39422/01221
92,3846,965787125,2023-01-24 13:39:00,2023-01-24 15:24:00,70,PLINE200,4234885,ENDURA1,vlanck26,97401/02108
93,3846,966042210,2023-01-25 09:21:00,2023-01-25 10:06:00,71,PLINE200,4235189,ENDURA1,vlanck26,97401/02108
96,3859,961154474,2023-08-01 07:51:00,2023-08-01 09:12:00,72,PLINE200,4229571,HRP220_CU,redants,44999/01817
97,3860,961332157,2023-09-01 11:58:00,2023-09-01 13:16:00,73,PLINE200,4229518,KLA2351,janard53,37004/01945
98,3860,962566925,2023-01-13 07:51:00,2023-01-13 09:03:00,74,PLINE200,4231346,KLA2351,janard53,37004/01945
99,3860,964454412,2023-01-19 16:34:00,2023-01-19 19:11:00,75,PLINE200,4233392,KLA2351,janard53,32299/31838
100,3860,965795427,2023-01-24 14:01:00,2023-01-24 18:10:00,76,PLINE200,4235003,KLA2351,cooman32,37004/01945
101,3884,960743780,2023-06-01 10:17:00,2023-06-01 12:43:00,77,PLINE200,4208974,NOVA200,stokhof,30990/02250
102,3884,960816829,2023-06-01 14:36:00,2023-06-01 15:45:00,78,PLINE200,4218838,NOVA200,vais,97406/01185
106,3884,961749235,2023-10-01 17:08:00,2023-10-01 19:05:00,79,PLINE200,4229975,NOVA200,planke49,97406/01185
107,3884,961927050,2023-11-01 08:43:00,2023-11-01 10:21:00,80,PLINE200,4230047,NOVA200,verbeeck,43001/01668
110,3884,963772655,2023-01-17 16:34:00,2023-01-17 16:35:00,81,PLINE200,4230801,NOVA200,hendri21,97406/01185
111,3884,963774026,2023-01-17 16:41:00,2023-01-17 16:41:00,82,PLINE200,4230801,NOVA200,hendri21,97406/01185
112,3884,963774408,2023-01-17 16:42:00,2023-01-17 17:04:00,83,PLINE200,4230801,NOVA200,hendri21,97406/01185
113,3884,963985015,2023-01-18 09:27:00,2023-01-18 11:11:00,84,PLINE200,4232014,NOVA200,hendri21,97406/01185
114,3884,964048241,2023-01-18 13:26:00,2023-01-18 15:31:00,85,PLINE200,4233255,NOVA200,cochet,32299/00013
115,3884,964297015,2023-01-19 08:12:00,2023-01-19 10:30:00,86,PLINE200,4233013,NOVA200,lux,32008/00034
117,3884,965432478,2023-01-23 12:48:00,2023-01-23 13:59:00,87,PLINE200,4233375,NOVA200,ripj,32005/01299
118,3884,965508283,2023-01-23 17:15:00,2023-01-23 18:13:00,88,PLINE200,4233435,NOVA200,planke49,97406/01185
119,3937,965709628,2023-01-24 08:52:00,2023-01-24 12:14:00,89,PLINE200,4234883,P3_NITRIDE,vlanck26,97401/02108
121,3960,963286172,2023-01-16 09:35:00,2023-01-16 09:56:00,90,PLINE200,4232047,SP1_DLS,stokhof,30990/02249
122,3960,966105163,2023-01-25 13:22:00,2023-01-25 13:52:00,91,PLINE200,4235242,SP1_DLS,tricas85,30990/02249
123,3965,965849895,2023-01-24 16:29:00,2023-01-24 18:10:00,92,PLINE200,4234811,TELACT8_750,cooman32,31199/02272
125,3975,963272927,2023-01-16 08:54:00,2023-01-16 12:47:00,93,PLINE200,4230088,XL30_CF,vdpeer,32099/01506
129,4419,962005491,2023-11-01 12:42:00,2023-11-01 15:47:00,94,PLINE200,4229270,BONDER_200,segers56,97401/02110
126,4419,964171904,2023-01-18 19:53:00,2023-01-18 21:39:00,95,PLINE200,4233340,BONDER_200,han41,36671/01224
128,4419,966113776,2023-01-25 13:52:00,2023-01-25 16:46:00,96,PLINE200,4234368,BONDER_200,thomas82,44042/49500
131,4422,961933301,2023-11-01 09:01:00,2023-11-01 14:22:00,97,PLINE200,4229499,BLUE_M_BCB,jslabbe,32299/00013
137,4424,962608932,2023-01-13 10:37:00,2023-01-13 13:27:00,98,PLINE200,4231402,300MM_DICER,ameghn57,36671/01224
138,4424,963269920,2023-01-16 08:25:00,2023-01-16 16:59:00,99,PLINE200,4231971,300MM_DICER,schoofs,32299/02016
139,4424,964312070,2023-01-19 09:32:00,2023-01-19 16:48:00,100,PLINE200,4232792,300MM_DICER,hiro13,32299/02016
140,4424,965369408,2023-01-23 08:48:00,2023-01-23 11:53:00,101,PLINE200,N/a,300MM_DICER,schoofs,31012/01506
141,4436,962555978,2023-01-13 07:01:00,2023-01-13 11:06:00,102,PLINE200,4231441,ISIS,cuypers,32099/01084
142,4436,965255971,2023-01-22 14:41:00,2023-01-22 16:24:00,103,PLINE200,4234247,ISIS,nong52,36003/01224
143,4673,959937480,2023-03-01 12:12:00,2023-03-01 14:10:00,104,PLINE300,4209344,NOVA200_2,beirnaer,32299/00013
144,4673,960050669,2023-03-01 19:25:00,2023-03-01 20:08:00,105,PLINE300,4219909,NOVA200_2,aarts61,97406/01185
145,4673,960159623,2023-04-01 08:40:00,2023-04-01 10:36:00,106,PLINE300,4220331,NOVA200_2,leruth67,44999/01997
147,4673,960314829,2023-04-01 18:47:00,2023-04-01 19:16:00,107,PLINE300,4227823,NOVA200_2,aarts61,97406/01185
149,4673,960514963,2023-05-01 14:40:00,2023-05-01 15:36:00,108,PLINE300,4228998,NOVA200_2,vais,97700/01345
150,4673,960535572,2023-05-01 15:55:00,2023-05-01 16:47:00,109,PLINE300,4229150,NOVA200_2,beirnaer,32299/00013
151,4673,960770331,2023-06-01 11:28:00,2023-06-01 12:20:00,110,PLINE300,4229227,NOVA200_2,beirnaer,32299/00013
155,4673,961273184,2023-09-01 08:14:00,2023-09-01 09:49:00,111,PLINE300,4220272,NOVA200_2,mander15,39320/36502
156,4673,961311506,2023-09-01 10:50:00,2023-09-01 12:12:00,112,PLINE300,4229336,NOVA200_2,leruth67,44999/01997
157,4673,961353681,2023-09-01 13:54:00,2023-09-01 18:02:00,113,PLINE300,4229783,NOVA200_2,stokhof,30990/02249
158,4673,961646459,2023-10-01 10:58:00,2023-10-01 11:22:00,114,PLINE300,N/a,NOVA200_2,vais,97700/01345
159,4673,961928295,2023-11-01 08:54:00,2023-11-01 09:51:00,115,PLINE300,4220275,NOVA200_2,eswara57,39320/36502
161,4673,962383067,2023-12-01 16:13:00,2023-12-01 16:39:00,116,PLINE300,4229877,NOVA200_2,lopezb41,97406/01185
162,4673,962574690,2023-01-13 08:29:00,2023-01-13 10:13:00,117,PLINE300,4231549,NOVA200_2,maes72,98300/14175
165,4673,963276609,2023-01-16 09:19:00,2023-01-16 10:18:00,118,PLINE300,N/a,NOVA200_2,eswara57,39320/36502
168,4673,964113792,2023-01-18 16:38:00,2023-01-18 18:27:00,119,PLINE300,4233254,NOVA200_2,cochet,32299/00013
169,4673,964376150,2023-01-19 12:39:00,2023-01-19 13:44:00,120,PLINE300,4233514,NOVA200_2,eswara57,36056/36504
170,4673,964399275,2023-01-19 14:04:00,2023-01-19 14:56:00,121,PLINE300,4233600,NOVA200_2,cochet,32299/00013
172,4673,964822960,2023-01-20 17:04:00,2023-01-20 18:38:00,122,PLINE300,4233970,NOVA200_2,tripat41,97406/01185
174,4673,965487957,2023-01-23 15:49:00,2023-01-23 15:49:00,123,PLINE300,4234342,NOVA200_2,willegem,97401/01743
175,4673,965727446,2023-01-24 09:58:00,2023-01-24 11:01:00,124,PLINE300,4232997,NOVA200_2,marian80,30990/02249
177,4806,962905709,2023-01-14 10:21:00,2023-01-14 12:26:00,125,PLINE300,4231805,TXRF300,tielens,32099/01506
178,4926,959927701,2023-03-01 11:27:00,2023-03-01 13:04:00,126,PLINE300,4209260,SEMVISION,dvriendt,32299/00013
179,4926,959966576,2023-03-01 14:05:00,2023-03-01 14:57:00,127,PLINE300,4206370,SEMVISION,maes72,44999/01997
180,4926,960078732,2023-03-01 22:31:00,2023-03-01 23:23:00,128,PLINE300,N/a,SEMVISION,michal78,39320/36502
181,4926,960088342,2023-03-01 23:23:00,2023-04-01 03:01:00,129,PLINE300,N/a,SEMVISION,michal78,39320/36502
182,4926,960108459,2023-04-01 03:01:00,2023-04-01 03:30:00,130,PLINE300,N/a,SEMVISION,michal78,39320/36502
183,4926,960257134,2023-04-01 15:04:00,2023-04-01 16:23:00,131,PLINE300,4220098,SEMVISION,janard53,37092/02170
184,4926,960274359,2023-04-01 16:35:00,2023-04-01 17:09:00,132,PLINE300,4220349,SEMVISION,beirnaer,32299/00013
185,4926,960344226,2023-04-01 22:19:00,2023-04-01 22:50:00,133,PLINE300,N/a,SEMVISION,michal78,39320/36502
186,4926,960395151,2023-05-01 06:36:00,2023-05-01 11:25:00,134,PLINE300,4219882,SEMVISION,dvriendt,43001/43193
187,4926,960704542,2023-06-01 06:54:00,2023-06-01 11:09:00,135,PLINE300,4219884,SEMVISION,beirnaer,43001/43193
188,4926,960780238,2023-06-01 11:50:00,2023-06-01 12:14:00,136,PLINE300,N/a,SEMVISION,dutrow20,39320/36502
189,4926,960958883,2023-06-01 22:18:00,2023-07-01 00:28:00,137,PLINE300,N/a,SEMVISION,michal78,39320/36502
190,4926,961004230,2023-07-01 05:51:00,2023-07-01 06:34:00,138,PLINE300,4219892,SEMVISION,redants,43001/43193
191,4926,961005463,2023-07-01 06:34:00,2023-07-01 07:22:00,139,PLINE300,4219892,SEMVISION,redants,43001/43193
192,4926,961013028,2023-07-01 07:41:00,2023-07-01 10:47:00,140,PLINE300,4220352,SEMVISION,beirnaer,32299/00013
193,4926,961224902,2023-08-01 19:27:00,2023-08-01 21:11:00,141,PLINE300,N/a,SEMVISION,derudd92,39320/36502
194,4926,961239733,2023-08-01 22:42:00,2023-08-01 23:51:00,142,PLINE300,N/a,SEMVISION,derudd92,39320/36502
196,4926,961475687,2023-09-01 18:51:00,2023-09-01 19:50:00,143,PLINE300,4219902,SEMVISION,engelen,43001/43193
200,4926,961790421,2023-10-01 18:23:00,2023-10-01 18:58:00,144,PLINE300,4219907,SEMVISION,engelen,43001/43193
202,4926,961869427,2023-11-01 02:22:00,2023-11-01 02:42:00,145,PLINE300,N/a,SEMVISION,dutrow20,39320/36502
203,4926,961945653,2023-11-01 09:45:00,2023-11-01 12:01:00,146,PLINE300,4220356,SEMVISION,beirnaer,32299/00013
204,4926,962008651,2023-11-01 12:57:00,2023-11-01 19:04:00,147,PLINE300,4209267,SEMVISION,dvriendt,32299/00013
205,4926,962130806,2023-11-01 20:30:00,2023-11-01 21:15:00,148,PLINE300,N/a,SEMVISION,michal78,39320/36502
206,4926,962141862,2023-11-01 21:16:00,2023-11-01 22:06:00,149,PLINE300,N/a,SEMVISION,michal78,39320/36502
208,4926,962224471,2023-12-01 05:59:00,2023-12-01 06:50:00,150,PLINE300,4219899,SEMVISION,redants,43001/43193
210,4926,962277027,2023-12-01 10:14:00,2023-12-01 11:07:00,151,PLINE300,4230866,SEMVISION,janard53,37092/02174
211,4926,962315540,2023-12-01 12:12:00,2023-12-01 13:44:00,152,PLINE300,4219899,SEMVISION,maes72,43001/43193
212,4926,962421207,2023-12-01 18:01:00,2023-12-01 20:06:00,153,PLINE300,4219910,SEMVISION,engelen,43001/43193
213,4926,962503249,2023-01-13 00:40:00,2023-01-13 02:11:00,154,PLINE300,N/a,SEMVISION,decler36,39320/36502
214,4926,962549652,2023-01-13 06:04:00,2023-01-13 06:44:00,155,PLINE300,4219900,SEMVISION,redants,43001/43193
215,4926,962581912,2023-01-13 08:53:00,2023-01-13 10:52:00,156,PLINE300,4220358,SEMVISION,beirnaer,32299/00013
216,4926,962618621,2023-01-13 11:06:00,2023-01-13 11:24:00,157,PLINE300,4231692,SEMVISION,maes72,98300/14175
217,4926,962811949,2023-01-13 22:16:00,2023-01-14 02:19:00,158,PLINE300,N/a,SEMVISION,decler36,39320/36502
218,4926,962868075,2023-01-14 04:40:00,2023-01-14 05:09:00,159,PLINE300,N/a,SEMVISION,decler36,39320/36502
219,4926,962878741,2023-01-14 06:57:00,2023-01-14 12:35:00,160,PLINE300,4219911,SEMVISION,dvriendt,43001/43193
220,4926,962955142,2023-01-14 15:04:00,2023-01-14 15:29:00,161,PLINE300,N/a,SEMVISION,konecn85,32299/01899
222,4926,963421895,2023-01-16 15:56:00,2023-01-16 18:49:00,162,PLINE300,4220274,SEMVISION,dusar,98300/14175
223,4926,963514412,2023-01-16 20:00:00,2023-01-16 21:49:00,163,PLINE300,N/a,SEMVISION,decler36,39320/36502
224,4926,963597891,2023-01-17 03:18:00,2023-01-17 05:01:00,164,PLINE300,N/a,SEMVISION,rutkow29,39320/36502
225,4926,963616215,2023-01-17 06:12:00,2023-01-17 07:44:00,165,PLINE300,4228624,SEMVISION,engelen,44999/01997
227,4926,963698087,2023-01-17 12:07:00,2023-01-17 14:02:00,166,PLINE300,4228624,SEMVISION,billin72,44999/01997
229,4926,963832291,2023-01-17 19:40:00,2023-01-17 21:20:00,167,PLINE300,N/a,SEMVISION,decler36,39320/36502
230,4926,963932003,2023-01-18 03:14:00,2023-01-18 05:52:00,168,PLINE300,N/a,SEMVISION,sainch77,39320/36502
231,4926,963957835,2023-01-18 06:24:00,2023-01-18 08:23:00,169,PLINE300,4229107,SEMVISION,engelen,43001/43193
232,4926,963992154,2023-01-18 09:57:00,2023-01-18 10:56:00,170,PLINE300,4231612,SEMVISION,dvriendt,32299/00013
233,4926,964079060,2023-01-18 14:56:00,2023-01-18 17:07:00,171,PLINE300,4229793,SEMVISION,beirnaer,32299/00013
234,4926,964177176,2023-01-18 20:22:00,2023-01-18 21:45:00,172,PLINE300,N/a,SEMVISION,decler36,39320/36502
235,4926,964217116,2023-01-18 23:38:00,2023-01-19 01:27:00,173,PLINE300,N/a,SEMVISION,rutkow29,39320/36502
236,4926,964279669,2023-01-19 06:43:00,2023-01-19 10:08:00,174,PLINE300,4231614,SEMVISION,dvriendt,32299/00013
237,4926,964329830,2023-01-19 10:31:00,2023-01-19 14:04:00,175,PLINE300,4233307,SEMVISION,billin72,36003/01224
239,4926,964499493,2023-01-19 18:13:00,2023-01-19 19:48:00,176,PLINE300,4229577,SEMVISION,redants,43001/43193
241,4926,964550331,2023-01-19 22:06:00,2023-01-20 00:42:00,177,PLINE300,N/a,SEMVISION,sainch77,39320/36502
242,4926,964634377,2023-01-20 06:04:00,2023-01-20 08:26:00,178,PLINE300,4229581,SEMVISION,engelen,43001/43193
244,4926,964656671,2023-01-20 08:48:00,2023-01-20 10:11:00,179,PLINE300,4231615,SEMVISION,dvriendt,32299/00013
245,4926,964703888,2023-01-20 11:30:00,2023-01-20 12:26:00,180,PLINE300,4231615,SEMVISION,dvriendt,32299/00013
246,4926,964752452,2023-01-20 13:53:00,2023-01-20 14:34:00,181,PLINE300,4229582,SEMVISION,maes72,43001/43193
247,4926,965009344,2023-01-21 06:52:00,2023-01-21 08:07:00,182,PLINE300,N/a,SEMVISION,decler36,39320/36502
248,4926,965017610,2023-01-21 08:09:00,2023-01-21 10:27:00,183,PLINE300,4229796,SEMVISION,beirnaer,32299/00013
249,4926,965039384,2023-01-21 10:35:00,2023-01-21 12:01:00,184,PLINE300,N/a,SEMVISION,decler36,39320/36502
250,4926,965187398,2023-01-22 06:48:00,2023-01-22 07:47:00,185,PLINE300,N/a,SEMVISION,decler36,39320/36502
253,4926,965514650,2023-01-23 17:38:00,2023-01-23 18:08:00,186,PLINE300,4230787,SEMVISION,engelen,37004/02248
254,4926,965703613,2023-01-24 07:58:00,2023-01-24 08:55:00,187,PLINE300,4231136,SEMVISION,beirnaer,32299/00013
255,4926,965729211,2023-01-24 10:04:00,2023-01-24 11:23:00,188,PLINE300,N/a,SEMVISION,michal78,39320/36502
257,4926,965891467,2023-01-24 18:44:00,2023-01-24 19:45:00,189,PLINE300,4231494,SEMVISION,engelen,43001/43193
258,4926,965905985,2023-01-24 20:04:00,2023-01-24 21:43:00,190,PLINE300,N/a,SEMVISION,rutkow29,39320/36502
259,4926,965983129,2023-01-25 03:22:00,2023-01-25 04:09:00,191,PLINE300,N/a,SEMVISION,derudd92,39320/36502
260,4926,966006346,2023-01-25 05:59:00,2023-01-25 07:06:00,192,PLINE300,4231497,SEMVISION,redants,43001/43193
261,4926,966021517,2023-01-25 07:15:00,2023-01-25 09:08:00,193,PLINE300,4231497,SEMVISION,beirnaer,43001/43193
266,4926,966206093,2023-01-25 18:24:00,2023-01-25 20:41:00,194,PLINE300,4231496,SEMVISION,engelen,43001/43193
267,4934,960434815,2023-05-01 10:03:00,2023-05-01 10:24:00,195,PLINE300,4228658,ARCHER200,mingar54,98850/02279
268,5065,960502891,2023-05-01 13:58:00,2023-05-01 16:49:00,196,PLINE300,N/a,ENDURA_3,dekkers,31499/01284
269,5065,961956116,2023-11-01 10:18:00,2023-11-01 11:14:00,197,PLINE300,4230147,ENDURA_3,wellens,37037/01743
272,5443,959606375,2023-02-01 08:58:00,2023-02-01 09:36:00,198,PLINE300,4209258,SU8000,maes72,98300/14175
273,5443,959866765,2023-03-01 08:13:00,2023-03-01 10:16:00,199,PLINE300,4209365,SU8000,maes72,98300/14175
275,5443,960157831,2023-04-01 08:19:00,2023-04-01 09:23:00,200,PLINE300,N/a,SU8000,billin72,39320/36502
276,5443,960318923,2023-04-01 19:12:00,2023-04-01 20:57:00,201,PLINE300,4220431,SU8000,vdbroecn,31199/01655
277,5443,960359022,2023-04-01 23:53:00,2023-05-01 02:13:00,202,PLINE300,N/a,SU8000,michal78,39320/36502
279,5443,960639968,2023-05-01 22:29:00,2023-06-01 02:07:00,203,PLINE300,N/a,SU8000,michal78,39320/36502
280,5443,961012571,2023-07-01 07:38:00,2023-07-01 10:05:00,204,PLINE300,4209043,SU8000,caluwaer,42199/00160
282,5443,961614833,2023-10-01 08:42:00,2023-10-01 10:27:00,205,PLINE300,4229354,SU8000,stiersj,38199/01490
283,5443,961899247,2023-11-01 06:18:00,2023-11-01 08:42:00,206,PLINE300,4230851,SU8000,caluwaer,31699/00055
284,5443,961962735,2023-11-01 10:34:00,2023-11-01 12:59:00,207,PLINE300,N/a,SU8000,sainch77,39320/36502
285,5443,962120290,2023-11-01 19:41:00,2023-11-01 20:09:00,208,PLINE300,N/a,SU8000,billin72,39320/36502
286,5443,962240406,2023-12-01 07:45:00,2023-12-01 12:05:00,209,PLINE300,4230026,SU8000,vdbroecn,31199/01655
288,5443,962865804,2023-01-14 04:03:00,2023-01-14 07:19:00,210,PLINE300,4231315,SU8000,caluwaer,31699/00055
289,5443,963379088,2023-01-16 13:31:00,2023-01-16 14:19:00,211,PLINE300,N/a,SU8000,maes72,98300/14175
290,5443,963710279,2023-01-17 13:17:00,2023-01-17 15:06:00,212,PLINE300,4232825,SU8000,maes72,98300/14175
291,5443,963943631,2023-01-18 04:25:00,2023-01-18 08:37:00,213,PLINE300,4232106,SU8000,caluwaer,31699/00055
292,5443,964195382,2023-01-18 22:08:00,2023-01-19 01:44:00,214,PLINE300,N/a,SU8000,sainch77,39320/36502
293,5443,964255482,2023-01-19 03:48:00,2023-01-19 07:15:00,215,PLINE300,4232109,SU8000,caluwaer,31699/00055
295,5443,964584942,2023-01-20 00:43:00,2023-01-20 03:06:00,216,PLINE300,N/a,SU8000,sainch77,39320/36502
296,5443,964611367,2023-01-20 03:46:00,2023-01-20 09:19:00,217,PLINE300,4232111,SU8000,caluwaer,31699/00055
297,5443,964984263,2023-01-21 03:56:00,2023-01-21 07:18:00,218,PLINE300,4232112,SU8000,caluwaer,31699/00055
298,5443,965178572,2023-01-22 03:43:00,2023-01-22 08:03:00,219,PLINE300,N/a,SU8000,caluwaer,31699/00055
299,5443,965591711,2023-01-23 20:07:00,2023-01-23 21:20:00,220,PLINE300,N/a,SU8000,billin72,39320/36502
302,5443,966056802,2023-01-25 10:11:00,2023-01-25 11:46:00,221,PLINE300,N/a,SU8000,michal78,39320/36502
303,5463,961971579,2023-11-01 10:55:00,2023-11-01 13:14:00,222,PLINE200,4230162,ACT12_MTM,cooman32,37037/01949
304,5463,962262861,2023-12-01 09:38:00,2023-12-01 11:09:00,223,PLINE200,4231098,ACT12_MTM,cooman32,37004/37141
305,5463,964673036,2023-01-20 10:00:00,2023-01-20 13:49:00,224,PLINE200,4233560,ACT12_MTM,haever53,37004/37141
307,5463,966143929,2023-01-25 15:28:00,2023-01-25 20:46:00,225,PLINE200,4235269,ACT12_MTM,cooman32,37004/37141
309,5635,961971566,2023-11-01 10:55:00,2023-11-01 12:37:00,226,PLINE200,4230161,AP300,cooman32,37037/01949
311,5635,964307648,2023-01-19 09:01:00,2023-01-20 14:00:00,227,PLINE200,4233433,AP300,uruena10,32299/00013
312,5635,964755018,2023-01-20 14:00:00,2023-01-20 14:44:00,228,PLINE200,4233765,AP300,uruena10,32299/00013
314,5635,966134553,2023-01-25 15:05:00,2023-01-25 20:46:00,229,PLINE200,4235267,AP300,cooman32,37004/37141
315,6277,960309394,2023-04-01 18:23:00,2023-04-01 19:35:00,230,PLINE300,4220034,DNS_4,verstr99,31199/00650
316,6277,960428179,2023-05-01 09:33:00,2023-05-01 13:27:00,231,PLINE300,4228757,DNS_4,sebai,32399/30027
318,6277,960809562,2023-06-01 14:15:00,2023-06-01 15:37:00,232,PLINE300,4229029,DNS_4,mehdi55,30990/02249
319,6277,961713079,2023-10-01 15:03:00,2023-10-01 16:50:00,233,PLINE300,4229205,DNS_4,vanbel53,31199/00650
321,6277,964319859,2023-01-19 10:00:00,2023-01-19 10:45:00,234,PLINE300,4233344,DNS_4,rahmat49,30990/32063
322,6277,964466895,2023-01-19 17:22:00,2023-01-19 17:42:00,235,PLINE300,4233146,DNS_4,vanbel53,31199/00650
323,6653,966064219,2023-01-25 10:39:00,2023-01-25 14:44:00,236,PLINE300,4234664,CELLESTA,annama94,32005/01084
325,7053,960722542,2023-06-01 08:56:00,2023-06-01 15:44:00,237,PLINE300,4229033,REFLEXION_4,kenens78,98850/02021
326,7053,962552678,2023-01-13 06:35:00,2023-01-13 08:30:00,238,PLINE300,4231482,REFLEXION_4,raymaek,37037/01743
327,7053,962583294,2023-01-13 08:59:00,2023-01-13 13:12:00,239,PLINE300,4230939,REFLEXION_4,kenens78,98850/02081
328,7053,964742836,2023-01-20 13:26:00,2023-01-20 14:16:00,240,PLINE300,4233866,REFLEXION_4,kenens78,38199/01952
329,7053,965374636,2023-01-23 09:08:00,2023-01-23 15:14:00,241,PLINE300,4233695,REFLEXION_4,kenens78,38199/01952
330,7379,966129928,2023-01-25 14:52:00,2023-01-25 15:35:00,242,PLINE300,4235354,SC1950,tseng69,36056/01225
331,7469,960275792,2023-04-01 16:48:00,2023-04-01 20:30:00,243,PLINE200,4220013,DEBOND_CLEANER,lefevr14,98300/01618
333,7469,966040432,2023-01-25 09:10:00,2023-01-25 12:09:00,244,PLINE200,N/a,DEBOND_CLEANER,han41,36671/01224
336,7518,963097308,2023-01-15 09:08:00,2023-01-15 15:39:00,245,PLINE200,N/a,MIRRA_3,hillaert,36999/36999
337,7518,963272986,2023-01-16 08:54:00,2023-01-16 10:53:00,246,PLINE200,4232031,MIRRA_3,kyaw73,36026/01224
345,7554,962009948,2023-11-01 13:04:00,2023-11-01 16:01:00,247,PLINE300,4230140,HITACHI5000,hillen84,31199/01680
351,7554,965779682,2023-01-24 13:02:00,2023-01-24 18:03:00,248,PLINE300,4234693,HITACHI5000,hillen84,31199/01680
352,7554,965883306,2023-01-24 18:03:00,2023-01-25 12:48:00,249,PLINE300,4234694,HITACHI5000,hillen84,31199/01680
353,7554,966097769,2023-01-25 12:48:00,2023-01-25 14:33:00,250,PLINE300,4235101,HITACHI5000,hillen84,31199/01680
354,7694,960459324,2023-05-01 10:59:00,2023-05-01 11:43:00,251,PLINE300,4220340,LAM_E5,vallat65,31299/02062
355,7694,960521254,2023-05-01 15:07:00,2023-05-01 18:49:00,252,PLINE300,4228691,LAM_E5,fathze21,31299/02062
356,7694,961288089,2023-09-01 09:34:00,2023-09-01 11:02:00,253,PLINE300,4229330,LAM_E5,taozheng,38199/01951
357,7694,962051706,2023-11-01 15:35:00,2023-11-01 17:20:00,254,PLINE300,4230846,LAM_E5,dupuy21,31299/01904
358,7694,962282792,2023-12-01 10:31:00,2023-12-01 11:10:00,255,PLINE300,4230996,LAM_E5,vallat65,31299/02062
359,7694,962329163,2023-12-01 13:20:00,2023-12-01 14:13:00,256,PLINE300,4231247,LAM_E5,elotel43,31299/01904
360,7694,962371514,2023-12-01 15:35:00,2023-12-01 20:15:00,257,PLINE300,4231277,LAM_E5,dupuy21,31299/01904
361,7694,963649764,2023-01-17 09:29:00,2023-01-17 10:53:00,258,PLINE300,4232365,LAM_E5,fathze21,31299/02062
362,7694,963679250,2023-01-17 10:58:00,2023-01-17 11:58:00,259,PLINE300,4232335,LAM_E5,vallat65,31299/02062
363,7694,963717834,2023-01-17 13:52:00,2023-01-17 14:17:00,260,PLINE300,4232550,LAM_E5,raymae79,98601/01062
365,7694,964697426,2023-01-20 11:10:00,2023-01-20 11:29:00,261,PLINE300,4233777,LAM_E5,ledain47,98601/01062
368,7892,962587807,2023-01-13 09:14:00,2023-01-13 11:55:00,262,PLINE200,4231495,MOUNTER_LH,ameghn57,36671/01224
369,7932,962676765,2023-01-13 14:14:00,2023-01-13 17:41:00,263,PLINE200,4231811,CAMTEK,vandrom,98000/14072
370,7932,964709520,2023-01-20 11:40:00,2023-01-20 14:14:00,264,PLINE200,4233829,CAMTEK,reniersd,36003/36504
371,8074,960898525,2023-06-01 18:12:00,2023-06-01 18:44:00,265,PLINE300,4229314,SP3,sauced97,32005/01084
372,8074,961291915,2023-09-01 09:48:00,2023-09-01 10:07:00,266,PLINE300,4229650,SP3,thukka30,30990/32063
373,8074,961664276,2023-10-01 12:01:00,2023-10-01 12:18:00,267,PLINE300,4230048,SP3,sebai,32399/30027
374,8074,962310278,2023-12-01 11:55:00,2023-12-01 12:37:00,268,PLINE300,4231241,SP3,sebai,32399/30027
375,8074,962640825,2023-01-13 12:04:00,2023-01-13 12:56:00,269,PLINE300,4231774,SP3,sebai,32399/30027
378,8133,960412976,2023-05-01 08:29:00,2023-05-01 10:01:00,270,PLINE300,4219862,TR3300,robber85,31199/30079
379,8133,960896896,2023-06-01 18:11:00,2023-06-01 20:54:00,271,PLINE300,4229065,TR3300,furuka28,31199/01514
380,8133,961185623,2023-08-01 14:02:00,2023-08-01 15:43:00,272,PLINE300,4229346,TR3300,furuka28,31199/01514
381,8133,961405400,2023-09-01 16:49:00,2023-09-01 17:09:00,273,PLINE300,4229719,TR3300,furuka28,31199/01514
382,8133,961919658,2023-11-01 07:59:00,2023-11-01 09:43:00,274,PLINE300,4228710,TR3300,cloost23,31199/30079
383,8133,962928906,2023-01-14 13:04:00,2023-01-14 14:35:00,275,PLINE300,4231708,TR3300,le27,31199/30079
387,8133,964300722,2023-01-19 08:37:00,2023-01-19 09:38:00,276,PLINE300,4231677,TR3300,lecocq91,31199/30079
388,8133,964903953,2023-01-20 21:05:00,2023-01-20 22:07:00,277,PLINE300,4233637,TR3300,oguma46,31199/30092
389,8133,965474635,2023-01-23 15:08:00,2023-01-23 16:59:00,278,PLINE300,4233234,TR3300,furuka28,31199/01514
390,8133,965704244,2023-01-24 08:00:00,2023-01-24 09:23:00,279,PLINE300,4234762,TR3300,maessc90,31199/30079
391,8133,966030410,2023-01-25 08:04:00,2023-01-25 10:00:00,280,PLINE300,4233816,TR3300,maessc90,31199/30079
392,8288,962592217,2023-01-13 09:33:00,2023-01-13 12:57:00,281,PLINE200,4231372,CIPT,talmel16,31499/02180
393,8487,959890923,2023-03-01 10:22:00,2023-03-01 13:01:00,282,PLINE300,4209079,JVX7300M,tielens,32499/38006
394,8487,960443378,2023-05-01 10:32:00,2023-05-01 11:42:00,283,PLINE300,4228633,JVX7300M,dekkers,31499/01284
395,8487,960738317,2023-06-01 10:03:00,2023-06-01 13:01:00,284,PLINE300,4228851,JVX7300M,tielens,36003/01221
396,8487,961946778,2023-11-01 09:50:00,2023-11-01 11:39:00,285,PLINE300,4230867,JVX7300M,tielens,32499/38006
397,8487,961993309,2023-11-01 12:00:00,2023-11-01 12:35:00,286,PLINE300,4230549,JVX7300M,dubey63,30990/01658
398,8487,962271928,2023-12-01 10:00:00,2023-12-01 10:25:00,287,PLINE300,4230116,JVX7300M,pena,98601/01847
399,8487,963302295,2023-01-16 10:00:00,2023-01-16 10:29:00,288,PLINE300,4231910,JVX7300M,dubey63,30990/01658
400,8487,963380575,2023-01-16 13:38:00,2023-01-16 15:11:00,289,PLINE300,4231538,JVX7300M,agiann70,31499/01284
401,8487,964018921,2023-01-18 11:34:00,2023-01-18 13:51:00,290,PLINE300,4232692,JVX7300M,porret,32499/01922
402,8487,965799686,2023-01-24 14:08:00,2023-01-24 15:02:00,291,PLINE300,4234785,JVX7300M,dubey63,30990/01658
403,8487,966121314,2023-01-25 14:18:00,2023-01-25 15:10:00,292,PLINE300,4235152,JVX7300M,dubey63,30990/01658
404,8786,959995426,2023-03-01 15:54:00,2023-04-01 09:28:00,293,PLINE200,4205514,EV11,talmel16,31499/02180
405,8786,961298822,2023-09-01 10:15:00,2023-09-01 15:33:00,294,PLINE200,4229421,EV11,jansse23,31499/00432
406,8786,961404904,2023-09-01 16:47:00,2023-10-01 09:14:00,295,PLINE200,4229319,EV11,talmel16,31499/02180
408,8786,961756271,2023-10-01 17:31:00,2023-11-01 09:14:00,296,PLINE200,4229321,EV11,talmel16,31499/02180
411,8847,961620708,2023-10-01 09:20:00,2023-10-01 13:33:00,297,PLINE200,N/a,FUSIONBONDER,han41,36671/01224
412,8907,960145795,2023-04-01 07:20:00,2023-04-01 07:57:00,298,PLINE200,4219856,SPTS_OMEGA,nedelj21,36004/01224
415,8907,966046732,2023-01-25 09:36:00,2023-01-25 09:53:00,299,PLINE200,4235278,SPTS_OMEGA,palomb58,36004/01224
417,9290,961617928,2023-10-01 09:01:00,2023-10-01 11:32:00,300,PLINE200,4228758,TEMP_BONDER,han41,36671/01224
418,9290,961670920,2023-10-01 12:30:00,2023-10-01 16:05:00,301,PLINE200,4229850,TEMP_BONDER,ameghn57,36671/01224
419,9290,961944464,2023-11-01 09:38:00,2023-11-01 09:54:00,302,PLINE200,N/a,TEMP_BONDER,jedidi64,31012/01084
420,9290,961975542,2023-11-01 11:08:00,2023-11-01 14:43:00,303,PLINE200,4230132,TEMP_BONDER,ghosh40,98500/01852
422,9290,962168709,2023-11-01 22:57:00,2023-11-01 23:23:00,304,PLINE200,4230132,TEMP_BONDER,langenus,98500/01852
423,9290,962174600,2023-11-01 23:23:00,2023-12-01 01:05:00,305,PLINE200,4230132,TEMP_BONDER,langenus,98500/01852
425,9290,962241426,2023-12-01 07:50:00,2023-12-01 10:58:00,306,PLINE200,4229684,TEMP_BONDER,deloore,98500/01852
428,9290,962618260,2023-01-13 11:04:00,2023-01-14 00:33:00,307,PLINE200,N/a,TEMP_BONDER,ghosh40,98500/01852
429,9290,963976670,2023-01-18 08:26:00,2023-01-18 16:42:00,308,PLINE200,4232826,TEMP_BONDER,ghosh40,98500/01852
432,9290,965761472,2023-01-24 11:35:00,2023-01-24 16:57:00,309,PLINE200,N/a,TEMP_BONDER,guerrera,32299/00716
433,9566,961740120,2023-10-01 16:48:00,2023-10-01 19:06:00,310,PLINE300,4230054,ANELVA_3,li17,38199/14775
434,9566,964660556,2023-01-20 09:15:00,2023-01-20 10:31:00,311,PLINE300,4233799,ANELVA_3,li17,38199/01284
435,9587,966043720,2023-01-25 09:26:00,2023-01-25 14:01:00,312,PLINE200,4235227,SAM300,chen70,38199/01132
436,9588,960161631,2023-04-01 09:15:00,2023-04-01 11:30:00,313,PLINE300,4220291,EDR7100,verstr99,31199/00650
438,9588,960741387,2023-06-01 10:09:00,2023-06-01 12:12:00,314,PLINE300,4219849,EDR7100,schrauw,31199/30079
440,9588,964067905,2023-01-18 14:29:00,2023-01-18 19:19:00,315,PLINE300,4232905,EDR7100,schrauw,31199/02273
443,9666,961736176,2023-10-01 16:37:00,2023-10-01 18:07:00,316,PLINE300,4229980,TEL_TACTRAS2,feurpr61,31199/02273
444,9666,962043963,2023-11-01 15:03:00,2023-11-01 18:53:00,317,PLINE300,4230828,TEL_TACTRAS2,feurpr61,31199/02273
445,9666,962312034,2023-12-01 12:02:00,2023-12-01 13:53:00,318,PLINE300,4231267,TEL_TACTRAS2,feurpr61,31199/02273
446,9666,962609593,2023-01-13 10:40:00,2023-01-13 12:31:00,319,PLINE300,4231652,TEL_TACTRAS2,feurpr61,98601/00962
447,9666,962680489,2023-01-13 14:25:00,2023-01-13 15:18:00,320,PLINE300,4231685,TEL_TACTRAS2,monter30,32299/00588
449,10087,960275817,2023-04-01 16:50:00,2023-04-01 19:04:00,321,PLINE300,4220437,CIRCL,janard53,38199/01715
452,10087,960926005,2023-06-01 19:15:00,2023-06-01 20:31:00,322,PLINE300,4229510,CIRCL,janard53,31012/01084
453,10087,961268561,2023-09-01 07:36:00,2023-09-01 11:57:00,323,PLINE300,4229516,CIRCL,janard53,32299/01084
456,10087,961967319,2023-11-01 10:40:00,2023-11-01 11:23:00,324,PLINE300,4230874,CIRCL,janard53,32102/01048
457,10087,962245153,2023-12-01 08:03:00,2023-12-01 08:29:00,325,PLINE300,4231057,CIRCL,cochet,32299/00013
459,10087,963427646,2023-01-16 16:14:00,2023-01-16 21:19:00,326,PLINE300,N/a,CIRCL,janard53,32299/31838
460,10087,965457960,2023-01-23 14:06:00,2023-01-23 16:21:00,327,PLINE300,N/a,CIRCL,lieben52,38199/02180
448,10087,966044971,2023-01-25 09:32:00,2023-01-25 11:34:00,328,PLINE300,N/a,CIRCL,reniersd,32299/00013
464,10206,962312647,2023-12-01 12:04:00,2023-12-01 14:04:00,329,PLINE300,4230115,H5000_2,cloost23,31199/30079
465,10206,962484951,2023-12-01 23:09:00,2023-01-13 01:44:00,330,PLINE300,4229768,H5000_2,schrauw,31199/30117
466,10206,963726050,2023-01-17 14:18:00,2023-01-17 19:53:00,331,PLINE300,4232827,H5000_2,schrauw,31199/31247
469,10206,965307148,2023-01-22 19:45:00,2023-01-22 22:36:00,332,PLINE300,4233489,H5000_2,irutha45,31199/31147
471,10206,966086374,2023-01-25 11:58:00,2023-01-25 13:47:00,333,PLINE300,4234377,H5000_2,maessc90,31199/30079
473,10448,961717163,2023-10-01 15:19:00,2023-10-01 19:02:00,334,PLINE300,4229846,TITAN,carola29,42199/00160
474,10448,962938465,2023-01-14 13:51:00,2023-01-15 15:23:00,335,PLINE300,4232105,TITAN,carola29,42199/00160
475,10448,964224105,2023-01-19 00:37:00,2023-01-19 03:56:00,336,PLINE300,4232678,TITAN,impagn97,42199/00160
476,10448,964584569,2023-01-20 00:39:00,2023-01-20 04:03:00,337,PLINE300,4232353,TITAN,impagn97,42199/00160
477,10448,964922918,2023-01-20 22:50:00,2023-01-21 00:03:00,338,PLINE300,4233506,TITAN,impagn97,42199/00160
478,10448,965502392,2023-01-23 16:46:00,2023-01-23 21:06:00,339,PLINE300,4233850,TITAN,impagn97,42199/00160
480,10449,959616189,2023-02-01 10:05:00,2023-02-01 14:07:00,340,PLINE300,N/a,HELIOS450,nelisl,42199/00160
481,10449,962109489,2023-11-01 18:17:00,2023-11-01 20:59:00,341,PLINE300,4231111,HELIOS450,carola29,42199/00160
483,10451,965445745,2023-01-23 13:35:00,2023-01-23 15:42:00,342,PLINE300,N/a,NOVA600,maes72,98300/14175
485,10475,966060172,2023-01-25 10:23:00,2023-01-25 16:06:00,343,PLINE300,4233764,EXCEL_1,martel37,37013/01883
486,10483,961638694,2023-10-01 10:34:00,2023-10-01 12:18:00,344,PLINE300,4229736,EXCEL_2,channa40,37093/02178
487,10648,963392831,2023-01-16 14:31:00,2023-01-16 15:04:00,345,PLINE300,4232059,TR2000,hillen84,31199/01680
488,10648,963422169,2023-01-16 15:57:00,2023-01-16 17:22:00,346,PLINE300,4232060,TR2000,hillen84,31199/01680
489,10648,964404579,2023-01-19 14:26:00,2023-01-19 15:04:00,347,PLINE300,4233410,TR2000,hillen84,31199/01680
490,10648,965717908,2023-01-24 09:30:00,2023-01-24 10:45:00,348,PLINE300,4234849,TR2000,hillen84,31199/01680
491,10907,959995007,2023-03-01 15:51:00,2023-03-01 17:38:00,349,PLINE300,N/a,HELIOS1200,vrebos45,39320/36502
492,10907,960045157,2023-03-01 18:57:00,2023-03-01 21:22:00,350,PLINE300,N/a,HELIOS1200,derudd92,39320/36502
493,10907,960073673,2023-03-01 22:08:00,2023-04-01 01:37:00,351,PLINE300,N/a,HELIOS1200,konecn85,97700/01368
494,10907,960103473,2023-04-01 02:07:00,2023-04-01 06:00:00,352,PLINE300,N/a,HELIOS1200,vdstaey,39320/36502
495,10907,960133917,2023-04-01 06:19:00,2023-04-01 07:53:00,353,PLINE300,N/a,HELIOS1200,sterke41,39320/36502
496,10907,960153973,2023-04-01 07:55:00,2023-04-01 09:57:00,354,PLINE300,4209046,HELIOS1200,dangol,37092/02172
498,10907,960239265,2023-04-01 14:14:00,2023-04-01 18:05:00,355,PLINE300,N/a,HELIOS1200,derudd92,39320/36502
501,10907,960393286,2023-05-01 06:19:00,2023-05-01 07:55:00,356,PLINE300,N/a,HELIOS1200,sterke41,39320/36502
502,10907,960410550,2023-05-01 08:05:00,2023-05-01 09:59:00,357,PLINE300,4220123,HELIOS1200,iraci88,37092/02172
503,10907,960486829,2023-05-01 12:48:00,2023-05-01 13:36:00,358,PLINE300,N/a,HELIOS1200,sterke41,39320/36502
505,10907,960596021,2023-05-01 18:58:00,2023-05-01 21:38:00,359,PLINE300,N/a,HELIOS1200,sainch77,39320/36502
507,10907,960701967,2023-06-01 06:37:00,2023-06-01 07:58:00,360,PLINE300,4229003,HELIOS1200,vrancken,37092/02172
508,10907,960715962,2023-06-01 08:00:00,2023-06-01 09:52:00,361,PLINE300,4220122,HELIOS1200,iraci88,37092/02172
509,10907,960746756,2023-06-01 10:22:00,2023-06-01 13:44:00,362,PLINE300,N/a,HELIOS1200,decler36,39320/36502
510,10907,960844295,2023-06-01 15:59:00,2023-06-01 17:46:00,363,PLINE300,4220046,HELIOS1200,stiersj,38199/01490
511,10907,960923831,2023-06-01 19:09:00,2023-06-01 21:37:00,364,PLINE300,N/a,HELIOS1200,sainch77,39320/36502
512,10907,960957281,2023-06-01 22:11:00,2023-07-01 06:10:00,365,PLINE300,N/a,HELIOS1200,konecn85,38199/37834
513,10907,961005522,2023-07-01 06:40:00,2023-07-01 09:41:00,366,PLINE300,N/a,HELIOS1200,vrebos45,39320/36502
514,10907,961027755,2023-07-01 10:08:00,2023-07-01 12:27:00,367,PLINE300,4209040,HELIOS1200,demoniei,37092/02172
515,10907,961104180,2023-07-01 18:51:00,2023-07-01 23:50:00,368,PLINE300,N/a,HELIOS1200,derudd92,39320/36502
516,10907,961144512,2023-08-01 05:27:00,2023-08-01 07:04:00,369,PLINE300,4209041,HELIOS1200,caluwaer,37092/02172
517,10907,961153682,2023-08-01 07:43:00,2023-08-01 10:45:00,370,PLINE300,N/a,HELIOS1200,vrebos45,39320/36502
518,10907,961174581,2023-08-01 11:32:00,2023-08-01 15:18:00,371,PLINE300,N/a,HELIOS1200,vrebos45,39320/36502
519,10907,961193293,2023-08-01 15:59:00,2023-08-01 17:58:00,372,PLINE300,N/a,HELIOS1200,vrebos45,39320/36502
520,10907,961222703,2023-08-01 18:54:00,2023-08-01 23:51:00,373,PLINE300,N/a,HELIOS1200,derudd92,39320/36502
521,10907,961259575,2023-09-01 06:38:00,2023-09-01 09:55:00,374,PLINE300,N/a,HELIOS1200,sainch77,39320/36502
522,10907,961294660,2023-09-01 09:59:00,2023-09-01 11:53:00,375,PLINE300,4229004,HELIOS1200,iraci88,37092/02172
523,10907,961336101,2023-09-01 12:20:00,2023-09-01 13:53:00,376,PLINE300,N/a,HELIOS1200,rutkow29,39320/36502
525,10907,961540683,2023-09-01 22:22:00,2023-10-01 00:52:00,377,PLINE300,N/a,HELIOS1200,sterke41,39320/36502
526,10907,961565680,2023-10-01 01:51:00,2023-10-01 05:42:00,378,PLINE300,N/a,HELIOS1200,dutrow20,39320/36502
527,10907,961594604,2023-10-01 06:26:00,2023-10-01 09:20:00,379,PLINE300,N/a,HELIOS1200,sainch77,39320/36502
528,10907,961626662,2023-10-01 09:50:00,2023-10-01 11:53:00,380,PLINE300,4229014,HELIOS1200,vrancken,37092/02172
529,10907,961664765,2023-10-01 12:03:00,2023-10-01 12:49:00,381,PLINE300,4229014,HELIOS1200,peeter11,37092/02172
531,10907,961796665,2023-10-01 19:18:00,2023-10-01 21:52:00,382,PLINE300,N/a,HELIOS1200,michal78,39320/36502
532,10907,961833318,2023-10-01 22:00:00,2023-10-01 22:31:00,383,PLINE300,N/a,HELIOS1200,decler36,39320/36502
534,10907,961899769,2023-11-01 06:24:00,2023-11-01 07:58:00,384,PLINE300,N/a,HELIOS1200,rutkow29,39320/36502
535,10907,961920532,2023-11-01 08:02:00,2023-11-01 09:38:00,385,PLINE300,4229016,HELIOS1200,stiersj,37092/02172
536,10907,961948157,2023-11-01 09:54:00,2023-11-01 13:50:00,386,PLINE300,4229016,HELIOS1200,peeter11,37092/02172
537,10907,962027179,2023-11-01 14:12:00,2023-11-01 22:01:00,387,PLINE300,N/a,HELIOS1200,konecn85,98850/02081
539,10907,962232977,2023-12-01 07:05:00,2023-12-01 08:09:00,388,PLINE300,4231068,HELIOS1200,demoniei,37092/02172
540,10907,962247705,2023-12-01 08:17:00,2023-12-01 10:23:00,389,PLINE300,4229685,HELIOS1200,vrancken,37092/02172
543,10907,962684741,2023-01-13 14:37:00,2023-01-13 14:39:00,390,PLINE300,N/a,HELIOS1200,vrebos45,39320/36502
544,10907,962740052,2023-01-13 17:20:00,2023-01-13 18:14:00,391,PLINE300,N/a,HELIOS1200,vrebos45,39320/36502
545,10907,962787172,2023-01-13 19:29:00,2023-01-13 21:34:00,392,PLINE300,N/a,HELIOS1200,derudd92,39320/36502
546,10907,962852428,2023-01-14 02:43:00,2023-01-14 04:31:00,393,PLINE300,N/a,HELIOS1200,decler36,39320/36502
547,10907,962871340,2023-01-14 05:22:00,2023-01-14 06:06:00,394,PLINE300,N/a,HELIOS1200,decler36,39320/36502
548,10907,962877050,2023-01-14 06:42:00,2023-01-14 14:30:00,395,PLINE300,N/a,HELIOS1200,konecn85,98850/02081
549,10907,962960462,2023-01-14 15:30:00,2023-01-14 18:03:00,396,PLINE300,N/a,HELIOS1200,konecn85,38199/01792
550,10907,963016720,2023-01-14 19:08:00,2023-01-15 06:12:00,397,PLINE300,N/a,HELIOS1200,michal78,39320/36502
551,10907,963079506,2023-01-15 06:18:00,2023-01-15 07:45:00,398,PLINE300,4229274,HELIOS1200,caluwaer,37092/02172
552,10907,963102474,2023-01-15 10:20:00,2023-01-15 18:07:00,399,PLINE300,N/a,HELIOS1200,konecn85,38199/01792
553,10907,963192756,2023-01-15 18:54:00,2023-01-15 21:58:00,400,PLINE300,N/a,HELIOS1200,michal78,39320/36502
554,10907,963214054,2023-01-15 21:58:00,2023-01-16 05:36:00,401,PLINE300,N/a,HELIOS1200,michal78,39320/36502
555,10907,963249247,2023-01-16 06:31:00,2023-01-16 10:03:00,402,PLINE300,N/a,HELIOS1200,derudd92,39320/36502
556,10907,963308104,2023-01-16 10:05:00,2023-01-16 11:56:00,403,PLINE300,4231458,HELIOS1200,iraci88,37092/02172
557,10907,963358057,2023-01-16 12:38:00,2023-01-16 14:21:00,404,PLINE300,4232269,HELIOS1200,vrancken,37092/02172
558,10907,963391072,2023-01-16 14:24:00,2023-01-16 21:15:00,405,PLINE300,N/a,HELIOS1200,decler36,39320/36502
559,10907,963540971,2023-01-16 22:23:00,2023-01-17 06:14:00,406,PLINE300,N/a,HELIOS1200,sainch77,39320/36502
562,10907,963716521,2023-01-17 13:48:00,2023-01-17 21:41:00,407,PLINE300,N/a,HELIOS1200,decler36,39320/36502
565,10907,964034322,2023-01-18 12:35:00,2023-01-18 13:55:00,408,PLINE300,N/a,HELIOS1200,vrebos45,39320/36502
566,10907,964065651,2023-01-18 14:23:00,2023-01-18 21:46:00,409,PLINE300,N/a,HELIOS1200,decler36,39320/36502
567,10907,964192492,2023-01-18 22:00:00,2023-01-19 05:47:00,410,PLINE300,N/a,HELIOS1200,peeter11,36003/36502
568,10907,964286500,2023-01-19 07:20:00,2023-01-19 08:41:00,411,PLINE300,4233313,HELIOS1200,brus,38199/37834
569,10907,964303542,2023-01-19 08:54:00,2023-01-19 10:23:00,412,PLINE300,4233337,HELIOS1200,iraci88,38199/37834
570,10907,964330011,2023-01-19 10:31:00,2023-01-19 13:42:00,413,PLINE300,N/a,HELIOS1200,vrebos45,39320/36502
571,10907,964402865,2023-01-19 14:21:00,2023-01-19 18:05:00,414,PLINE300,N/a,HELIOS1200,michal78,39320/36502
572,10907,964508793,2023-01-19 18:43:00,2023-01-19 21:51:00,415,PLINE300,N/a,HELIOS1200,michal78,39320/36502
573,10907,964554461,2023-01-19 22:21:00,2023-01-20 05:40:00,416,PLINE300,N/a,HELIOS1200,peeter11,36003/36502
574,10907,964637346,2023-01-20 06:29:00,2023-01-20 06:29:00,417,PLINE300,N/a,HELIOS1200,dvriendt,32299/00013
575,10907,964637771,2023-01-20 06:31:00,2023-01-20 08:09:00,418,PLINE300,N/a,HELIOS1200,dvriendt,32299/00013
576,10907,964653462,2023-01-20 08:10:00,2023-01-20 10:11:00,419,PLINE300,4231463,HELIOS1200,brus,37092/02172
577,10907,964679295,2023-01-20 10:16:00,2023-01-20 13:44:00,420,PLINE300,N/a,HELIOS1200,vrebos45,39320/36502
578,10907,964800700,2023-01-20 16:02:00,2023-01-20 22:03:00,421,PLINE300,N/a,HELIOS1200,michal78,39320/36502
579,10907,964915426,2023-01-20 22:11:00,2023-01-21 02:15:00,422,PLINE300,N/a,HELIOS1200,sainch77,39320/36502
580,10907,964975522,2023-01-21 02:59:00,2023-01-21 06:02:00,423,PLINE300,N/a,HELIOS1200,rutkow29,39320/36502
581,10907,965018771,2023-01-21 08:14:00,2023-01-21 09:57:00,424,PLINE300,N/a,HELIOS1200,decler36,39320/36502
583,10907,965057566,2023-01-21 12:14:00,2023-01-21 18:22:00,425,PLINE300,N/a,HELIOS1200,decler36,39320/36502
584,10907,965186569,2023-01-22 06:41:00,2023-01-22 10:31:00,426,PLINE300,N/a,HELIOS1200,dutrow20,39320/36502
585,10907,965221486,2023-01-22 10:35:00,2023-01-22 11:49:00,427,PLINE300,N/a,HELIOS1200,decler36,39320/36502
586,10907,965243341,2023-01-22 12:23:00,2023-01-22 18:36:00,428,PLINE300,N/a,HELIOS1200,decler36,39320/36502
587,10907,965346125,2023-01-23 06:36:00,2023-01-23 10:00:00,429,PLINE300,N/a,HELIOS1200,michal78,39320/36502
588,10907,965399655,2023-01-23 10:41:00,2023-01-23 12:01:00,430,PLINE300,4233247,HELIOS1200,iraci88,37092/02172
590,10907,965568603,2023-01-23 18:44:00,2023-01-23 21:26:00,431,PLINE300,N/a,HELIOS1200,sainch77,39320/36502
591,10907,965658385,2023-01-24 02:05:00,2023-01-24 05:55:00,432,PLINE300,N/a,HELIOS1200,vrebos45,39320/36502
592,10907,965686156,2023-01-24 06:33:00,2023-01-24 09:59:00,433,PLINE300,N/a,HELIOS1200,michal78,39320/36502
593,10907,965729202,2023-01-24 10:04:00,2023-01-24 12:03:00,434,PLINE300,4233248,HELIOS1200,vrancken,37092/02172
594,10907,965787586,2023-01-24 13:41:00,2023-01-24 18:46:00,435,PLINE300,N/a,HELIOS1200,rutkow29,39320/36502
595,10907,965903270,2023-01-24 19:53:00,2023-01-24 21:47:00,436,PLINE300,N/a,HELIOS1200,sainch77,39320/36502
596,10907,965927487,2023-01-24 21:56:00,2023-01-24 22:04:00,437,PLINE300,N/a,HELIOS1200,lookma25,39320/36502
597,10907,965929594,2023-01-24 22:09:00,2023-01-25 02:06:00,438,PLINE300,N/a,HELIOS1200,derudd92,39320/36502
598,10907,965976981,2023-01-25 02:50:00,2023-01-25 06:00:00,439,PLINE300,N/a,HELIOS1200,vrebos45,39320/36502
599,10907,966009357,2023-01-25 06:24:00,2023-01-25 07:50:00,440,PLINE300,N/a,HELIOS1200,michal78,39320/36502
601,10907,966055656,2023-01-25 10:06:00,2023-01-25 12:54:00,441,PLINE300,N/a,HELIOS1200,gade18,39320/36502
603,10907,966221818,2023-01-25 19:28:00,2023-01-25 21:41:00,442,PLINE300,N/a,HELIOS1200,sainch77,39320/36502
604,10986,964107674,2023-01-18 16:11:00,2023-01-18 16:41:00,443,PLINE300,4232873,DNS_5,decost63,38199/01936
605,10986,966157535,2023-01-25 16:09:00,2023-01-25 16:57:00,444,PLINE300,4235526,DNS_5,decost63,31399/31519
607,10996,960401306,2023-05-01 07:06:00,2023-05-01 09:36:00,445,PLINE300,4220478,DNS_6,drent34,31199/31811
608,10996,960706027,2023-06-01 07:04:00,2023-06-01 09:27:00,446,PLINE300,4229035,DNS_6,drent34,31199/31811
609,10996,963705692,2023-01-17 13:00:00,2023-01-17 13:59:00,447,PLINE300,4231633,DNS_6,kim11,30990/01658
610,10996,964699184,2023-01-20 11:17:00,2023-01-20 11:29:00,448,PLINE300,4233428,DNS_6,patel41,30990/02250
615,11108,964650804,2023-01-20 07:48:00,2023-01-20 10:16:00,449,PLINE300,4230027,YS250,sterckxg,31199/31811
616,11146,962327068,2023-12-01 13:11:00,2023-12-01 16:06:00,450,PLINE300,4231119,XP8,kimura50,39423/01224
617,11146,963366041,2023-01-16 12:59:00,2023-01-16 15:50:00,451,PLINE300,4231620,XP8,kimura50,39423/01225
618,11146,964392029,2023-01-19 13:35:00,2023-01-19 15:25:00,452,PLINE300,4232583,XP8,kimura50,39423/01224
619,11146,964659060,2023-01-20 09:06:00,2023-01-20 16:14:00,453,PLINE300,4233735,XP8,kimura50,39423/01225
620,11146,965374234,2023-01-23 09:06:00,2023-01-23 16:21:00,454,PLINE300,4233737,XP8,kimura50,39423/01225
626,11926,959982096,2023-03-01 15:06:00,2023-03-01 19:35:00,455,PLINE300,N/a,HELIOS460,impagn97,42199/00160
627,11926,960405168,2023-05-01 07:31:00,2023-05-01 09:04:00,456,PLINE300,N/a,HELIOS460,billin72,39320/36502
628,11926,961399883,2023-09-01 16:21:00,2023-09-01 17:46:00,457,PLINE300,4229868,HELIOS460,carola29,42199/00160
625,11926,966033413,2023-01-25 08:21:00,2023-01-25 09:11:00,458,PLINE300,4234732,HELIOS460,vrancken,37092/02172
632,12107,962673333,2023-01-13 14:00:00,2023-01-13 17:19:00,459,PLINE300,4231782,NX3DM,vbelle62,36003/01224
633,12107,962936256,2023-01-14 13:44:00,2023-01-14 18:08:00,460,PLINE300,4232051,NX3DM,vbelle62,36003/01224
634,12107,963128664,2023-01-15 13:17:00,2023-01-15 18:28:00,461,PLINE300,4232121,NX3DM,vbelle62,36003/01224
636,12107,963648704,2023-01-17 09:22:00,2023-01-17 12:57:00,462,PLINE300,4232720,NX3DM,vbelle62,36003/01224
637,12107,963832468,2023-01-17 19:41:00,2023-01-17 21:01:00,463,PLINE300,4233093,NX3DM,nong52,36003/01224
638,12107,966150501,2023-01-25 15:48:00,2023-01-25 16:28:00,464,PLINE300,4235500,NX3DM,vbelle62,36003/01224
639,12113,961325024,2023-09-01 11:32:00,2023-09-01 14:19:00,465,PLINE300,4229445,VERSALIS,channa40,31499/01838
641,12113,963658956,2023-01-17 10:04:00,2023-01-17 14:41:00,466,PLINE300,4232506,VERSALIS,belov93,32099/01506
643,12686,960589733,2023-05-01 18:30:00,2023-05-01 18:59:00,467,PLINE300,4228737,LAM_E5_2,huang72,31199/01617
644,12686,961294449,2023-09-01 09:58:00,2023-09-01 10:35:00,468,PLINE300,4229585,LAM_E5_2,huang72,31199/01617
645,12686,963690233,2023-01-17 11:28:00,2023-01-17 11:31:00,469,PLINE300,4232070,LAM_E5_2,kam,31199/01617
646,12686,965762171,2023-01-24 11:40:00,2023-01-24 12:22:00,470,PLINE300,4234503,LAM_E5_2,wyndae43,32399/00879
647,12695,963660875,2023-01-17 10:11:00,2023-01-17 17:59:00,471,PLINE300,4232676,QUANTUMXP,geenen44,36004/01224
649,12927,961940729,2023-11-01 09:18:00,2023-12-01 06:50:00,472,PLINE300,4230002,EBEAM300,veenae54,31199/00653
650,12927,965024866,2023-01-21 08:56:00,2023-01-21 10:52:00,473,PLINE300,4232421,EBEAM300,akihid10,31199/01693
652,12949,962011904,2023-11-01 13:14:00,2023-11-01 17:48:00,474,PLINE300,4220346,MH300,talmel16,31499/02047
653,12949,962651051,2023-01-13 12:58:00,2023-01-13 17:49:00,475,PLINE300,4231187,MH300,talmel16,31499/01927
654,12949,964055596,2023-01-18 13:51:00,2023-01-18 16:54:00,476,PLINE300,4231459,MH300,talmel16,31499/02047
655,12949,964765989,2023-01-20 14:25:00,2023-01-20 16:17:00,477,PLINE300,4233998,MH300,parmenti,36003/36503
656,12949,966132678,2023-01-25 14:59:00,2023-01-25 17:04:00,478,PLINE300,4234174,MH300,perezl56,31499/01838
658,12955,961300778,2023-09-01 10:19:00,2023-09-01 10:20:00,479,PLINE300,4205835,KLA2925,moet12,32102/01048
666,13055,960760304,2023-06-01 11:00:00,2023-06-01 11:30:00,480,PLINE300,4229005,H6300,hillen84,31199/01680
671,13055,964375524,2023-01-19 12:33:00,2023-01-19 13:52:00,481,PLINE300,4232926,H6300,verdui16,31199/02197
672,13055,964791964,2023-01-20 15:24:00,2023-01-20 17:28:00,482,PLINE300,4232933,H6300,verdui16,31199/02197
673,13055,964923176,2023-01-20 22:51:00,2023-01-22 02:31:00,483,PLINE300,4232571,H6300,irutha45,98601/00962
675,13060,962277084,2023-12-01 10:14:00,2023-12-01 11:54:00,484,PLINE300,4231038,SPECTRA10K,hsingy35,30990/32063
677,13066,964107797,2023-01-18 16:11:00,2023-01-18 21:22:00,485,PLINE200,4233018,EXPERT1,tielens,98601/01944
681,13186,963725190,2023-01-17 14:15:00,2023-01-17 14:16:00,486,PLINE300,4232671,F_REX300X_1,pittev,31399/01183
683,13186,963778409,2023-01-17 16:50:00,2023-01-17 17:31:00,487,PLINE300,4232695,F_REX300X_1,nomura57,31399/01183
678,13186,966130441,2023-01-25 14:53:00,2023-01-25 17:46:00,488,PLINE300,4234979,F_REX300X_1,nomura57,31399/01183
686,13589,963276983,2023-01-16 09:22:00,2023-01-16 10:22:00,489,PLINE200,N/a,SAM_AW300,chen70,36671/01224
687,13589,963728355,2023-01-17 14:24:00,2023-01-17 17:34:00,490,PLINE200,4232526,SAM_AW300,chen70,31012/01506
689,13686,961621494,2023-10-01 09:23:00,2023-10-01 16:16:00,491,PLINE300,4229701,XP4_2,popovici,38199/00561
693,13686,962676785,2023-01-13 14:15:00,2023-01-13 15:37:00,492,PLINE300,N/a,XP4_2,chang92,30990/32063
694,13686,964002179,2023-01-18 10:29:00,2023-01-18 12:39:00,493,PLINE300,4232954,XP4_2,liang13,30990/32063
698,13809,960419467,2023-05-01 08:50:00,2023-05-01 09:54:00,494,PLINE300,4209180,SC1000,cloost23,31199/30079
699,13809,961022961,2023-07-01 09:02:00,2023-07-01 10:25:00,495,PLINE300,4228695,SC1000,wouter12,31199/30079
700,13809,961276510,2023-09-01 08:51:00,2023-09-01 09:54:00,496,PLINE300,4228836,SC1000,cloost23,31199/30079
701,13809,961920041,2023-11-01 08:00:00,2023-11-01 10:11:00,497,PLINE300,4219995,SC1000,dekeys25,31199/30079
702,13809,962245571,2023-12-01 08:06:00,2023-12-01 10:01:00,498,PLINE300,4219997,SC1000,cloost23,31199/30079
703,13809,962344698,2023-12-01 14:28:00,2023-12-01 16:48:00,499,PLINE300,4231438,SC1000,hofman72,31199/01706
705,13809,962422642,2023-12-01 18:04:00,2023-12-01 18:57:00,500,PLINE300,4228699,SC1000,lecocq91,31199/30079
706,13809,962575781,2023-01-13 08:36:00,2023-01-13 09:58:00,501,PLINE300,4219999,SC1000,maessc90,31199/30079
707,13809,962887485,2023-01-14 07:57:00,2023-01-14 10:59:00,502,PLINE300,4231261,SC1000,wouter12,31199/30079
708,13809,963090156,2023-01-15 08:00:00,2023-01-15 10:04:00,503,PLINE300,4228703,SC1000,le27,31199/30079
710,13809,964294942,2023-01-19 08:00:00,2023-01-19 10:10:00,504,PLINE300,4230108,SC1000,dekeys25,31199/30079
711,13809,964653080,2023-01-20 08:05:00,2023-01-20 10:03:00,505,PLINE300,4230110,SC1000,dekeys25,31199/30079
712,13809,964828450,2023-01-20 17:20:00,2023-01-20 19:12:00,506,PLINE300,4233119,SC1000,doms,31199/30079
713,13809,965197341,2023-01-22 08:01:00,2023-01-22 10:02:00,507,PLINE300,4233121,SC1000,le27,31199/30079
715,13809,965700344,2023-01-24 07:39:00,2023-01-24 09:44:00,508,PLINE300,4232357,SC1000,jacobs41,31199/01513
716,13810,960419455,2023-05-01 08:50:00,2023-05-01 09:54:00,509,PLINE300,4209181,TR1000,cloost23,31199/30079
717,13810,961022970,2023-07-01 09:02:00,2023-07-01 10:25:00,510,PLINE300,4228696,TR1000,wouter12,31199/30079
718,13810,961276505,2023-09-01 08:50:00,2023-09-01 09:54:00,511,PLINE300,4228837,TR1000,cloost23,31199/30079
719,13810,961920154,2023-11-01 08:01:00,2023-11-01 10:12:00,512,PLINE300,4219996,TR1000,dekeys25,31199/30079
720,13810,962245542,2023-12-01 08:06:00,2023-12-01 10:01:00,513,PLINE300,4219998,TR1000,cloost23,31199/30079
721,13810,962422274,2023-12-01 18:04:00,2023-12-01 18:57:00,514,PLINE300,4228700,TR1000,lecocq91,31199/30079
722,13810,962575720,2023-01-13 08:36:00,2023-01-13 09:59:00,515,PLINE300,4220000,TR1000,maessc90,31199/30079
723,13810,962887544,2023-01-14 07:58:00,2023-01-14 10:59:00,516,PLINE300,4231262,TR1000,wouter12,31199/30079
725,13810,964295001,2023-01-19 08:00:00,2023-01-19 10:10:00,517,PLINE300,4230109,TR1000,dekeys25,31199/30079
726,13810,964653115,2023-01-20 08:06:00,2023-01-20 10:03:00,518,PLINE300,4230111,TR1000,dekeys25,31199/30079
727,13810,965700321,2023-01-24 07:39:00,2023-01-24 09:44:00,519,PLINE300,4232358,TR1000,jacobs41,31199/01513
728,13810,965749468,2023-01-24 10:55:00,2023-01-24 11:04:00,520,PLINE300,4233826,TR1000,maessc90,31199/30079
729,14466,960464424,2023-05-01 11:17:00,2023-05-01 13:50:00,521,PLINE300,4228869,TEL_TACTRAS3,paolil45,31199/01988
730,14466,960743183,2023-06-01 10:15:00,2023-06-01 12:34:00,522,PLINE300,4229199,TEL_TACTRAS3,paolil45,31199/01988
731,14466,961317475,2023-09-01 11:07:00,2023-09-01 12:30:00,523,PLINE300,4229660,TEL_TACTRAS3,paolil45,31199/01988
732,14466,961385298,2023-09-01 15:39:00,2023-09-01 18:40:00,524,PLINE300,4228729,TEL_TACTRAS3,feurpr61,98601/00962
733,14466,961470268,2023-09-01 18:40:00,2023-09-01 19:35:00,525,PLINE300,4229522,TEL_TACTRAS3,feurpr61,31199/02273
734,14466,961629865,2023-10-01 10:04:00,2023-10-01 21:07:00,526,PLINE300,4229924,TEL_TACTRAS3,paolil45,31199/01988
735,14466,962077280,2023-11-01 17:22:00,2023-11-01 19:53:00,527,PLINE300,4231158,TEL_TACTRAS3,feurpr61,31199/02273
736,14466,962271895,2023-12-01 10:00:00,2023-12-01 15:47:00,528,PLINE300,4231040,TEL_TACTRAS3,paolil45,31199/01988
737,14466,963387208,2023-01-16 14:04:00,2023-01-16 16:05:00,529,PLINE300,4231898,TEL_TACTRAS3,paolil45,31199/01988
738,14466,963679072,2023-01-17 10:57:00,2023-01-17 12:25:00,530,PLINE300,4232337,TEL_TACTRAS3,vallat65,31199/01889
741,14466,964755239,2023-01-20 14:02:00,2023-01-20 16:28:00,531,PLINE300,4233594,TEL_TACTRAS3,paolil45,31199/01988
742,14466,965387232,2023-01-23 10:01:00,2023-01-23 12:15:00,532,PLINE300,4231390,TEL_TACTRAS3,feyena,36004/01221
744,14466,965836985,2023-01-24 15:36:00,2023-01-24 15:56:00,533,PLINE300,4234760,TEL_TACTRAS3,paolil45,31199/01988
745,14466,966056182,2023-01-25 10:09:00,2023-01-25 11:01:00,534,PLINE300,4235295,TEL_TACTRAS3,paolil45,31199/01988
746,14911,961755490,2023-10-01 17:29:00,2023-10-01 21:40:00,535,PLINE300,N/a,EXSOLVE,koryto87,42199/00160
747,14911,962127097,2023-11-01 20:11:00,2023-11-01 21:07:00,536,PLINE300,N/a,EXSOLVE,koryto87,42199/00160
748,14911,962351711,2023-12-01 14:49:00,2023-12-01 22:18:00,537,PLINE300,N/a,EXSOLVE,koryto87,42199/00160
749,14911,962736298,2023-01-13 17:05:00,2023-01-13 21:37:00,538,PLINE300,N/a,EXSOLVE,koryto87,42199/00160
750,14911,963974720,2023-01-18 08:11:00,2023-01-18 14:32:00,539,PLINE300,N/a,EXSOLVE,koryto87,42199/00160
751,14911,964375547,2023-01-19 12:34:00,2023-01-19 15:06:00,540,PLINE300,N/a,EXSOLVE,koryto87,42199/00160
752,14911,965492726,2023-01-23 16:03:00,2023-01-23 19:14:00,541,PLINE300,N/a,EXSOLVE,koryto87,42199/00160
753,14911,965825420,2023-01-24 15:09:00,2023-01-24 21:37:00,542,PLINE300,N/a,EXSOLVE,koryto87,42199/00160
754,14921,960376931,2023-05-01 03:41:00,2023-05-01 06:00:00,543,PLINE300,N/a,METRIOS,gade18,39320/36502
755,14921,960682019,2023-06-01 03:57:00,2023-06-01 05:53:00,544,PLINE300,N/a,METRIOS,gade18,39320/36502
756,14921,961048804,2023-07-01 12:42:00,2023-07-01 16:46:00,545,PLINE300,N/a,METRIOS,zeleni15,39320/36502
758,14921,961309827,2023-09-01 10:47:00,2023-09-01 13:30:00,546,PLINE300,N/a,METRIOS,zeleni15,39320/36502
759,14921,961986456,2023-11-01 11:39:00,2023-11-01 13:43:00,547,PLINE300,N/a,METRIOS,seidelf,39320/36502
760,14921,962022266,2023-11-01 13:52:00,2023-11-01 18:01:00,548,PLINE300,N/a,METRIOS,martin29,42199/00160
761,14921,962341238,2023-12-01 14:13:00,2023-12-01 17:23:00,549,PLINE300,N/a,METRIOS,martin29,42199/00160
762,14921,962405121,2023-12-01 17:46:00,2023-12-01 21:03:00,550,PLINE300,N/a,METRIOS,lookma25,39320/36502
763,14921,962678380,2023-01-13 14:21:00,2023-01-13 21:43:00,551,PLINE300,N/a,METRIOS,lookma25,39320/36502
764,14921,963086449,2023-01-15 07:37:00,2023-01-15 11:05:00,552,PLINE300,N/a,METRIOS,seidelf,39320/36502
765,14921,963348319,2023-01-16 11:54:00,2023-01-16 13:32:00,553,PLINE300,N/a,METRIOS,lookma25,39320/36502
766,14921,963389683,2023-01-16 14:18:00,2023-01-16 18:19:00,554,PLINE300,N/a,METRIOS,martin29,42199/00160
767,14921,963683401,2023-01-17 11:12:00,2023-01-17 14:04:00,555,PLINE300,N/a,METRIOS,lookma25,39320/36502
768,14921,963723512,2023-01-17 14:12:00,2023-01-17 17:58:00,556,PLINE300,N/a,METRIOS,martin29,42199/00160
769,14921,964287544,2023-01-19 07:26:00,2023-01-19 09:40:00,557,PLINE300,N/a,METRIOS,lookma25,39320/36502
770,14921,964638618,2023-01-20 06:34:00,2023-01-20 08:52:00,558,PLINE300,N/a,METRIOS,lookma25,39320/36502
771,14921,965429253,2023-01-23 12:31:00,2023-01-23 14:03:00,559,PLINE300,N/a,METRIOS,gade18,39320/36502
772,14921,965458875,2023-01-23 14:12:00,2023-01-23 18:03:00,560,PLINE300,N/a,METRIOS,martin29,42199/00160
773,14921,965652042,2023-01-24 01:24:00,2023-01-24 03:20:00,561,PLINE300,N/a,METRIOS,lookma25,39320/36502
774,14921,965835639,2023-01-24 15:33:00,2023-01-24 17:35:00,562,PLINE300,N/a,METRIOS,martin29,42199/00160
775,14921,965975496,2023-01-25 02:42:00,2023-01-25 05:59:00,563,PLINE300,N/a,METRIOS,lookma25,39320/36502
776,14921,966102135,2023-01-25 13:14:00,2023-01-25 14:04:00,564,PLINE300,N/a,METRIOS,daniel12,39320/36502
777,15148,962495913,2023-12-01 23:48:00,2023-01-13 01:02:00,565,PLINE300,N/a,MC600I,claeseng,37093/02178
778,15148,964162118,2023-01-18 18:43:00,2023-01-18 20:52:00,566,PLINE300,N/a,MC600I,claeseng,98300/01618
779,15148,965009194,2023-01-21 06:49:00,2023-01-21 09:05:00,567,PLINE300,N/a,MC600I,claeseng,37093/02178
781,16067,960518490,2023-05-01 14:56:00,2023-05-01 15:33:00,568,PLINE300,4209201,ENDURA_5,agiann70,31499/01284
782,16067,960813913,2023-06-01 14:29:00,2023-06-01 22:12:00,569,PLINE300,4220032,ENDURA_5,piao23,43900/02205
783,16067,961289134,2023-09-01 09:40:00,2023-09-01 17:14:00,570,PLINE300,4228987,ENDURA_5,devul,31499/02251
784,16067,961652112,2023-10-01 11:13:00,2023-10-01 14:24:00,571,PLINE300,4229155,ENDURA_5,soulie26,31399/00640
785,16067,961715307,2023-10-01 15:11:00,2023-10-01 22:12:00,572,PLINE300,4229307,ENDURA_5,dekkers,31499/01284
786,16067,961940451,2023-11-01 09:17:00,2023-12-01 09:24:00,573,PLINE300,4228994,ENDURA_5,devul,31499/02251
787,16067,962271939,2023-12-01 10:00:00,2023-12-01 22:47:00,574,PLINE300,4229317,ENDURA_5,dekkers,38199/01284
788,16067,962584692,2023-01-13 09:03:00,2023-01-13 11:51:00,575,PLINE300,4230920,ENDURA_5,soulie26,43900/02205
789,16067,962647672,2023-01-13 12:39:00,2023-01-13 14:22:00,576,PLINE300,4229478,ENDURA_5,agiann70,31499/01284
790,16067,963645248,2023-01-17 08:58:00,2023-01-17 14:43:00,577,PLINE300,4231207,ENDURA_5,soulie26,31499/02228
793,16067,964118838,2023-01-18 16:42:00,2023-01-19 08:28:00,578,PLINE300,4231767,ENDURA_5,devul,31499/02251
796,16067,964748786,2023-01-20 13:42:00,2023-01-20 17:30:00,579,PLINE300,4232603,ENDURA_5,agiann70,31499/01284
797,16067,965383484,2023-01-23 09:43:00,2023-01-24 09:15:00,580,PLINE300,4233262,ENDURA_5,devul,31499/02251
798,16067,965829944,2023-01-24 15:17:00,2023-01-25 08:11:00,581,PLINE300,4233282,ENDURA_5,devul,31499/02251
799,16306,964110328,2023-01-18 16:26:00,2023-01-18 21:18:00,582,PLINE200,4233109,LAMINATOR_2,lefevr14,98300/14175
800,16706,960481662,2023-05-01 12:16:00,2023-05-01 15:53:00,583,PLINE300,4228677,SIGMA,belov93,32099/01506
801,16706,962600033,2023-01-13 10:00:00,2023-01-13 13:25:00,584,PLINE300,4231260,SIGMA,belov93,31199/01889
802,18986,963713258,2023-01-17 13:34:00,2023-01-17 16:41:00,585,PLINE300,4231630,INTREPID_2,kim11,30990/01658
803,18986,964732360,2023-01-20 12:52:00,2023-01-20 14:21:00,586,PLINE300,4233772,INTREPID_2,kim11,30990/01658
805,19200,961383928,2023-09-01 15:33:00,2023-09-01 16:31:00,587,PLINE300,4229741,LAM_E6,renaud15,31299/01861
806,19200,961671754,2023-10-01 12:35:00,2023-10-01 13:32:00,588,PLINE300,4229767,LAM_E6,locoroto,98850/02081
807,19200,961951758,2023-11-01 10:01:00,2023-11-01 11:36:00,589,PLINE300,4229942,LAM_E6,canvel12,98500/01936
808,19200,961985058,2023-11-01 11:37:00,2023-11-01 12:13:00,590,PLINE300,4230850,LAM_E6,li17,38199/01284
809,19200,962059695,2023-11-01 16:12:00,2023-11-01 16:36:00,591,PLINE300,4230127,LAM_E6,kundu94,31299/00881
810,19200,962243391,2023-12-01 07:58:00,2023-12-01 10:52:00,592,PLINE300,4231244,LAM_E6,dcosters,38199/01952
811,19200,962380052,2023-12-01 16:04:00,2023-12-01 17:10:00,593,PLINE300,4231473,LAM_E6,monter30,32299/00588
812,19200,962610231,2023-01-13 10:42:00,2023-01-13 11:15:00,594,PLINE300,4231578,LAM_E6,chan63,32399/32869
813,19200,963432903,2023-01-16 16:32:00,2023-01-16 17:14:00,595,PLINE300,4231849,LAM_E6,canvel12,98500/01936
816,19200,964061244,2023-01-18 14:01:00,2023-01-18 14:27:00,596,PLINE300,4233079,LAM_E6,raymae79,98601/01062
817,19200,964087256,2023-01-18 15:17:00,2023-01-18 15:31:00,597,PLINE300,4233227,LAM_E6,renaud15,31299/01861
818,19200,964092976,2023-01-18 15:33:00,2023-01-18 16:00:00,598,PLINE300,4232770,LAM_E6,canvel12,98500/01936
819,19200,964314522,2023-01-19 09:42:00,2023-01-19 10:38:00,599,PLINE300,4233408,LAM_E6,li17,38199/01284
820,19200,964371351,2023-01-19 12:25:00,2023-01-19 13:52:00,600,PLINE300,4232876,LAM_E6,locoroto,98850/02081
823,19200,965364119,2023-01-23 08:07:00,2023-01-23 09:31:00,601,PLINE300,4233997,LAM_E6,kundu94,38199/01907
824,19200,965412097,2023-01-23 11:20:00,2023-01-23 11:38:00,602,PLINE300,4233842,LAM_E6,camerott,38199/01907
827,19200,965796123,2023-01-24 14:03:00,2023-01-24 14:58:00,603,PLINE300,4233730,LAM_E6,choudh58,31299/02060
828,19200,966070896,2023-01-25 11:03:00,2023-01-25 11:57:00,604,PLINE300,4235130,LAM_E6,renaud15,31299/01861
829,19200,966144071,2023-01-25 15:29:00,2023-01-25 16:22:00,605,PLINE300,4234905,LAM_E6,canvel12,38199/01936
830,19200,966162700,2023-01-25 16:29:00,2023-01-25 18:41:00,606,PLINE300,4235133,LAM_E6,jambal44,31199/01918
833,20549,964743337,2023-01-20 13:29:00,2023-01-20 16:11:00,607,PLINE300,4230899,ARCHER700,truffert,31199/01988
835,20549,966056148,2023-01-25 10:09:00,2023-01-25 10:49:00,608,PLINE300,4235087,ARCHER700,mingar54,38199/02270
836,20556,962317209,2023-12-01 12:21:00,2023-12-01 12:40:00,609,PLINE300,4231381,SP5,negreira,31199/02273
837,20556,962648908,2023-01-13 12:44:00,2023-01-13 13:15:00,610,PLINE300,4231582,SP5,stokhof,30990/32063
838,20556,963353355,2023-01-16 12:12:00,2023-01-16 12:57:00,611,PLINE300,4232175,SP5,marian80,30990/32063
839,20556,963984377,2023-01-18 09:22:00,2023-01-18 09:34:00,612,PLINE300,4232756,SP5,gianna53,30990/02249
841,20556,964307798,2023-01-19 09:03:00,2023-01-19 09:45:00,613,PLINE300,4232973,SP5,hsingy35,30990/02249
842,20556,964668341,2023-01-20 09:47:00,2023-01-20 09:55:00,614,PLINE300,4233387,SP5,jeon73,30990/32063
844,20556,965471340,2023-01-23 14:59:00,2023-01-23 15:57:00,615,PLINE300,4234499,SP5,kenis,32005/01711
847,20568,959595717,2023-02-01 07:39:00,2023-02-01 12:57:00,616,PLINE300,N/a,HELIOS1200_2,dutrow20,39320/36502
848,20568,959682721,2023-02-01 14:14:00,2023-02-01 17:53:00,617,PLINE300,N/a,HELIOS1200_2,derudd92,39320/36502
849,20568,959757878,2023-02-01 18:33:00,2023-02-01 21:37:00,618,PLINE300,N/a,HELIOS1200_2,vrebos45,39320/36502
850,20568,959785157,2023-02-01 22:21:00,2023-03-01 01:55:00,619,PLINE300,N/a,HELIOS1200_2,gade18,39320/36502
851,20568,959823173,2023-03-01 02:41:00,2023-03-01 04:24:00,620,PLINE300,N/a,HELIOS1200_2,michal78,39320/36502
852,20568,959831477,2023-03-01 04:24:00,2023-03-01 06:32:00,621,PLINE300,N/a,HELIOS1200_2,michal78,39320/36502
853,20568,959852030,2023-03-01 06:37:00,2023-03-01 10:01:00,622,PLINE300,N/a,HELIOS1200_2,decler36,39320/36502
854,20568,959902201,2023-03-01 10:50:00,2023-03-01 12:00:00,623,PLINE300,N/a,HELIOS1200_2,vrancken,37999/37842
856,20568,959960571,2023-03-01 13:48:00,2023-03-01 15:52:00,624,PLINE300,N/a,HELIOS1200_2,vrebos45,39320/36502
858,20568,960079302,2023-03-01 22:34:00,2023-04-01 01:54:00,625,PLINE300,N/a,HELIOS1200_2,gade18,39320/36502
859,20568,960115051,2023-04-01 04:14:00,2023-04-01 06:23:00,626,PLINE300,N/a,HELIOS1200_2,michal78,39320/36502
860,20568,960134839,2023-04-01 06:27:00,2023-04-01 09:37:00,627,PLINE300,N/a,HELIOS1200_2,decler36,39320/36502
861,20568,960169805,2023-04-01 09:56:00,2023-04-01 13:56:00,628,PLINE300,N/a,HELIOS1200_2,zeleni15,39320/36502
862,20568,960235932,2023-04-01 14:02:00,2023-04-01 15:02:00,629,PLINE300,4223777,HELIOS1200_2,vrancken,37092/02172
863,20568,960258562,2023-04-01 15:10:00,2023-04-01 18:11:00,630,PLINE300,4223777,HELIOS1200_2,lookma25,37092/02172
864,20568,960345450,2023-04-01 22:26:00,2023-05-01 00:15:00,631,PLINE300,N/a,HELIOS1200_2,gade18,39320/36502
865,20568,960376737,2023-05-01 03:34:00,2023-05-01 06:06:00,632,PLINE300,N/a,HELIOS1200_2,michal78,39320/36502
866,20568,960393993,2023-05-01 06:29:00,2023-05-01 10:18:00,633,PLINE300,N/a,HELIOS1200_2,decler36,39320/36502
867,20568,960455636,2023-05-01 10:49:00,2023-05-01 13:47:00,634,PLINE300,N/a,HELIOS1200_2,decler36,39320/36502
868,20568,960508855,2023-05-01 14:18:00,2023-05-01 17:59:00,635,PLINE300,N/a,HELIOS1200_2,seidelf,39320/36502
869,20568,960598742,2023-05-01 19:14:00,2023-05-01 21:29:00,636,PLINE300,N/a,HELIOS1200_2,peeter11,36003/36502
870,20568,960638638,2023-05-01 22:22:00,2023-06-01 02:08:00,637,PLINE300,N/a,HELIOS1200_2,gade18,39320/36502
871,20568,960681602,2023-06-01 03:34:00,2023-06-01 06:07:00,638,PLINE300,N/a,HELIOS1200_2,michal78,39320/36502
872,20568,960700019,2023-06-01 06:25:00,2023-06-01 09:48:00,639,PLINE300,N/a,HELIOS1200_2,decler36,39320/36502
873,20568,960736684,2023-06-01 09:59:00,2023-06-01 13:59:00,640,PLINE300,N/a,HELIOS1200_2,zeleni15,39320/36502
874,20568,960809888,2023-06-01 14:16:00,2023-06-01 17:53:00,641,PLINE300,N/a,HELIOS1200_2,sainch77,39320/36502
875,20568,960918986,2023-06-01 18:48:00,2023-06-01 21:46:00,642,PLINE300,N/a,HELIOS1200_2,peeter11,36003/36502
876,20568,960963034,2023-06-01 22:38:00,2023-07-01 01:43:00,643,PLINE300,N/a,HELIOS1200_2,gade18,39320/36502
877,20568,961002391,2023-07-01 05:28:00,2023-07-01 06:18:00,644,PLINE300,N/a,HELIOS1200_2,michal78,39320/36502
878,20568,961005359,2023-07-01 06:21:00,2023-07-01 11:12:00,645,PLINE300,N/a,HELIOS1200_2,zeleni15,39320/36502
879,20568,961049322,2023-07-01 12:59:00,2023-07-01 16:46:00,646,PLINE300,N/a,HELIOS1200_2,vrebos45,39320/36502
880,20568,961147294,2023-08-01 06:19:00,2023-08-01 10:30:00,647,PLINE300,N/a,HELIOS1200_2,zeleni15,39320/36502
881,20568,961778143,2023-10-01 18:00:00,2023-10-01 21:16:00,648,PLINE300,N/a,HELIOS1200_2,gade18,39320/36502
882,20568,961869119,2023-11-01 02:17:00,2023-11-01 05:46:00,649,PLINE300,N/a,HELIOS1200_2,dutrow20,39320/36502
883,20568,961899761,2023-11-01 06:24:00,2023-11-01 06:24:00,650,PLINE300,N/a,HELIOS1200_2,peeter11,36003/36502
884,20568,961952158,2023-11-01 10:02:00,2023-11-01 13:57:00,651,PLINE300,N/a,HELIOS1200_2,zeleni15,39320/36502
885,20568,962037738,2023-11-01 14:45:00,2023-11-01 18:15:00,652,PLINE300,N/a,HELIOS1200_2,michal78,39320/36502
886,20568,962110051,2023-11-01 18:22:00,2023-11-01 20:51:00,653,PLINE300,N/a,HELIOS1200_2,gade18,39320/36502
887,20568,962186341,2023-12-01 00:35:00,2023-12-01 05:46:00,654,PLINE300,N/a,HELIOS1200_2,dutrow20,39320/36502
888,20568,962227262,2023-12-01 06:31:00,2023-12-01 10:02:00,655,PLINE300,N/a,HELIOS1200_2,rutkow29,39320/36502
889,20568,962277060,2023-12-01 10:14:00,2023-12-01 13:48:00,656,PLINE300,N/a,HELIOS1200_2,seidelf,39320/36502
891,20568,962435302,2023-12-01 18:24:00,2023-12-01 21:32:00,657,PLINE300,N/a,HELIOS1200_2,vrebos45,39320/36502
892,20568,962475547,2023-12-01 22:19:00,2023-01-13 00:30:00,658,PLINE300,N/a,HELIOS1200_2,decler36,39320/36502
893,20568,962510446,2023-01-13 01:27:00,2023-01-13 05:39:00,659,PLINE300,N/a,HELIOS1200_2,dutrow20,39320/36502
894,20568,962552656,2023-01-13 06:35:00,2023-01-13 08:02:00,660,PLINE300,N/a,HELIOS1200_2,moller,39320/36502
897,20568,962687033,2023-01-13 14:46:00,2023-01-13 17:10:00,661,PLINE300,N/a,HELIOS1200_2,vrebos45,39320/36502
898,20568,962772007,2023-01-13 18:24:00,2023-01-13 20:58:00,662,PLINE300,N/a,HELIOS1200_2,lookma25,39320/36502
899,20568,962810259,2023-01-13 22:01:00,2023-01-14 06:03:00,663,PLINE300,N/a,HELIOS1200_2,dutrow20,39320/36502
900,20568,962880447,2023-01-14 07:08:00,2023-01-14 08:43:00,664,PLINE300,N/a,HELIOS1200_2,gade18,39320/36502
901,20568,962931775,2023-01-14 13:23:00,2023-01-14 17:36:00,665,PLINE300,N/a,HELIOS1200_2,gade18,39320/36502
902,20568,963042100,2023-01-14 23:05:00,2023-01-15 06:26:00,666,PLINE300,N/a,HELIOS1200_2,vdstaey,39320/36502
903,20568,963085229,2023-01-15 07:25:00,2023-01-15 10:16:00,667,PLINE300,N/a,HELIOS1200_2,gade18,39320/36502
904,20568,963138356,2023-01-15 14:15:00,2023-01-15 17:48:00,668,PLINE300,N/a,HELIOS1200_2,gade18,39320/36502
905,20568,963221474,2023-01-15 23:31:00,2023-01-16 06:06:00,669,PLINE300,N/a,HELIOS1200_2,vdstaey,39320/36502
906,20568,963248161,2023-01-16 06:09:00,2023-01-16 09:49:00,670,PLINE300,N/a,HELIOS1200_2,lookma25,39320/36502
907,20568,963319226,2023-01-16 10:31:00,2023-01-16 13:39:00,671,PLINE300,N/a,HELIOS1200_2,vrebos45,39320/36502
908,20568,963393316,2023-01-16 14:33:00,2023-01-16 20:59:00,672,PLINE300,N/a,HELIOS1200_2,sterke41,39320/36502
909,20568,963533975,2023-01-16 21:57:00,2023-01-17 06:39:00,673,PLINE300,N/a,HELIOS1200_2,rutkow29,39320/36502
910,20568,963621370,2023-01-17 06:58:00,2023-01-17 08:53:00,674,PLINE300,N/a,HELIOS1200_2,lookma25,39320/36502
911,20568,963688575,2023-01-17 11:22:00,2023-01-17 13:42:00,675,PLINE300,N/a,HELIOS1200_2,derudd92,39320/36502
912,20568,963728998,2023-01-17 14:27:00,2023-01-17 16:53:00,676,PLINE300,N/a,HELIOS1200_2,seidelf,39320/36502
913,20568,963828682,2023-01-17 19:09:00,2023-01-17 19:56:00,677,PLINE300,N/a,HELIOS1200_2,sterke41,39320/36502
915,20568,963958314,2023-01-18 06:27:00,2023-01-18 10:09:00,678,PLINE300,N/a,HELIOS1200_2,derudd92,39320/36502
917,20568,964061947,2023-01-18 14:04:00,2023-01-18 14:59:00,679,PLINE300,4233246,HELIOS1200_2,vrancken,37092/02172
920,20568,964251799,2023-01-19 03:19:00,2023-01-19 05:58:00,680,PLINE300,N/a,HELIOS1200_2,sainch77,39320/36502
921,20568,964277354,2023-01-19 06:30:00,2023-01-19 09:53:00,681,PLINE300,N/a,HELIOS1200_2,derudd92,39320/36502
922,20568,964324043,2023-01-19 10:15:00,2023-01-19 12:30:00,682,PLINE300,N/a,HELIOS1200_2,lookma25,39320/36502
925,20568,964616994,2023-01-20 04:22:00,2023-01-20 05:59:00,683,PLINE300,N/a,HELIOS1200_2,sainch77,39320/36502
926,20568,964638654,2023-01-20 06:34:00,2023-01-20 10:10:00,684,PLINE300,N/a,HELIOS1200_2,derudd92,39320/36502
927,20568,964679512,2023-01-20 10:18:00,2023-01-20 14:01:00,685,PLINE300,N/a,HELIOS1200_2,seidelf,39320/36502
928,20568,964778369,2023-01-20 14:52:00,2023-01-20 16:01:00,686,PLINE300,N/a,HELIOS1200_2,michal78,39320/36502
929,20568,964979981,2023-01-21 03:23:00,2023-01-21 05:56:00,687,PLINE300,N/a,HELIOS1200_2,sainch77,39320/36502
930,20568,965007133,2023-01-21 06:15:00,2023-01-21 10:04:00,688,PLINE300,N/a,HELIOS1200_2,zeleni15,39320/36502
933,20568,965185559,2023-01-22 06:16:00,2023-01-22 13:54:00,689,PLINE300,N/a,HELIOS1200_2,zeleni15,39320/36502
934,20568,965263833,2023-01-22 15:43:00,2023-01-22 18:02:00,690,PLINE300,N/a,HELIOS1200_2,claeseng,38199/01284
936,20568,965600424,2023-01-23 20:46:00,2023-01-23 21:56:00,691,PLINE300,N/a,HELIOS1200_2,rutkow29,39320/36502
937,20568,965616990,2023-01-23 22:15:00,2023-01-24 01:54:00,692,PLINE300,N/a,HELIOS1200_2,derudd92,39320/36502
940,20573,959964372,2023-03-01 13:58:00,2023-03-01 14:56:00,693,PLINE300,4220040,H6300_2,newman74,31199/02287
943,20573,960790515,2023-06-01 12:59:00,2023-06-01 12:59:00,694,PLINE300,4220112,H6300_2,schrauw,31199/00653
949,20573,961611816,2023-10-01 08:17:00,2023-10-01 08:37:00,695,PLINE300,4229874,H6300_2,raymae79,98601/01062
951,20573,963393273,2023-01-16 14:33:00,2023-01-16 19:11:00,696,PLINE300,4231568,H6300_2,schrauw,31199/01756
952,20573,963730542,2023-01-17 14:32:00,2023-01-17 19:53:00,697,PLINE300,4231893,H6300_2,schrauw,31199/00653
954,20573,965022470,2023-01-21 08:33:00,2023-01-21 11:06:00,698,PLINE300,4234039,H6300_2,schrauw,31199/00650
958,20573,966034367,2023-01-25 08:30:00,2023-01-25 09:10:00,699,PLINE300,4234686,H6300_2,scharn75,31199/01877
995,20579,959596295,2023-02-01 07:43:00,2023-02-01 13:45:00,700,PLINE300,N/a,VERIOS,sterke41,39320/36502
996,20579,959682989,2023-02-01 14:16:00,2023-02-01 17:57:00,701,PLINE300,N/a,VERIOS,vrebos45,39320/36502
997,20579,959765406,2023-02-01 19:29:00,2023-02-01 21:30:00,702,PLINE300,N/a,VERIOS,derudd92,39320/36502
998,20579,959791573,2023-02-01 22:48:00,2023-03-01 06:02:00,703,PLINE300,N/a,VERIOS,konecn85,38199/37862
999,20579,959853649,2023-03-01 06:47:00,2023-03-01 13:05:00,704,PLINE300,N/a,VERIOS,claeseng,31199/01756
1000,20579,959954421,2023-03-01 13:19:00,2023-03-01 14:51:00,705,PLINE300,N/a,VERIOS,billin72,39320/36502
1002,20579,960043256,2023-03-01 18:44:00,2023-03-01 21:14:00,706,PLINE300,N/a,VERIOS,vrebos45,39320/36502
1003,20579,960070740,2023-03-01 21:56:00,2023-04-01 01:49:00,707,PLINE300,N/a,VERIOS,vdstaey,39320/36502
1004,20579,960106950,2023-04-01 02:41:00,2023-04-01 05:50:00,708,PLINE300,N/a,VERIOS,konecn85,31499/00379
1005,20579,960134481,2023-04-01 06:25:00,2023-04-01 13:34:00,709,PLINE300,N/a,VERIOS,dutrow20,39320/36502
1006,20579,960241116,2023-04-01 14:17:00,2023-04-01 17:14:00,710,PLINE300,N/a,VERIOS,vrebos45,39320/36502
1007,20579,960328338,2023-04-01 20:32:00,2023-04-01 21:29:00,711,PLINE300,N/a,VERIOS,derudd92,39320/36502
1008,20579,960339455,2023-04-01 21:56:00,2023-05-01 01:55:00,712,PLINE300,N/a,VERIOS,vdstaey,39320/36502
1009,20579,960376284,2023-05-01 03:15:00,2023-05-01 06:14:00,713,PLINE300,N/a,VERIOS,konecn85,37004/01945
1010,20579,960395297,2023-05-01 06:37:00,2023-05-01 12:43:00,714,PLINE300,N/a,VERIOS,dutrow20,39320/36502
1011,20579,960504184,2023-05-01 14:03:00,2023-05-01 17:50:00,715,PLINE300,N/a,VERIOS,sainch77,39320/36502
1012,20579,960639216,2023-05-01 22:24:00,2023-06-01 01:50:00,716,PLINE300,N/a,VERIOS,vdstaey,39320/36502
1013,20579,960681210,2023-06-01 03:17:00,2023-06-01 06:06:00,717,PLINE300,N/a,VERIOS,konecn85,38199/01791
1014,20579,960703622,2023-06-01 06:47:00,2023-06-01 10:59:00,718,PLINE300,N/a,VERIOS,dutrow20,39320/36502
1015,20579,960761198,2023-06-01 11:03:00,2023-06-01 13:53:00,719,PLINE300,N/a,VERIOS,claeseng,37004/01945
1016,20579,960824607,2023-06-01 15:04:00,2023-06-01 17:36:00,720,PLINE300,N/a,VERIOS,peeter11,36003/36502
1017,20579,960975429,2023-07-01 01:02:00,2023-07-01 04:02:00,721,PLINE300,N/a,VERIOS,michal78,39320/36502
1018,20579,961134419,2023-08-01 02:42:00,2023-08-01 06:02:00,722,PLINE300,N/a,VERIOS,derudd92,39320/36502
1019,20579,961251189,2023-09-01 03:26:00,2023-09-01 05:41:00,723,PLINE300,N/a,VERIOS,derudd92,39320/36502
1021,20579,961361153,2023-09-01 14:18:00,2023-09-01 15:20:00,724,PLINE300,N/a,VERIOS,michal78,39320/36502
1022,20579,961389263,2023-09-01 15:51:00,2023-09-01 18:33:00,725,PLINE300,N/a,VERIOS,michal78,39320/36502
1023,20579,961519336,2023-09-01 20:24:00,2023-09-01 21:54:00,726,PLINE300,N/a,VERIOS,konecn85,31029/01811
1024,20579,961548569,2023-09-01 23:12:00,2023-10-01 05:41:00,727,PLINE300,N/a,VERIOS,claeseng,98300/01969
1026,20579,961688531,2023-10-01 13:57:00,2023-10-01 14:44:00,728,PLINE300,N/a,VERIOS,konecn85,37037/02269
1027,20579,961712554,2023-10-01 15:00:00,2023-10-01 19:17:00,729,PLINE300,N/a,VERIOS,michal78,39320/36502
1028,20579,961808593,2023-10-01 20:13:00,2023-10-01 21:55:00,730,PLINE300,N/a,VERIOS,konecn85,44999/02231
1029,20579,961836052,2023-10-01 22:25:00,2023-11-01 02:41:00,731,PLINE300,N/a,VERIOS,claeseng,31299/01861
1030,20579,961900900,2023-11-01 06:29:00,2023-11-01 08:50:00,732,PLINE300,N/a,VERIOS,sainch77,39320/36502
1031,20579,961996298,2023-11-01 12:11:00,2023-11-01 13:49:00,733,PLINE300,N/a,VERIOS,rutkow29,39320/36502
1032,20579,962030556,2023-11-01 14:21:00,2023-11-01 14:25:00,734,PLINE300,N/a,VERIOS,michal78,39320/36502
1033,20579,962116613,2023-11-01 19:03:00,2023-11-01 20:13:00,735,PLINE300,N/a,VERIOS,michal78,39320/36502
1034,20579,962128989,2023-11-01 20:21:00,2023-11-01 21:22:00,736,PLINE300,N/a,VERIOS,billin72,39320/36502
1036,20579,962291261,2023-12-01 10:57:00,2023-12-01 14:16:00,737,PLINE300,N/a,VERIOS,rutkow29,39320/36502
1037,20579,962354473,2023-12-01 15:03:00,2023-12-01 17:27:00,738,PLINE300,N/a,VERIOS,vrebos45,39320/36502
1038,20579,962450496,2023-12-01 19:34:00,2023-12-01 21:29:00,739,PLINE300,N/a,VERIOS,derudd92,39320/36502
1040,20579,962552414,2023-01-13 06:33:00,2023-01-13 09:18:00,740,PLINE300,N/a,VERIOS,sainch77,39320/36502
1041,20579,962606205,2023-01-13 10:25:00,2023-01-13 11:48:00,741,PLINE300,N/a,VERIOS,billin72,39320/36502
1042,20579,962646931,2023-01-13 12:32:00,2023-01-13 13:54:00,742,PLINE300,N/a,VERIOS,rutkow29,39320/36502
1043,20579,962704507,2023-01-13 15:32:00,2023-01-13 18:09:00,743,PLINE300,N/a,VERIOS,derudd92,39320/36502
1046,20579,963080846,2023-01-15 06:46:00,2023-01-15 09:44:00,744,PLINE300,N/a,VERIOS,konecn85,31299/01904
959,20579,963200674,2023-01-15 19:40:00,2023-01-15 23:31:00,745,PLINE300,N/a,VERIOS,vdstaey,39320/36502
961,20579,963281962,2023-01-16 09:32:00,2023-01-16 09:58:00,746,PLINE300,N/a,VERIOS,vrebos45,39320/36502
962,20579,963338322,2023-01-16 11:24:00,2023-01-16 13:44:00,747,PLINE300,N/a,VERIOS,derudd92,39320/36502
963,20579,963392724,2023-01-16 14:30:00,2023-01-16 18:08:00,748,PLINE300,N/a,VERIOS,dutrow20,39320/36502
965,20579,963644148,2023-01-17 08:43:00,2023-01-17 09:54:00,749,PLINE300,N/a,VERIOS,derudd92,39320/36502
966,20579,963693515,2023-01-17 11:45:00,2023-01-17 12:35:00,750,PLINE300,N/a,VERIOS,vrebos45,39320/36502
967,20579,963724030,2023-01-17 14:13:00,2023-01-17 17:58:00,751,PLINE300,N/a,VERIOS,dutrow20,39320/36502
968,20579,963830364,2023-01-17 19:29:00,2023-01-17 21:38:00,752,PLINE300,N/a,VERIOS,claeseng,37004/01376
969,20579,963861602,2023-01-17 21:53:00,2023-01-18 01:54:00,753,PLINE300,N/a,VERIOS,sainch77,39320/36502
970,20579,963929564,2023-01-18 02:53:00,2023-01-18 06:10:00,754,PLINE300,N/a,VERIOS,vdstaey,39320/36502
971,20579,963976243,2023-01-18 08:22:00,2023-01-18 09:31:00,755,PLINE300,N/a,VERIOS,vrebos45,39320/36502
972,20579,964027970,2023-01-18 12:00:00,2023-01-18 13:33:00,756,PLINE300,N/a,VERIOS,derudd92,39320/36502
973,20579,964063628,2023-01-18 14:15:00,2023-01-18 20:54:00,757,PLINE300,N/a,VERIOS,claeseng,97700/01369
975,20579,964280066,2023-01-19 06:44:00,2023-01-19 09:19:00,758,PLINE300,N/a,VERIOS,vrebos45,39320/36502
976,20579,964350195,2023-01-19 11:19:00,2023-01-19 13:37:00,759,PLINE300,N/a,VERIOS,derudd92,39320/36502
977,20579,964507415,2023-01-19 18:37:00,2023-01-19 19:56:00,760,PLINE300,N/a,VERIOS,mander15,39320/36502
979,20579,964648360,2023-01-20 07:32:00,2023-01-20 09:14:00,761,PLINE300,N/a,VERIOS,vrebos45,39320/36502
980,20579,964724896,2023-01-20 12:22:00,2023-01-20 13:33:00,762,PLINE300,N/a,VERIOS,derudd92,39320/36502
981,20579,964915410,2023-01-20 22:09:00,2023-01-21 02:23:00,763,PLINE300,N/a,VERIOS,rutkow29,39320/36502
982,20579,965009165,2023-01-21 06:48:00,2023-01-22 15:43:00,764,PLINE300,N/a,VERIOS,claeseng,37093/02178
983,20579,965401969,2023-01-23 10:47:00,2023-01-23 13:04:00,765,PLINE300,N/a,VERIOS,mander15,39320/36502
984,20579,965459075,2023-01-23 14:13:00,2023-01-23 17:51:00,766,PLINE300,N/a,VERIOS,sainch77,39320/36502
985,20579,965606769,2023-01-23 21:20:00,2023-01-23 21:53:00,767,PLINE300,N/a,VERIOS,billin72,39320/36502
986,20579,965615348,2023-01-23 22:07:00,2023-01-24 01:13:00,768,PLINE300,N/a,VERIOS,vrebos45,39320/36502
987,20579,965671932,2023-01-24 03:49:00,2023-01-24 05:40:00,769,PLINE300,N/a,VERIOS,derudd92,39320/36502
988,20579,965787697,2023-01-24 13:42:00,2023-01-24 17:02:00,770,PLINE300,N/a,VERIOS,sainch77,39320/36502
989,20579,965906522,2023-01-24 20:08:00,2023-01-24 21:33:00,771,PLINE300,N/a,VERIOS,vdstaey,39320/36502
990,20579,965929928,2023-01-24 22:11:00,2023-01-25 01:48:00,772,PLINE300,N/a,VERIOS,vrebos45,39320/36502
991,20579,966036065,2023-01-25 08:40:00,2023-01-25 10:09:00,773,PLINE300,N/a,VERIOS,michal78,39320/36502
992,20579,966059077,2023-01-25 10:19:00,2023-01-25 12:31:00,774,PLINE300,N/a,VERIOS,beirnaer,32299/00013
993,20579,966143918,2023-01-25 15:28:00,2023-01-25 17:55:00,775,PLINE300,N/a,VERIOS,sainch77,39320/36502
994,20579,966206629,2023-01-25 18:26:00,2023-01-25 21:43:00,776,PLINE300,N/a,VERIOS,billin72,39320/36502
1048,20581,960168449,2023-04-01 09:52:00,2023-04-01 12:00:00,777,PLINE300,4209370,POLARKERR_2,talmel16,38199/00432
1049,20581,960424044,2023-05-01 09:09:00,2023-05-01 15:22:00,778,PLINE300,4228603,POLARKERR_2,talmel16,31499/00432
1050,20581,961707707,2023-10-01 14:49:00,2023-10-01 16:54:00,779,PLINE300,4229959,POLARKERR_2,talmel16,38199/01593
1051,20581,961961630,2023-11-01 10:31:00,2023-11-01 17:15:00,780,PLINE300,4230790,POLARKERR_2,chatte17,38199/01593
1052,20581,962651253,2023-01-13 12:59:00,2023-01-15 09:48:00,781,PLINE300,4231592,POLARKERR_2,talmel16,38199/01593
1053,20581,963274322,2023-01-16 09:07:00,2023-01-16 11:41:00,782,PLINE300,4232168,POLARKERR_2,talmel16,38199/01593
1054,20581,963344620,2023-01-16 11:41:00,2023-01-16 14:11:00,783,PLINE300,4232169,POLARKERR_2,talmel16,31499/01927
1057,20581,965370916,2023-01-23 08:56:00,2023-01-23 11:02:00,784,PLINE300,4234318,POLARKERR_2,talmel16,38199/01593
1058,20581,965405421,2023-01-23 11:02:00,2023-01-23 17:51:00,785,PLINE300,4234318,POLARKERR_2,talmel16,38199/01593
1059,20581,965708665,2023-01-24 08:47:00,2023-01-24 16:21:00,786,PLINE300,4234319,POLARKERR_2,talmel16,38199/01593
1060,20749,960165313,2023-04-01 09:35:00,2023-04-01 09:51:00,787,PLINE300,4209185,TR3400,cloost23,31199/30079
1061,20749,960727912,2023-06-01 09:30:00,2023-06-01 10:03:00,788,PLINE300,4223779,TR3400,hillen84,31199/01680
1062,20749,961214827,2023-08-01 18:02:00,2023-08-01 18:31:00,789,PLINE300,4229626,TR3400,furuka28,31199/01514
1063,20749,961276626,2023-09-01 08:51:00,2023-09-01 09:52:00,790,PLINE300,4228716,TR3400,cloost23,31199/30079
1064,20749,961446077,2023-09-01 18:10:00,2023-09-01 18:52:00,791,PLINE300,4229343,TR3400,furuka28,31199/01514
1065,20749,963309767,2023-01-16 10:10:00,2023-01-16 10:39:00,792,PLINE300,4230103,TR3400,lecocq91,31199/30079
1066,20749,963501974,2023-01-16 18:43:00,2023-01-16 19:45:00,793,PLINE300,4231726,TR3400,furuka28,31199/01514
1068,20749,963988860,2023-01-18 09:42:00,2023-01-18 10:02:00,794,PLINE300,4231319,TR3400,lecocq91,31199/30079
1069,20749,964322879,2023-01-19 10:11:00,2023-01-19 11:14:00,795,PLINE300,4233132,TR3400,lecocq91,31199/30079
1071,20749,965136769,2023-01-21 19:33:00,2023-01-22 00:07:00,796,PLINE300,4234211,TR3400,irutha45,31199/01514
1072,20749,965707507,2023-01-24 08:32:00,2023-01-24 09:25:00,797,PLINE300,N/a,TR3400,nagami79,31199/02273
1073,20749,965823772,2023-01-24 15:06:00,2023-01-24 15:53:00,798,PLINE300,4234847,TR3400,hillen84,31199/01680
1074,20795,960165304,2023-04-01 09:34:00,2023-04-01 09:52:00,799,PLINE300,4209184,SC3400,cloost23,31199/30079
1075,20795,960440793,2023-05-01 10:22:00,2023-05-01 10:43:00,800,PLINE300,4209186,SC3400,robber85,31199/30079
1076,20795,960540726,2023-05-01 16:09:00,2023-05-01 16:46:00,801,PLINE300,4220513,SC3400,huang72,31199/01617
1077,20795,960707246,2023-06-01 07:11:00,2023-06-01 07:35:00,802,PLINE300,4222607,SC3400,sterckxg,31199/31811
1078,20795,960727887,2023-06-01 09:30:00,2023-06-01 10:02:00,803,PLINE300,4223778,SC3400,hillen84,31199/01680
1079,20795,961214664,2023-08-01 18:02:00,2023-08-01 18:30:00,804,PLINE300,4229625,SC3400,furuka28,31199/01514
1080,20795,961276599,2023-09-01 08:51:00,2023-09-01 09:52:00,805,PLINE300,4228715,SC3400,cloost23,31199/30079
1081,20795,961389781,2023-09-01 15:54:00,2023-09-01 17:51:00,806,PLINE300,4229433,SC3400,xiang38,31199/02273
1082,20795,961446036,2023-09-01 18:10:00,2023-09-01 18:52:00,807,PLINE300,4229342,SC3400,furuka28,31199/01514
1083,20795,961845021,2023-10-01 23:05:00,2023-11-01 02:18:00,808,PLINE300,4229424,SC3400,irutha45,31199/00653
1084,20795,961942313,2023-11-01 09:26:00,2023-11-01 09:42:00,809,PLINE300,4228713,SC3400,cloost23,31199/30079
1085,20795,962023546,2023-11-01 14:00:00,2023-11-01 14:17:00,810,PLINE300,4229037,SC3400,oguma46,31199/30092
1086,20795,962070892,2023-11-01 16:54:00,2023-11-01 17:55:00,811,PLINE300,4229494,SC3400,bekaert,31199/00979
1088,20795,963309796,2023-01-16 10:11:00,2023-01-16 10:39:00,812,PLINE300,4230102,SC3400,lecocq91,31199/30079
1089,20795,963361590,2023-01-16 12:51:00,2023-01-16 13:20:00,813,PLINE300,4229416,SC3400,vdries51,31199/01413
1090,20795,963390459,2023-01-16 14:22:00,2023-01-16 15:13:00,814,PLINE300,4230955,SC3400,oguma46,31199/30092
1091,20795,963501775,2023-01-16 18:43:00,2023-01-16 19:44:00,815,PLINE300,4231725,SC3400,furuka28,31199/01514
1093,20795,963988877,2023-01-18 09:42:00,2023-01-18 09:59:00,816,PLINE300,4231318,SC3400,lecocq91,31199/30079
1094,20795,964161642,2023-01-18 18:40:00,2023-01-18 20:15:00,817,PLINE300,4231122,SC3400,kato15,31199/31074
1095,20795,964322917,2023-01-19 10:11:00,2023-01-19 11:14:00,818,PLINE300,4233131,SC3400,lecocq91,31199/30079
1096,20795,964636906,2023-01-20 06:25:00,2023-01-20 07:02:00,819,PLINE300,4222611,SC3400,sterckxg,31199/31811
1098,20795,965136732,2023-01-21 19:32:00,2023-01-22 00:07:00,820,PLINE300,4234210,SC3400,irutha45,31199/01514
1099,20795,965447596,2023-01-23 13:41:00,2023-01-23 14:16:00,821,PLINE300,4233681,SC3400,oguma46,31199/30092
1101,20795,965823656,2023-01-24 15:06:00,2023-01-24 15:53:00,822,PLINE300,4234846,SC3400,hillen84,31199/01680
1102,20795,965897396,2023-01-24 19:24:00,2023-01-24 20:04:00,823,PLINE300,4233053,SC3400,kato15,31199/31074
1104,20795,966049332,2023-01-25 09:42:00,2023-01-25 10:07:00,824,PLINE300,4233818,SC3400,maessc90,31199/30079
1105,20795,966129720,2023-01-25 14:51:00,2023-01-25 15:54:00,825,PLINE300,4233784,SC3400,bekaert,31199/01565
1106,20795,966155516,2023-01-25 16:03:00,2023-01-25 18:04:00,826,PLINE300,4234058,SC3400,takaha90,31199/01988
1108,20891,964687993,2023-01-20 10:36:00,2023-01-20 13:24:00,827,PLINE300,4233679,TEL_LEAGA,muraki29,32005/01675
1109,20891,965812853,2023-01-24 14:39:00,2023-01-25 11:32:00,828,PLINE300,4234183,TEL_LEAGA,puttar77,32005/01675
1111,21029,965761444,2023-01-24 11:35:00,2023-01-24 12:42:00,829,PLINE300,4234791,NOKOTA,mudige97,31399/31519
1112,21029,966098042,2023-01-25 12:52:00,2023-01-25 13:47:00,830,PLINE300,4234793,NOKOTA,mudige97,31399/31519
1115,21339,965492574,2023-01-23 16:02:00,2023-01-23 18:30:00,831,PLINE300,4234176,SC2000,verstr99,31199/00650
1117,21501,959982380,2023-03-01 15:08:00,2023-03-01 16:20:00,832,PLINE300,4220181,LAM_E6_2,li99,38199/01715
1118,21501,962361004,2023-12-01 15:20:00,2023-12-01 16:50:00,833,PLINE300,4231365,LAM_E6_2,li99,38199/01715
1119,21501,963667437,2023-01-17 10:26:00,2023-01-17 11:29:00,834,PLINE300,4231736,LAM_E6_2,kundu43,31299/02062
1121,21671,960443430,2023-05-01 10:33:00,2023-05-01 11:29:00,835,PLINE300,4228651,TRDUOS,hillen84,31199/01680
1122,21671,960506927,2023-05-01 14:12:00,2023-05-01 15:19:00,836,PLINE300,4228726,TRDUOS,thomas96,31199/01513
1123,21671,963403901,2023-01-16 15:05:00,2023-01-16 16:46:00,837,PLINE300,4232052,TRDUOS,hillen84,31199/01680
1124,21671,964392856,2023-01-19 13:39:00,2023-01-19 14:22:00,838,PLINE300,4233409,TRDUOS,hillen84,31199/01680
1125,21671,965477125,2023-01-23 15:15:00,2023-01-23 19:31:00,839,PLINE300,4234140,TRDUOS,thomas96,31199/01513
1126,21671,965779496,2023-01-24 13:02:00,2023-01-24 13:46:00,840,PLINE300,4234850,TRDUOS,hillen84,31199/01680
1127,21934,959981047,2023-03-01 15:02:00,2023-03-01 18:25:00,841,PLINE300,4220103,PROVISION2E,janard53,38199/00432
1128,21934,960263407,2023-04-01 15:33:00,2023-04-01 17:21:00,842,PLINE300,4220174,PROVISION2E,beggia74,31199/00653
1131,21934,963419967,2023-01-16 15:51:00,2023-01-16 16:39:00,843,PLINE300,4232520,PROVISION2E,stiersk,38199/01951
1132,21934,963645243,2023-01-17 08:57:00,2023-01-17 09:41:00,844,PLINE300,4232612,PROVISION2E,stiersk,38199/01951
1134,21934,965385488,2023-01-23 09:53:00,2023-01-23 11:25:00,845,PLINE300,4234197,PROVISION2E,stiersk,38199/01951
1136,22450,959696395,2023-02-01 15:13:00,2023-02-01 16:18:00,846,PLINE300,4209279,NXWAFER,nong52,36003/01224
1137,22450,959869050,2023-03-01 08:55:00,2023-03-01 10:30:00,847,PLINE300,4220119,NXWAFER,vbelle62,36003/01224
1138,22450,964177505,2023-01-18 20:23:00,2023-01-18 20:44:00,848,PLINE300,4233411,NXWAFER,nong52,36003/01224
1139,22450,964798906,2023-01-20 15:51:00,2023-01-20 19:37:00,849,PLINE300,4234085,NXWAFER,nong52,36003/01224
1140,22450,965065303,2023-01-21 13:10:00,2023-01-21 18:03:00,850,PLINE300,4234241,NXWAFER,nong52,36003/01224
1143,22978,960814343,2023-06-01 14:30:00,2023-06-01 14:45:00,851,PLINE300,4228667,F_REX300X_2,sugawa19,31399/01183
1146,22978,963714872,2023-01-17 13:42:00,2023-01-17 18:25:00,852,PLINE300,4232670,F_REX300X_2,pittev,32299/01809
1147,22978,964003693,2023-01-18 10:35:00,2023-01-18 12:03:00,853,PLINE300,N/a,F_REX300X_2,sugawa19,31399/01183
1148,22978,964068112,2023-01-18 14:30:00,2023-01-18 20:28:00,854,PLINE300,4233102,F_REX300X_2,pittev,38199/37834
1149,22978,964314568,2023-01-19 09:42:00,2023-01-19 10:36:00,855,PLINE300,N/a,F_REX300X_2,sugawa19,31399/01183
1150,22978,964663470,2023-01-20 09:32:00,2023-01-20 11:29:00,856,PLINE300,N/a,F_REX300X_2,sugawa19,31399/01183
1151,22978,965384389,2023-01-23 09:48:00,2023-01-23 11:46:00,857,PLINE300,N/a,F_REX300X_2,sugawa19,31399/01183
1152,23002,962699378,2023-01-13 15:20:00,2023-01-13 16:55:00,858,PLINE200,4231570,CS4800,moelants,31199/01413
1153,23002,962792199,2023-01-13 19:51:00,2023-01-13 21:27:00,859,PLINE200,4230840,CS4800,moelants,97401/01775
1154,23002,963252681,2023-01-16 07:00:00,2023-01-16 08:10:00,860,PLINE200,4231661,CS4800,moelants,37037/02055
1158,23227,962049366,2023-11-01 15:26:00,2023-11-01 18:27:00,861,PLINE200,4230980,UVO,grosem77,37004/01459
1159,23981,962723012,2023-01-13 16:21:00,2023-01-13 17:43:00,862,PLINE300,4230182,FTIR_2,kenis,32005/01717
1160,23981,964679641,2023-01-20 10:18:00,2023-01-20 11:33:00,863,PLINE300,4233412,FTIR_2,arvind29,31199/02271
1162,23988,962659559,2023-01-13 13:22:00,2023-01-13 17:39:00,864,PLINE300,N/a,2830ZT,peissk91,31499/00379
1163,23988,963412413,2023-01-16 15:28:00,2023-01-16 16:11:00,865,PLINE300,4232441,2830ZT,kramac15,30990/32063
1166,24044,960399678,2023-05-01 06:58:00,2023-05-01 06:59:00,866,PLINE300,4228739,EXTREME_2,goovae19,31199/01617
1167,24044,960400151,2023-05-01 07:00:00,2023-05-01 10:06:00,867,PLINE300,N/a,EXTREME_2,goovae19,36003/36502
1168,24044,960509151,2023-05-01 14:19:00,2023-05-01 16:00:00,868,PLINE300,4220282,EXTREME_2,martel37,37013/01883
1169,24044,961264804,2023-09-01 07:13:00,2023-09-01 09:50:00,869,PLINE300,4229265,EXTREME_2,gomezg80,39424/01225
1170,24044,962278231,2023-12-01 10:19:00,2023-12-01 13:29:00,870,PLINE300,4231330,EXTREME_2,gomezg80,39424/01903
1171,24044,962605763,2023-01-13 10:23:00,2023-01-13 12:34:00,871,PLINE300,4231471,EXTREME_2,martel37,37013/01883
1172,24044,963247762,2023-01-16 05:58:00,2023-01-16 09:46:00,872,PLINE300,4231730,EXTREME_2,goovae19,31199/01918
1173,24044,963302774,2023-01-16 10:02:00,2023-01-16 12:06:00,873,PLINE300,4231425,EXTREME_2,pasqua16,31499/01951
1174,24044,963970807,2023-01-18 07:40:00,2023-01-18 08:47:00,874,PLINE300,4233151,EXTREME_2,gomezg80,39424/01225
1175,24044,963979263,2023-01-18 08:48:00,2023-01-18 11:51:00,875,PLINE300,4232436,EXTREME_2,goovae19,31199/01876
1176,24044,964044467,2023-01-18 13:12:00,2023-01-18 14:41:00,876,PLINE300,4233074,EXTREME_2,pasqua16,31499/01951
1177,24044,965710336,2023-01-24 08:57:00,2023-01-24 11:13:00,877,PLINE300,4234459,EXTREME_2,pasqua16,39424/01221
1178,24044,966150406,2023-01-25 15:48:00,2023-01-25 18:38:00,878,PLINE300,4235521,EXTREME_2,gomezg80,39424/01903
1182,24370,963269143,2023-01-16 08:17:00,2023-01-17 08:02:00,879,PLINE300,N/a,HYBRID_BONDER,kennes63,31012/01084
1183,24493,960581679,2023-05-01 18:07:00,2023-05-01 18:27:00,880,PLINE300,4228743,DVPRIME_1,huang72,31199/01918
1184,24493,962014488,2023-11-01 13:27:00,2023-11-01 15:44:00,881,PLINE300,4230763,DVPRIME_1,lai86,32299/00588
1186,24493,963780056,2023-01-17 16:54:00,2023-01-17 17:25:00,882,PLINE300,4232657,DVPRIME_1,huang72,31199/01617
1188,24493,964658331,2023-01-20 08:59:00,2023-01-20 16:38:00,883,PLINE300,4233441,DVPRIME_1,lai86,37092/02174
1189,24493,965371432,2023-01-23 09:00:00,2023-01-23 16:40:00,884,PLINE300,4234126,DVPRIME_1,lai86,37092/02174
1190,24652,963772439,2023-01-17 16:33:00,2023-01-17 19:58:00,885,PLINE300,4232039,TRPROAP,uruena10,32299/00013
1191,24652,964790145,2023-01-20 15:21:00,2023-01-20 16:09:00,886,PLINE300,4233766,TRPROAP,uruena10,32299/00013
