Begin,End,Fab300_Res_id,FACILITY,ResTk,Tool,User_id,WBS
2022-11-03 14:34:11,2022-11-03 17:03:37,0,PLINE300,N/a,PRODUCER,gomezg80,39424/01222
2022-11-05 10:01:19,2022-11-05 14:10:07,1,PLINE300,N/a,PRODUCER,gomezg80,39424/01224
2022-11-06 08:54:17,2022-11-06 10:17:17,2,PLINE300,N/a,PRODUCER,gomezg80,39424/01222
2022-11-04 13:36:25,2022-11-04 22:03:01,3,PLINE300,4167542,REFLEXION_2,ceulem72,32102/01048
2022-11-14 14:03:15,2022-11-14 20:38:00,4,PLINE300,4169982,REFLEXION_2,ceulem72,37093/02175
2022-10-31 09:20:52,2022-10-31 18:07:22,5,PLINE300,4166939,METRIXL,kim19,32005/01299
2022-11-03 09:10:06,2022-11-03 17:39:53,6,PLINE300,4167592,METRIXL,kim19,32005/01299
2022-11-07 15:28:58,2022-11-07 17:53:42,7,PLINE300,4162658,DNS_4,vanbel53,31199/00650
2022-11-09 09:58:20,2022-11-09 13:40:29,8,PLINE300,4169252,DNS_4,stokhof,30990/02249
2022-11-03 15:16:34,2022-11-03 17:09:06,9,PLINE300,4167853,CELLESTA,lai86,39422/01221
2022-11-17 14:50:17,2022-11-17 19:59:21,10,PLINE300,4171338,SC1950,hofman72,31199/31147
2022-11-17 02:31:50,2022-11-17 22:42:23,11,PLINE300,N/a,H6300,schrauw,31199/02273
2022-11-03 15:58:31,2022-11-03 17:04:35,12,PLINE300,4167219,H6300,monter30,31299/31818
2022-11-04 09:02:04,2022-11-07 08:55:47,13,PLINE300,4167468,H6300,goovae19,31199/01617
2022-11-07 08:55:52,2022-11-07 10:52:27,14,PLINE300,4168475,H6300,goovae19,31199/00650
2022-11-14 08:20:55,2022-11-14 09:45:34,15,PLINE300,4170190,H6300,newman74,31199/01995
2022-10-31 16:48:50,2022-10-31 18:03:02,16,PLINE300,4166691,SC1000,wouter12,31199/30079
2022-11-01 10:14:39,2022-11-01 12:01:50,17,PLINE300,4155633,SC1000,le27,31199/30079
2022-11-02 07:58:10,2022-11-02 09:54:57,18,PLINE300,4155594,SC1000,lecocq91,31199/30079
2022-11-03 08:04:27,2022-11-03 09:49:31,19,PLINE300,4158403,SC1000,maessc90,31199/30079
2022-11-04 08:14:21,2022-11-04 09:54:52,20,PLINE300,4158401,SC1000,lecocq91,31199/30079
2022-11-15 09:50:17,2022-11-15 11:12:27,21,PLINE300,4168302,SC1000,lecocq91,31199/30079
2022-11-16 08:02:19,2022-11-16 09:03:29,22,PLINE300,4169286,SC1000,lecocq91,31199/30079
2022-11-17 08:05:04,2022-11-17 09:47:24,23,PLINE300,4169288,SC1000,lecocq91,31199/30079
2022-11-17 14:49:37,2022-11-17 15:43:43,24,PLINE300,4169579,SC1000,hofman72,31199/01706
2022-11-06 08:55:34,2022-11-06 10:57:16,25,PLINE300,4168643,SC1000,le27,31199/30079
2022-11-08 08:12:05,2022-11-08 08:28:47,26,PLINE300,4167928,SC1000,jacobs41,31199/01513
2022-11-09 08:13:56,2022-11-09 09:53:46,27,PLINE300,4167137,SC1000,maessc90,31199/30079
2022-11-10 07:58:56,2022-11-10 10:25:24,28,PLINE300,4167671,SC1000,maessc90,31199/30079
2022-11-10 17:01:16,2022-11-10 18:40:10,29,PLINE300,4168300,SC1000,wouter12,31199/30079
2022-11-14 08:58:11,2022-11-14 09:53:05,30,PLINE300,4169284,SC1000,lecocq91,31199/30079
2022-11-10 10:13:20,2022-11-10 16:19:32,31,PLINE300,N/a,REFLEXION,heylen,31399/00055
2022-11-05 18:49:08,2022-11-05 21:11:48,32,PLINE300,4167782,REFLEXION,raymaek,31399/00039
2022-11-10 10:12:41,2022-11-10 10:13:03,33,PLINE300,4169517,REFLEXION,heylen,31399/00039
2022-11-14 07:10:47,2022-11-14 09:12:45,34,PLINE300,4170258,REFLEXION,raymaek,31399/00039
2022-11-15 13:04:10,2022-11-15 17:16:39,35,PLINE300,N/a,ENDURA_3,dekkers,31499/01284
2022-11-16 17:00:07,2022-11-16 18:20:56,36,PLINE300,N/a,ENDURA_3,dekkers,31499/01284
2022-11-09 07:49:52,2022-11-09 10:01:44,37,PLINE300,4168758,ENDURA_3,wellens,32299/01899
2022-10-31 15:10:16,2022-10-31 21:36:37,38,PLINE300,4167312,NX3DM,vbelle62,36003/01224
2022-11-03 17:22:39,2022-11-03 21:39:36,39,PLINE300,4167857,NX3DM,vbelle62,36003/01224
2022-11-05 11:37:42,2022-11-05 14:01:40,40,PLINE300,4168192,NX3DM,vbelle62,36003/01224
2022-11-06 11:32:27,2022-11-06 16:44:06,41,PLINE300,4168637,NX3DM,vbelle62,36003/01224
2022-11-09 15:12:46,2022-11-09 16:51:35,42,PLINE300,4169757,NX3DM,vbelle62,36003/01224
2022-11-16 15:30:47,2022-11-16 20:23:52,43,PLINE300,N/a,METRIOS,gade18,39320/36502
2022-11-17 18:00:22,2022-11-17 20:53:39,44,PLINE300,N/a,METRIOS,lookma25,39320/36502
2022-11-02 10:49:34,2022-11-02 14:02:08,45,PLINE300,N/a,METRIOS,gade18,39320/36502
2022-11-03 06:46:06,2022-11-03 09:56:35,46,PLINE300,N/a,METRIOS,gade18,39320/36502
2022-11-04 07:10:07,2022-11-04 08:54:32,47,PLINE300,N/a,METRIOS,gade18,39320/36502
2022-11-15 13:52:30,2022-11-15 18:07:46,48,PLINE300,N/a,METRIOS,martin29,42199/00160
2022-11-17 14:01:40,2022-11-17 17:50:11,49,PLINE300,N/a,METRIOS,martin29,42199/00160
2022-10-31 15:48:39,2022-10-31 17:29:57,50,PLINE300,N/a,METRIOS,martin29,42199/00160
2022-11-02 14:27:16,2022-11-02 18:19:46,51,PLINE300,N/a,METRIOS,martin29,42199/00160
2022-11-03 14:10:31,2022-11-03 18:10:29,52,PLINE300,N/a,METRIOS,martin29,42199/00160
2022-11-08 14:57:51,2022-11-08 18:28:43,53,PLINE300,N/a,METRIOS,martin29,42199/00160
2022-11-09 13:56:00,2022-11-09 18:33:48,54,PLINE300,N/a,METRIOS,martin29,42199/00160
2022-11-07 09:48:27,2022-11-15 14:22:00,55,PLINE300,4166538,HELIOS_G5,drijboom,42199/00160
2022-11-15 12:01:51,2022-11-15 15:03:04,56,PLINE300,4170474,LEVITOR4300,homkar65,30990/32063
2022-11-15 07:05:29,2022-11-15 12:21:26,57,PLINE200,N/a,ENDURA_BAR,bangel19,39422/01225
2022-11-16 07:41:12,2022-11-16 12:45:35,58,PLINE200,N/a,ENDURA_BAR,bangel19,39422/01225
2022-11-09 14:45:39,2022-11-09 22:00:36,59,PLINE200,N/a,ENDURA_BAR,bangel19,39422/01221
2022-11-09 08:51:50,2022-11-09 09:55:05,60,PLINE300,4169467,REFLEXION_4,kenens78,31199/00653
2022-11-10 06:33:14,2022-11-10 10:00:51,61,PLINE300,4170009,REFLEXION_4,pittev,38199/01284
2022-11-17 08:47:13,2022-11-17 16:28:11,62,PLINE300,4171178,REFLEXION_4,kenens78,98850/02081
2022-11-02 18:13:30,2022-11-02 19:27:03,63,PLINE300,4167011,TR3300,furuka28,31199/01514
2022-11-07 08:26:43,2022-11-07 10:41:39,64,PLINE300,4167400,TR3300,wouter12,31199/30079
2022-11-05 09:56:09,2022-11-05 11:21:58,65,PLINE200,4168287,FUSIONBONDER,han41,36671/01224
2022-11-10 07:50:28,2022-11-10 11:27:19,66,PLINE300,4170026,CIRCL,gompou79,36003/36503
2022-11-14 20:08:54,2022-11-14 22:00:00,67,PLINE300,4170735,CIRCL,gompou79,36003/36503
2022-11-15 15:21:04,2022-11-15 17:43:27,68,PLINE300,4171066,CIRCL,gompou79,36003/36503
2022-11-15 20:10:12,2022-11-15 21:51:40,69,PLINE300,4171073,CIRCL,gompou79,36003/36503
2022-11-16 08:21:16,2022-11-16 08:33:03,70,PLINE300,4171172,CIRCL,beirnaer,32299/00013
2022-10-31 13:48:01,2022-10-31 14:54:03,71,PLINE300,4167191,CIRCL,stiersk,36003/36503
2022-11-02 16:40:14,2022-11-02 21:50:03,72,PLINE300,4167415,CIRCL,gompou79,36003/36503
2022-11-03 20:00:02,2022-11-03 22:03:07,73,PLINE300,4168187,CIRCL,gompou79,36003/36503
2022-11-04 10:38:10,2022-11-04 12:29:01,74,PLINE300,4168262,CIRCL,vdweeg61,32299/00352
2022-10-31 09:36:24,2022-10-31 16:38:17,75,PLINE300,4156158,TITAN,richardo,42199/00160
2022-11-10 16:56:50,2022-11-10 19:38:18,76,PLINE300,4170101,TITAN,impagn97,42199/00160
2022-11-15 16:05:59,2022-11-15 20:43:23,77,PLINE300,4170600,TITAN,impagn97,42199/00160
2022-11-01 02:32:06,2022-11-01 05:54:08,78,PLINE300,N/a,HELIOS1200,vrebos45,39320/36502
2022-11-01 21:58:19,2022-11-02 01:40:04,79,PLINE300,N/a,HELIOS1200,derudd92,39320/36502
2022-11-02 06:47:20,2022-11-02 09:18:16,80,PLINE300,N/a,HELIOS1200,sainch77,39320/36502
2022-11-02 10:15:11,2022-11-02 14:07:11,81,PLINE300,N/a,HELIOS1200,michal78,39320/36502
2022-11-02 14:08:02,2022-11-02 17:12:41,82,PLINE300,N/a,HELIOS1200,pavlov38,39320/36502
2022-11-02 22:05:19,2022-11-03 01:42:51,83,PLINE300,N/a,HELIOS1200,derudd92,39320/36502
2022-11-02 09:22:56,2022-11-02 10:05:58,84,PLINE300,4167497,HELIOS1200,dangol,38199/00881
2022-11-03 07:58:15,2022-11-03 09:50:38,85,PLINE300,4167008,HELIOS1200,beirnaer,38199/01490
2022-11-10 17:22:02,2022-11-10 21:40:57,86,PLINE300,4168874,HELIOS1200,peeter11,38199/01490
2022-11-15 10:02:35,2022-11-15 11:47:02,87,PLINE300,4169604,HELIOS1200,vrancken,37092/02172
2022-11-17 19:09:14,2022-11-17 22:04:48,88,PLINE300,N/a,HELIOS1200,vrebos45,39320/36502
2022-11-02 20:10:47,2022-11-02 21:39:51,89,PLINE300,N/a,HELIOS1200,verhoevj,36003/36503
2022-11-04 16:31:09,2022-11-04 17:24:42,90,PLINE300,N/a,HELIOS1200,claeseng,38199/01951
2022-11-05 06:45:41,2022-11-05 12:48:08,91,PLINE300,N/a,HELIOS1200,verhoevj,36003/36503
2022-11-14 10:12:45,2022-11-14 13:54:53,92,PLINE300,N/a,HELIOS1200,verhoevj,36003/36503
2022-10-31 14:07:55,2022-10-31 17:37:43,93,PLINE300,4167152,HELIOS1200,peeter11,37092/02172
2022-11-15 19:36:54,2022-11-15 22:12:42,94,PLINE300,N/a,HELIOS1200,michal78,39320/36502
2022-11-15 22:18:27,2022-11-16 05:54:37,95,PLINE300,N/a,HELIOS1200,sterke41,39320/36502
2022-11-16 14:15:39,2022-11-16 17:32:27,96,PLINE300,N/a,HELIOS1200,sainch77,39320/36502
2022-11-16 19:06:06,2022-11-16 21:54:29,97,PLINE300,N/a,HELIOS1200,michal78,39320/36502
2022-11-17 06:27:34,2022-11-17 09:49:59,98,PLINE300,N/a,HELIOS1200,rutkow29,39320/36502
2022-11-17 14:42:56,2022-11-17 18:11:21,99,PLINE300,N/a,HELIOS1200,vrebos45,39320/36502
2022-11-14 14:23:43,2022-11-14 18:55:04,100,PLINE300,N/a,HELIOS1200,subedi56,39320/36502
2022-11-14 19:02:40,2022-11-14 21:44:40,101,PLINE300,N/a,HELIOS1200,sainch77,39320/36502
2022-11-14 23:02:01,2022-11-15 05:55:06,102,PLINE300,N/a,HELIOS1200,sterke41,39320/36502
2022-11-15 06:35:14,2022-11-15 09:53:31,103,PLINE300,N/a,HELIOS1200,zeleni15,39320/36502
2022-11-15 12:05:20,2022-11-15 13:48:49,104,PLINE300,N/a,HELIOS1200,rutkow29,39320/36502
2022-11-15 13:56:03,2022-11-15 17:31:14,105,PLINE300,N/a,HELIOS1200,subedi56,39320/36502
2022-11-08 21:52:28,2022-11-09 01:47:05,106,PLINE300,N/a,HELIOS1200,sainch77,39320/36502
2022-11-09 02:53:30,2022-11-09 05:49:22,107,PLINE300,N/a,HELIOS1200,subedi56,39320/36502
2022-11-09 06:25:32,2022-11-09 09:22:24,108,PLINE300,N/a,HELIOS1200,dutrow20,39320/36502
2022-11-10 22:07:25,2022-11-11 01:03:37,109,PLINE300,N/a,HELIOS1200,sainch77,39320/36502
2022-11-11 02:15:15,2022-11-11 05:52:35,110,PLINE300,N/a,HELIOS1200,sainch77,39320/36502
2022-11-14 06:50:06,2022-11-14 10:00:31,111,PLINE300,N/a,HELIOS1200,peeter11,39320/36502
2022-11-04 05:06:32,2022-11-04 05:42:13,112,PLINE300,N/a,HELIOS1200,vrebos45,39320/36502
2022-11-04 10:08:39,2022-11-04 14:06:55,113,PLINE300,N/a,HELIOS1200,michal78,39320/36502
2022-11-04 19:00:22,2022-11-04 21:50:50,114,PLINE300,N/a,HELIOS1200,sterke41,39320/36502
2022-11-04 22:06:12,2022-11-05 01:43:14,115,PLINE300,N/a,HELIOS1200,derudd92,39320/36502
2022-11-05 03:17:30,2022-11-05 05:56:55,116,PLINE300,N/a,HELIOS1200,vrebos45,39320/36502
2022-11-05 14:07:02,2022-11-05 18:14:27,117,PLINE300,N/a,HELIOS1200,pavlov38,39320/36502
2022-11-03 02:36:06,2022-11-03 05:57:09,118,PLINE300,N/a,HELIOS1200,vrebos45,39320/36502
2022-11-03 09:59:25,2022-11-03 14:04:20,119,PLINE300,N/a,HELIOS1200,michal78,39320/36502
2022-11-03 14:16:18,2022-11-03 16:38:15,120,PLINE300,N/a,HELIOS1200,subedi56,39320/36502
2022-11-03 17:21:06,2022-11-03 18:02:52,121,PLINE300,N/a,HELIOS1200,dutrow20,39320/36502
2022-11-03 20:32:06,2022-11-03 21:37:20,122,PLINE300,N/a,HELIOS1200,dutrow20,39320/36502
2022-11-03 22:15:01,2022-11-04 02:14:30,123,PLINE300,N/a,HELIOS1200,derudd92,39320/36502
2022-11-02 14:46:03,2022-11-02 17:36:08,124,PLINE300,4166760,DNS_6,drent34,31199/31811
2022-11-14 10:49:33,2022-11-14 12:20:09,125,PLINE300,4169529,DNS_6,rastog28,30990/32063
2022-11-16 12:55:51,2022-11-16 13:49:17,126,PLINE300,N/a,HELIOS460,maes72,98300/14175
2022-11-02 09:30:13,2022-11-02 14:03:06,127,PLINE300,4167398,F_REX300X_1,vdweeg61,38199/01284
2022-11-07 15:05:52,2022-11-07 20:15:18,128,PLINE300,4168707,F_REX300X_1,vdweeg61,38199/01284
2022-11-10 10:08:39,2022-11-10 10:09:50,129,PLINE300,4169227,F_REX300X_1,sugawa19,31399/01183
2022-11-14 13:12:56,2022-11-14 20:02:49,130,PLINE300,4170171,F_REX300X_1,sugawa19,31399/01183
2022-10-31 16:49:10,2022-10-31 18:03:14,131,PLINE300,4166692,TR1000,wouter12,31199/30079
2022-11-02 07:58:06,2022-11-02 09:55:06,132,PLINE300,4155595,TR1000,lecocq91,31199/30079
2022-11-03 08:02:17,2022-11-03 09:49:54,133,PLINE300,4158404,TR1000,maessc90,31199/30079
2022-11-04 08:14:12,2022-11-04 09:54:43,134,PLINE300,4158402,TR1000,lecocq91,31199/30079
2022-11-06 13:00:53,2022-11-06 14:33:46,135,PLINE300,4168646,TR1000,le27,31199/30079
2022-11-08 08:11:54,2022-11-08 08:28:59,136,PLINE300,4167929,TR1000,jacobs41,31199/01513
2022-11-10 07:58:29,2022-11-10 10:25:33,137,PLINE300,4167672,TR1000,maessc90,31199/30079
2022-11-10 17:01:33,2022-11-10 18:40:33,138,PLINE300,4168301,TR1000,wouter12,31199/30079
2022-11-14 08:58:02,2022-11-14 09:53:09,139,PLINE300,4169285,TR1000,lecocq91,31199/30079
2022-11-15 09:50:08,2022-11-15 11:12:41,140,PLINE300,4168303,TR1000,lecocq91,31199/30079
2022-11-16 08:02:11,2022-11-16 09:03:24,141,PLINE300,4169287,TR1000,lecocq91,31199/30079
2022-11-17 08:04:55,2022-11-17 09:47:11,142,PLINE300,4169289,TR1000,lecocq91,31199/30079
2022-11-10 12:38:32,2022-11-10 13:38:15,143,PLINE300,N/a,MC600I,sterke41,39320/36502
2022-11-03 20:17:05,2022-11-03 21:42:40,144,PLINE300,N/a,MC600I,claeseng,31299/01861
2022-11-17 01:48:13,2022-11-17 04:29:25,145,PLINE300,N/a,MC600I,claeseng,37093/02178
2022-11-02 20:01:29,2022-11-02 20:43:09,146,PLINE300,4167528,TR3400,furuka28,31199/01514
2022-11-03 08:29:59,2022-11-03 09:56:17,147,PLINE300,4167650,TR3400,roy82,31199/00653
2022-11-02 18:15:51,2022-11-02 19:38:17,148,PLINE300,4166283,SC3400,kato15,31199/30117
2022-11-02 20:01:13,2022-11-02 20:35:35,149,PLINE300,4167527,SC3400,furuka28,31199/01514
2022-11-03 08:30:14,2022-11-03 09:56:51,150,PLINE300,4167649,SC3400,roy82,31199/00653
2022-11-04 18:08:19,2022-11-04 23:01:45,151,PLINE200,4168337,KLA2351,gooris43,32299/31838
2022-11-07 07:15:11,2022-11-07 14:52:57,152,PLINE200,4168613,KLA2351,gompou79,32299/31838
2022-11-09 14:12:19,2022-11-09 19:10:57,153,PLINE200,4169305,KLA2351,gooris43,98300/14175
2022-11-07 09:03:39,2022-11-07 09:37:20,154,PLINE200,N/a,NOVA200,vdepauw,41603/41380
2022-11-03 11:12:45,2022-11-03 13:06:33,155,PLINE200,4157493,NOVA200,hendri21,97406/01185
2022-11-04 12:34:18,2022-11-04 13:37:35,156,PLINE200,4166207,NOVA200,hendri21,97406/01185
2022-11-04 14:08:25,2022-11-04 15:33:59,157,PLINE200,4168162,NOVA200,villal56,41603/49500
2022-11-08 07:26:53,2022-11-08 09:20:59,158,PLINE200,4168733,NOVA200,ripj,32005/01784
2022-11-17 07:59:07,2022-11-17 09:56:41,159,PLINE200,4170814,NOVA200,lux,32008/00034
2022-11-17 11:31:23,2022-11-17 11:57:34,160,PLINE200,4171871,NOVA200,tsvetani,38199/01838
2022-11-07 13:14:43,2022-11-07 15:42:14,161,PLINE200,4166921,XL30_CF,vdpeer,32099/01506
2022-11-10 10:15:38,2022-11-10 10:50:15,162,PLINE200,4169283,XL30_CF,jmesse,32099/01506
2022-10-31 11:25:08,2022-10-31 13:44:15,163,PLINE300,N/a,SU8000,billin72,39320/36502
2022-11-05 00:20:07,2022-11-05 06:15:12,164,PLINE300,N/a,SU8000,vdstaey,39320/36502
2022-11-08 03:26:11,2022-11-08 04:46:40,165,PLINE300,N/a,SU8000,subedi56,39320/36502
2022-11-09 04:48:41,2022-11-09 06:05:46,166,PLINE300,N/a,SU8000,vdstaey,39320/36502
2022-11-09 22:08:20,2022-11-10 00:52:49,167,PLINE300,N/a,SU8000,vdstaey,39320/36502
2022-11-10 03:33:02,2022-11-10 05:30:23,168,PLINE300,N/a,SU8000,subedi56,39320/36502
2022-11-03 06:37:13,2022-11-03 08:20:44,169,PLINE300,4167489,SU8000,vdbroecn,31199/31191
2022-11-08 09:01:50,2022-11-08 10:20:56,170,PLINE300,4168796,SU8000,maes72,98300/14175
2022-11-14 08:37:25,2022-11-14 09:37:13,171,PLINE300,4169845,SU8000,maes72,37004/15017
2022-11-15 08:43:41,2022-11-15 09:53:39,172,PLINE300,4170656,SU8000,maes72,37004/15017
2022-11-15 14:16:06,2022-11-15 14:55:23,173,PLINE300,4170165,SU8000,leruth67,44999/01882
2022-11-14 20:01:40,2022-11-14 21:35:18,174,PLINE300,N/a,SU8000,michal78,39320/36502
2022-11-02 11:45:18,2022-11-02 13:09:17,175,PLINE300,N/a,SU8000,dusar,98300/01969
2022-11-02 22:05:55,2022-11-03 01:24:38,176,PLINE300,N/a,SU8000,konecn85,98300/01535
2022-11-05 10:56:41,2022-11-05 11:44:00,177,PLINE300,N/a,SU8000,stiersj,38199/01490
2022-11-09 10:28:56,2022-11-09 11:56:30,178,PLINE300,N/a,SU8000,maes72,98300/01618
2022-11-14 14:50:38,2022-11-14 15:31:48,179,PLINE300,N/a,SU8000,maes72,37004/15017
2022-11-04 10:33:04,2022-11-04 11:14:46,180,PLINE200,N/a,PROFILER,redants,98300/01618
2022-11-15 10:40:36,2022-11-15 13:59:45,181,PLINE300,N/a,EXSOLVE,vhumbe97,39320/36502
2022-11-09 09:24:50,2022-11-09 11:59:14,182,PLINE300,N/a,TEM_METROLOGY,casill80,39320/36502
2022-11-02 08:57:31,2022-11-02 11:19:59,183,PLINE300,4167469,H6300_2,goovae19,31199/01918
2022-10-31 10:55:16,2022-10-31 12:34:15,184,PLINE300,N/a,VERIOS,billin72,39320/36502
2022-10-31 14:58:17,2022-10-31 16:59:03,185,PLINE300,N/a,VERIOS,billin72,39320/36502
2022-10-31 22:03:55,2022-11-01 01:23:11,186,PLINE300,N/a,VERIOS,vrebos45,39320/36502
2022-11-01 03:11:38,2022-11-01 05:53:06,187,PLINE300,N/a,VERIOS,derudd92,39320/36502
2022-11-02 00:38:14,2022-11-02 01:41:57,188,PLINE300,N/a,VERIOS,vrebos45,39320/36502
2022-11-02 03:18:34,2022-11-02 05:57:10,189,PLINE300,N/a,VERIOS,derudd92,39320/36502
2022-10-31 18:35:30,2022-10-31 21:36:00,190,PLINE300,N/a,VERIOS,peeter11,36003/36502
2022-11-05 06:32:56,2022-11-05 18:05:01,191,PLINE300,N/a,VERIOS,peeter11,36003/36502
2022-11-06 06:46:11,2022-11-06 16:23:59,192,PLINE300,N/a,VERIOS,peeter11,36003/36502
2022-11-07 08:02:15,2022-11-07 13:45:05,193,PLINE300,N/a,VERIOS,claeseng,32005/01718
2022-11-08 09:53:51,2022-11-08 13:01:28,194,PLINE300,N/a,VERIOS,claeseng,37299/01841
2022-11-15 22:09:28,2022-11-16 04:50:27,195,PLINE300,N/a,VERIOS,claeseng,97406/97283
2022-11-15 19:10:25,2022-11-15 20:02:25,196,PLINE300,N/a,VERIOS,subedi56,39320/36502
2022-11-16 10:46:32,2022-11-16 13:31:57,197,PLINE300,N/a,VERIOS,rutkow29,39320/36502
2022-11-16 14:45:20,2022-11-16 15:09:19,198,PLINE300,N/a,VERIOS,billin72,39320/36502
2022-11-16 15:33:14,2022-11-16 18:03:05,199,PLINE300,N/a,VERIOS,michal78,39320/36502
2022-11-17 10:43:51,2022-11-17 13:38:54,200,PLINE300,N/a,VERIOS,rutkow29,39320/36502
2022-11-17 14:39:32,2022-11-17 21:36:14,201,PLINE300,N/a,VERIOS,derudd92,39320/36502
2022-11-08 18:58:56,2022-11-08 21:55:44,202,PLINE300,N/a,VERIOS,vrebos45,39320/36502
2022-11-08 21:59:13,2022-11-09 01:35:49,203,PLINE300,N/a,VERIOS,subedi56,39320/36502
2022-11-09 22:06:57,2022-11-10 02:08:49,204,PLINE300,N/a,VERIOS,subedi56,39320/36502
2022-11-10 08:08:00,2022-11-10 09:22:42,205,PLINE300,N/a,VERIOS,billin72,39320/36502
2022-11-10 22:00:59,2022-11-11 03:33:08,206,PLINE300,N/a,VERIOS,vdstaey,39320/36502
2022-11-14 11:32:58,2022-11-14 14:02:02,207,PLINE300,N/a,VERIOS,rutkow29,39320/36502
2022-11-04 11:54:09,2022-11-04 13:48:04,208,PLINE300,N/a,VERIOS,sainch77,39320/36502
2022-11-05 22:47:56,2022-11-06 01:35:54,209,PLINE300,N/a,VERIOS,vdstaey,39320/36502
2022-11-07 14:09:07,2022-11-07 18:15:57,210,PLINE300,N/a,VERIOS,vrebos45,39320/36502
2022-11-07 20:33:31,2022-11-07 21:53:39,211,PLINE300,N/a,VERIOS,vrebos45,39320/36502
2022-11-08 08:05:37,2022-11-08 09:24:19,212,PLINE300,N/a,VERIOS,billin72,39320/36502
2022-11-08 15:09:18,2022-11-08 17:28:22,213,PLINE300,N/a,VERIOS,vrebos45,39320/36502
2022-11-02 22:00:44,2022-11-03 01:42:05,214,PLINE300,N/a,VERIOS,vrebos45,39320/36502
2022-11-03 03:19:05,2022-11-03 05:48:16,215,PLINE300,N/a,VERIOS,derudd92,39320/36502
2022-11-03 11:20:50,2022-11-03 13:41:32,216,PLINE300,N/a,VERIOS,sainch77,39320/36502
2022-11-03 22:04:02,2022-11-04 01:55:55,217,PLINE300,N/a,VERIOS,vrebos45,39320/36502
2022-11-04 03:43:25,2022-11-04 05:43:06,218,PLINE300,N/a,VERIOS,derudd92,39320/36502
2022-11-04 06:34:52,2022-11-04 08:16:52,219,PLINE300,N/a,VERIOS,sainch77,39320/36502
2022-11-09 18:14:23,2022-11-09 19:21:54,220,PLINE300,4169947,PROVISION2E,janard53,38199/01952
2022-11-05 16:06:33,2022-11-05 17:31:26,221,PLINE300,4168193,NXWAFER,vbelle62,36003/01224
2022-11-16 09:27:21,2022-11-16 14:19:36,222,PLINE300,4171192,NXWAFER,vbelle62,36003/01224
2022-11-14 15:33:00,2022-11-14 17:42:35,223,PLINE200,4170227,CS4800,moelants,37004/01376
2022-11-17 19:56:58,2022-11-17 21:12:06,224,PLINE200,4170594,CS4800,moelants,97401/01775
2022-11-03 10:43:00,2022-11-03 12:50:00,225,PLINE300,4167936,2830ZT,thukka30,30990/32063
2022-11-08 11:21:53,2022-11-08 11:57:26,226,PLINE300,4168880,2830ZT,sinha70,31499/00379
2022-11-10 14:34:34,2022-11-10 17:05:24,227,PLINE300,4169016,2830ZT,devul,31499/02121
2022-11-16 19:04:16,2022-11-16 21:59:48,228,PLINE300,N/a,SEMVISION,sainch77,39320/36502
2022-11-16 22:35:04,2022-11-17 03:47:02,229,PLINE300,N/a,SEMVISION,dutrow20,39320/36502
2022-11-03 17:33:48,2022-11-03 21:31:34,230,PLINE300,N/a,SEMVISION,sterke41,39320/36502
2022-11-04 22:02:06,2022-11-04 23:43:36,231,PLINE300,N/a,SEMVISION,vdstaey,39320/36502
2022-11-06 04:45:18,2022-11-06 06:04:13,232,PLINE300,N/a,SEMVISION,vdstaey,39320/36502
2022-11-07 12:20:44,2022-11-07 13:46:45,233,PLINE300,N/a,SEMVISION,dutrow20,39320/36502
2022-11-15 07:58:19,2022-11-15 10:11:41,234,PLINE300,4167971,SEMVISION,beirnaer,32299/00013
2022-11-15 15:04:05,2022-11-15 16:28:40,235,PLINE300,4167980,SEMVISION,dusar,44999/02213
2022-11-14 08:01:52,2022-11-14 10:02:18,236,PLINE300,4167556,SEMVISION,beirnaer,32299/00013
2022-11-14 12:13:40,2022-11-14 14:03:51,237,PLINE300,4170164,SEMVISION,janard53,00999/00505
2022-11-14 15:25:36,2022-11-14 16:29:25,238,PLINE300,4167487,SEMVISION,michal78,43013/97275
2022-11-14 16:29:39,2022-11-14 17:10:03,239,PLINE300,4170848,SEMVISION,michal78,39320/36502
2022-11-15 06:01:06,2022-11-15 06:29:15,240,PLINE300,4167981,SEMVISION,redants,44999/02213
2022-11-15 06:29:19,2022-11-15 07:08:50,241,PLINE300,4167981,SEMVISION,redants,44999/02213
2022-11-09 06:16:31,2022-11-09 07:21:20,242,PLINE300,4166544,SEMVISION,engelen,31029/01811
2022-11-09 10:12:48,2022-11-09 12:10:46,243,PLINE300,4168842,SEMVISION,dvriendt,32299/00013
2022-11-09 13:54:02,2022-11-09 14:29:25,244,PLINE300,4166546,SEMVISION,redants,43001/01666
2022-11-09 14:38:16,2022-11-09 18:07:56,245,PLINE300,4166899,SEMVISION,beirnaer,32299/00013
2022-11-09 20:02:41,2022-11-09 20:43:06,246,PLINE300,4169945,SEMVISION,janard53,32299/01084
2022-11-10 07:07:35,2022-11-10 08:04:39,247,PLINE300,4168843,SEMVISION,dvriendt,32299/00013
2022-11-07 09:58:00,2022-11-07 12:11:44,248,PLINE300,4166517,SEMVISION,beirnaer,32299/00013
2022-11-07 15:06:08,2022-11-07 16:32:05,249,PLINE300,4168378,SEMVISION,janard53,00999/00505
2022-11-08 06:11:20,2022-11-08 07:55:26,250,PLINE300,4166477,SEMVISION,engelen,37004/37141
2022-11-08 13:57:04,2022-11-08 14:11:35,251,PLINE300,4166478,SEMVISION,maes72,37004/37141
2022-11-08 16:59:43,2022-11-08 18:32:28,252,PLINE300,4166518,SEMVISION,beirnaer,32299/00013
2022-11-08 18:34:13,2022-11-08 19:48:41,253,PLINE300,4166480,SEMVISION,redants,31029/01811
2022-11-02 14:24:35,2022-11-02 16:37:12,254,PLINE300,4155972,SEMVISION,dusar,98300/01618
2022-11-03 06:08:43,2022-11-03 07:43:33,255,PLINE300,4155973,SEMVISION,redants,43013/97275
2022-11-04 05:57:22,2022-11-04 07:07:40,256,PLINE300,4156332,SEMVISION,redants,31029/01811
2022-11-04 07:54:47,2022-11-04 08:24:12,257,PLINE300,4166516,SEMVISION,beirnaer,32299/00013
2022-11-04 08:24:16,2022-11-04 10:02:24,258,PLINE300,4166516,SEMVISION,beirnaer,32299/00013
2022-11-04 12:50:46,2022-11-04 13:37:28,259,PLINE300,4166516,SEMVISION,beirnaer,32299/00013
2022-11-16 10:55:04,2022-11-16 11:54:54,260,PLINE300,4168930,SEMVISION,beirnaer,32299/00013
2022-11-16 17:05:40,2022-11-16 18:48:27,261,PLINE300,4168851,SEMVISION,dvriendt,32299/00013
2022-11-17 06:02:39,2022-11-17 06:37:34,262,PLINE300,4168956,SEMVISION,redants,31029/01811
2022-11-17 07:43:51,2022-11-17 10:00:05,263,PLINE300,4168931,SEMVISION,beirnaer,32299/00013
2022-10-31 05:56:57,2022-10-31 06:36:48,264,PLINE300,4154857,SEMVISION,redants,37004/37141
2022-11-02 10:11:16,2022-11-02 12:54:15,265,PLINE300,4155482,SEMVISION,beirnaer,32299/00013
2022-11-04 14:59:02,2022-11-04 16:20:58,266,PLINE300,N/a,SEMVISION,claeseng,37093/02175
2022-11-05 15:05:39,2022-11-05 18:05:37,267,PLINE300,N/a,SEMVISION,verhoevj,36003/36503
2022-11-05 22:55:04,2022-11-06 03:44:28,268,PLINE300,N/a,SEMVISION,dusar,43001/01666
2022-11-07 14:07:22,2022-11-07 14:52:03,269,PLINE300,N/a,SEMVISION,konecn85,32299/01899
2022-11-10 20:53:25,2022-11-10 21:45:41,270,PLINE300,N/a,SEMVISION,verhoevj,36003/36503
2022-11-15 07:15:02,2022-11-15 07:51:53,271,PLINE300,N/a,SEMVISION,verhoevj,36003/36503
2022-11-10 10:52:18,2022-11-10 12:59:26,272,PLINE300,N/a,SEMVISION,dutrow20,39320/36502
2022-11-10 23:05:12,2022-11-10 23:55:00,273,PLINE300,N/a,SEMVISION,michal78,39320/36502
2022-11-17 14:19:47,2022-11-17 15:13:39,274,PLINE300,N/a,SEMVISION,maes72,98300/14175
2022-10-31 17:56:16,2022-10-31 20:43:26,275,PLINE300,N/a,SEMVISION,verhoevj,36003/36503
2022-11-02 17:27:07,2022-11-02 20:10:20,276,PLINE300,N/a,SEMVISION,verhoevj,36003/36503
2022-11-03 02:26:11,2022-11-03 06:00:48,277,PLINE300,N/a,SEMVISION,konecn85,98300/14175
2022-11-07 16:53:04,2022-11-07 17:28:30,278,PLINE300,N/a,SEMVISION,derudd92,39320/36502
2022-11-07 22:31:33,2022-11-07 23:53:59,279,PLINE300,N/a,SEMVISION,michal78,39320/36502
2022-11-08 02:32:58,2022-11-08 03:00:30,280,PLINE300,N/a,SEMVISION,michal78,39320/36502
2022-11-09 12:16:36,2022-11-09 13:49:44,281,PLINE300,N/a,SEMVISION,dutrow20,39320/36502
2022-11-09 23:15:31,2022-11-10 00:40:35,282,PLINE300,N/a,SEMVISION,michal78,39320/36502
2022-11-10 00:40:52,2022-11-10 01:40:48,283,PLINE300,N/a,SEMVISION,michal78,39320/36502
2022-11-03 13:25:28,2022-11-03 14:47:09,284,PLINE300,4167629,KLA2925,chowri97,31199/01988
2022-11-09 11:01:24,2022-11-09 15:04:35,285,PLINE300,4169377,KLA2925,chowri97,31199/01988
2022-11-14 10:50:36,2022-11-15 11:40:58,286,PLINE300,4170496,KLA2925,beggia74,31199/00653
2022-11-16 09:09:34,2022-11-16 11:07:27,287,PLINE300,4169822,KLA2925,chowri97,31199/01988
2022-11-14 14:58:06,2022-11-14 15:23:27,288,PLINE300,4169311,FTIR_2,sinha70,31499/00379
2022-11-15 07:47:35,2022-11-15 12:08:24,289,PLINE300,4171007,FTIR_2,cochet,32299/00013
2022-11-15 09:41:57,2022-11-15 10:02:52,290,PLINE200,4170186,POLYGON,janssenm,39423/01221
2022-11-16 17:15:17,2022-11-16 17:48:53,291,PLINE200,4170565,POLYGON,medina33,31499/00880
2022-11-03 11:00:04,2022-11-03 12:40:41,292,PLINE200,4167760,ACT12_MTM,vanpuym,31012/01649
2022-11-04 11:12:06,2022-11-04 13:54:39,293,PLINE200,4167959,AP300,guerrera,32299/00716
2022-11-10 10:39:01,2022-11-10 11:54:48,294,PLINE200,4169322,AP300,mingar54,32099/01821
2022-11-04 09:28:54,2022-11-04 11:06:31,295,PLINE300,4167776,ENDURA_5,soulie26,43900/02205
2022-11-04 15:01:59,2022-11-04 18:47:30,296,PLINE300,4167518,ENDURA_5,agiann70,31299/01284
2022-11-07 16:36:50,2022-11-07 19:21:55,297,PLINE300,4168518,ENDURA_5,agiann70,31299/01284
2022-11-09 09:13:50,2022-11-09 10:45:49,298,PLINE300,4169507,ENDURA_5,soulie26,31499/00640
2022-11-02 09:30:02,2022-11-02 13:21:04,299,PLINE300,4166506,ENDURA_5,soulie26,32005/01697
2022-11-02 15:18:25,2022-11-02 16:52:41,300,PLINE300,4167125,ENDURA_5,agiann70,31299/01284
2022-11-09 15:04:19,2022-11-09 16:33:04,301,PLINE300,4169087,ENDURA_5,agiann70,31299/01284
2022-11-10 10:56:06,2022-11-10 14:13:29,302,PLINE300,4168801,ENDURA_5,devul,38199/01593
2022-11-10 17:30:11,2022-11-14 11:01:26,303,PLINE300,4170013,ENDURA_5,perezl56,43900/02205
2022-11-15 08:54:21,2022-11-15 14:19:13,304,PLINE300,4169424,ENDURA_5,soulie26,31399/00039
2022-11-17 08:49:19,2022-11-17 10:06:07,305,PLINE300,4171301,ENDURA_5,mandal97,31199/01765
2022-10-31 09:08:56,2022-10-31 16:53:54,306,PLINE300,4166352,ENDURA_5,soulie26,43900/02205
2022-11-02 08:20:29,2022-11-02 11:20:27,307,PLINE300,N/a,EXTREME_2,goovae19,31199/01918
2022-11-07 13:10:01,2022-11-07 15:43:52,308,PLINE300,N/a,EXTREME_2,goovae19,36003/36502
2022-11-09 08:28:33,2022-11-09 11:58:03,309,PLINE300,N/a,EXTREME_2,goovae19,31199/01918
2022-11-14 09:36:00,2022-11-14 10:21:39,310,PLINE300,N/a,EXTREME_2,goovae19,36003/36502
2022-11-14 10:22:22,2022-11-14 13:25:27,311,PLINE300,N/a,EXTREME_2,goovae19,31199/01918
2022-10-31 08:18:38,2022-10-31 11:52:05,312,PLINE300,4167046,EXTREME_2,goovae19,98600/31827
2022-11-03 10:27:46,2022-11-03 13:33:17,313,PLINE300,4167586,EXTREME_2,talmel16,31499/01951
2022-11-09 11:58:36,2022-11-09 16:19:33,314,PLINE300,4169799,EXTREME_2,goovae19,31199/01617
2022-11-17 10:22:07,2022-11-17 13:32:26,315,PLINE300,4170901,EXTREME_2,goovae19,98601/01062
2022-11-15 15:25:09,2022-11-15 19:19:37,316,PLINE300,4170559,HYBRID_BONDER,vasch21,31012/01084
2022-11-08 14:00:46,2022-11-08 14:57:19,317,PLINE300,4169060,F5_SCD,rahmat49,30990/32063
2022-10-31 06:42:14,2022-10-31 07:36:27,318,PLINE300,4167087,INS3300,redants,00999/00505
2022-10-31 12:20:49,2022-10-31 12:21:18,319,PLINE300,4166980,SCD100,hsingy35,30990/32063
2022-11-02 10:04:04,2022-11-02 10:55:45,320,PLINE300,4167356,SCD100,hsingy35,30990/32063
2022-11-02 12:09:19,2022-11-02 13:08:50,321,PLINE300,4166993,SCD100,hsingy35,30990/32063
2022-11-03 12:23:11,2022-11-03 13:06:30,322,PLINE300,4167796,SCD100,marian80,30990/32063
2022-11-07 10:22:33,2022-11-07 11:11:33,323,PLINE300,N/a,INS300,engelen,98601/31507
2022-10-31 09:01:22,2022-10-31 10:00:56,324,PLINE300,N/a,HRP340_2,stiersk,36003/36503
2022-11-14 10:09:41,2022-11-14 11:52:08,325,PLINE300,4169840,HRP340_2,nolmans,32299/00978
2022-11-03 08:45:49,2022-11-03 09:34:17,326,PLINE300,N/a,NOVA200_2,walika29,39320/36502
2022-11-02 09:36:10,2022-11-02 10:42:50,327,PLINE300,N/a,NOVA200_2,redants,98300/01618
2022-11-15 10:11:24,2022-11-15 10:37:57,328,PLINE300,N/a,NOVA200_2,maes72,98300/14175
2022-11-16 08:16:02,2022-11-16 11:07:20,329,PLINE300,N/a,NOVA200_2,cochet,32299/00013
2022-10-31 14:37:10,2022-10-31 15:22:04,330,PLINE300,4166827,NOVA200_2,tsvetani,38199/01838
2022-10-31 17:01:02,2022-10-31 18:30:28,331,PLINE300,4167344,NOVA200_2,rengo74,32499/01906
2022-11-16 18:18:16,2022-11-16 19:28:17,332,PLINE300,4171308,NOVA200_2,pahlav81,97406/01185
2022-11-17 12:24:31,2022-11-17 12:32:41,333,PLINE300,4171896,NOVA200_2,aarts61,97406/01185
2022-11-17 12:57:20,2022-11-17 14:04:36,334,PLINE300,4171896,NOVA200_2,aarts61,97406/01185
2022-11-17 14:11:09,2022-11-17 14:58:07,335,PLINE300,4171490,NOVA200_2,vais,38199/01838
2022-11-09 11:43:49,2022-11-09 12:21:56,336,PLINE300,4166458,NOVA200_2,vais,97401/01743
2022-11-09 14:13:22,2022-11-09 16:06:01,337,PLINE300,4169521,NOVA200_2,cochet,32299/00013
2022-11-10 15:11:38,2022-11-10 17:16:02,338,PLINE300,4169920,NOVA200_2,willegem,97401/01743
2022-11-14 07:16:08,2022-11-14 09:12:55,339,PLINE300,4170514,NOVA200_2,cochet,32299/00013
2022-11-14 09:32:13,2022-11-14 11:22:49,340,PLINE300,4170097,NOVA200_2,leruth67,44999/01882
2022-11-15 13:02:48,2022-11-15 14:18:35,341,PLINE300,4170808,NOVA200_2,willegem,97401/01743
2022-11-03 13:15:37,2022-11-03 14:00:31,342,PLINE300,4166298,NOVA200_2,lux,98500/01852
2022-11-07 09:54:31,2022-11-07 10:23:00,343,PLINE300,4168514,NOVA200_2,rupp93,97406/01934
2022-11-07 10:35:55,2022-11-07 12:14:06,344,PLINE300,4168765,NOVA200_2,tsvetani,38199/01838
2022-11-07 14:18:43,2022-11-07 15:10:02,345,PLINE300,4168896,NOVA200_2,vais,97700/01345
2022-11-09 06:33:00,2022-11-09 09:25:03,346,PLINE300,4169250,NOVA200_2,maes72,98300/14175
2022-11-09 09:47:12,2022-11-09 11:22:53,347,PLINE300,4169313,NOVA200_2,willegem,97401/01743
2022-10-31 10:35:48,2022-10-31 12:36:54,348,PLINE300,4165702,TXRF300,dara85,31499/00379
2022-11-04 07:10:13,2022-11-04 11:03:35,349,PLINE300,4167272,TXRF300,dara85,31499/00379
2022-11-07 07:12:38,2022-11-07 10:16:25,350,PLINE300,4168213,TXRF300,dara85,31499/00379
2022-11-14 14:47:50,2022-11-14 17:24:29,351,PLINE300,4169249,TXRF300,dara85,31499/00379
2022-11-04 11:32:55,2022-11-04 13:53:49,352,PLINE300,4167658,HITACHI5000,sun57,30990/32063
2022-11-10 06:59:22,2022-11-10 09:06:31,353,PLINE300,4169853,HITACHI5000,baudem,31199/01920
2022-11-15 07:03:26,2022-11-15 09:48:32,354,PLINE300,4170832,HITACHI5000,baudem,31199/01920
2022-11-16 10:01:04,2022-11-16 11:04:16,355,PLINE300,4170574,HITACHI5000,roy82,38199/01905
2022-11-15 09:11:51,2022-11-15 10:26:26,356,PLINE300,4170529,SP3,janard53,00999/00505
2022-11-03 14:18:13,2022-11-03 14:33:39,357,PLINE300,4167702,JVX7300M,pena,98600/01847
2022-11-07 14:11:45,2022-11-07 15:11:40,358,PLINE300,4168245,JVX7300M,pena,98600/01847
2022-11-09 10:27:34,2022-11-09 10:47:14,359,PLINE300,4169306,JVX7300M,tielens,36003/01225
2022-11-15 14:03:50,2022-11-15 14:37:21,360,PLINE300,4170174,JVX7300M,tielens,30990/01658
2022-11-16 11:00:24,2022-11-16 12:23:02,361,PLINE300,4170304,JVX7300M,muehle10,30990/01658
2022-11-16 13:27:05,2022-11-16 14:51:05,362,PLINE300,4171152,JVX7300M,pena,98600/01847
2022-11-09 19:23:38,2022-11-09 20:00:20,363,PLINE300,4169958,EDR7100,janard53,00999/00505
2022-11-02 12:06:36,2022-11-02 13:07:26,364,PLINE300,4167428,H5000_2,lecocq91,31199/30079
2022-11-09 11:52:16,2022-11-09 13:02:10,365,PLINE300,4168709,H5000_2,cloost23,31199/30079
2022-11-10 11:58:56,2022-11-10 12:53:19,366,PLINE300,4168710,H5000_2,cloost23,31199/30079
2022-11-16 11:56:12,2022-11-16 13:48:31,367,PLINE300,4170667,H5000_2,cloost23,31199/30079
2022-10-31 09:21:18,2022-10-31 13:35:15,368,PLINE300,4167147,TECNAIF30,koylan92,42199/00160
2022-11-10 09:47:24,2022-11-10 14:03:18,369,PLINE300,4169645,TECNAIF30,koylan92,42199/00160
2022-11-07 09:01:55,2022-11-07 09:58:25,370,PLINE300,4168280,MH300,talmel16,31499/00432
2022-10-31 09:38:21,2022-10-31 11:18:46,371,PLINE200,N/a,SAM_AW300,chen70,32299/02107
2022-11-07 15:30:35,2022-11-07 16:44:11,372,PLINE200,4168810,SAM_AW300,chen70,38199/01132
2022-11-10 12:04:47,2022-11-10 13:15:00,373,PLINE200,4170098,SAM_AW300,chen70,38199/01132
2022-11-17 12:19:32,2022-11-17 14:50:07,374,PLINE300,4171342,SP5,marian80,30990/32063
2022-10-31 09:31:45,2022-10-31 09:56:38,375,PLINE300,4167098,SP5,arnou66,30990/32063
2022-11-10 15:04:15,2022-11-10 15:28:25,376,PLINE300,4170070,SP5,arnou66,30990/32063
2022-11-10 15:29:46,2022-11-10 16:05:47,377,PLINE300,4169530,SP5,kenis,32005/01711
2022-11-15 15:02:12,2022-11-15 15:58:22,378,PLINE300,4170904,SP5,jehoul60,98601/01062
2022-11-09 15:06:20,2022-11-09 15:10:02,379,PLINE300,N/a,SP5,sebai,32399/30027
2022-10-31 06:52:55,2022-10-31 09:50:58,380,PLINE300,N/a,HELIOS1200_2,gade18,39320/36502
2022-10-31 11:05:34,2022-10-31 13:02:38,381,PLINE300,N/a,HELIOS1200_2,seidelf,39320/36502
2022-11-02 02:54:57,2022-11-02 05:34:32,382,PLINE300,N/a,HELIOS1200_2,vrebos45,39320/36502
2022-11-02 06:22:13,2022-11-02 06:47:00,383,PLINE300,N/a,HELIOS1200_2,sainch77,39320/36502
2022-11-02 06:48:28,2022-11-02 09:41:07,384,PLINE300,N/a,HELIOS1200_2,gade18,39320/36502
2022-11-03 06:21:53,2022-11-03 09:46:56,385,PLINE300,N/a,HELIOS1200_2,sainch77,39320/36502
2022-11-17 11:40:40,2022-11-17 13:10:50,386,PLINE300,N/a,HELIOS1200_2,verhoevj,36003/36503
2022-11-17 22:19:11,2022-11-18 01:15:23,387,PLINE300,N/a,HELIOS1200_2,nelisl,42199/00160
2022-10-31 20:45:14,2022-10-31 21:34:16,388,PLINE300,N/a,HELIOS1200_2,verhoevj,36003/36503
2022-11-03 03:17:58,2022-11-03 06:01:17,389,PLINE300,N/a,HELIOS1200_2,konecn85,38199/01792
2022-11-05 03:00:01,2022-11-05 05:50:14,390,PLINE300,N/a,HELIOS1200_2,konecn85,38199/02252
2022-11-14 22:27:11,2022-11-15 01:28:35,391,PLINE300,N/a,HELIOS1200_2,nelisl,42199/00160
2022-11-15 09:49:38,2022-11-15 13:20:37,392,PLINE300,N/a,HELIOS1200_2,verhoevj,36003/36503
2022-11-15 22:11:23,2022-11-16 00:49:10,393,PLINE300,N/a,HELIOS1200_2,nelisl,42199/00160
2022-11-16 06:22:56,2022-11-16 09:42:23,394,PLINE300,N/a,HELIOS1200_2,rutkow29,39320/36502
2022-11-16 10:43:52,2022-11-16 13:58:03,395,PLINE300,N/a,HELIOS1200_2,zeleni15,39320/36502
2022-11-17 07:21:42,2022-11-17 10:01:04,396,PLINE300,N/a,HELIOS1200_2,pavlov38,39320/36502
2022-11-17 10:14:11,2022-11-17 11:27:18,397,PLINE300,N/a,HELIOS1200_2,zeleni15,39320/36502
2022-11-17 14:23:22,2022-11-17 17:05:29,398,PLINE300,N/a,HELIOS1200_2,lookma25,39320/36502
2022-11-10 19:14:18,2022-11-10 22:16:37,399,PLINE300,N/a,HELIOS1200_2,rutkow29,39320/36502
2022-11-10 23:07:20,2022-11-11 05:43:31,400,PLINE300,N/a,HELIOS1200_2,subedi56,39320/36502
2022-11-14 06:27:54,2022-11-14 10:08:44,401,PLINE300,N/a,HELIOS1200_2,rutkow29,39320/36502
2022-11-14 18:48:26,2022-11-14 21:38:53,402,PLINE300,N/a,HELIOS1200_2,gade18,39320/36502
2022-11-15 02:01:27,2022-11-15 05:53:39,403,PLINE300,N/a,HELIOS1200_2,dutrow20,39320/36502
2022-11-15 06:20:11,2022-11-15 09:41:07,404,PLINE300,N/a,HELIOS1200_2,rutkow29,39320/36502
2022-11-03 10:34:05,2022-11-03 12:42:12,405,PLINE300,N/a,HELIOS1200_2,gade18,39320/36502
2022-11-03 14:14:06,2022-11-03 14:55:32,406,PLINE300,N/a,HELIOS1200_2,sterke41,39320/36502
2022-11-04 08:35:51,2022-11-04 10:29:40,407,PLINE300,N/a,HELIOS1200_2,sainch77,39320/36502
2022-11-04 10:34:40,2022-11-04 12:32:20,408,PLINE300,N/a,HELIOS1200_2,gade18,39320/36502
2022-11-06 01:36:30,2022-11-06 04:44:53,409,PLINE300,N/a,HELIOS1200_2,vdstaey,39320/36502
2022-11-06 20:02:34,2022-11-06 20:26:59,410,PLINE300,N/a,HELIOS1200_2,rutkow29,39320/36502
2022-11-06 10:25:20,2022-11-06 11:32:16,411,PLINE200,N/a,ENDURA1,bangel19,39422/01224
2022-11-15 07:32:37,2022-11-15 10:49:37,412,PLINE300,4170539,ENDURA,wellens,32299/01899
2022-11-17 07:47:21,2022-11-17 13:55:38,413,PLINE300,4170550,ENDURA,wellens,32299/00352
2022-11-02 11:08:03,2022-11-02 16:56:21,414,PLINE300,4167406,ANELVA,witterst,31499/01715
2022-11-17 10:38:30,2022-11-17 12:36:35,415,PLINE300,4171642,ANELVA,witterst,31499/01715
2022-11-17 17:12:21,2022-11-17 18:57:11,416,PLINE300,4171345,ENDURA_2,mandal97,31199/01765
2022-11-10 19:14:46,2022-11-10 20:51:14,417,PLINE200,4169983,GRINDER,han41,36671/01224
2022-11-07 16:46:05,2022-11-07 18:22:16,418,PLINE200,N/a,AMAT_CVD,vdveld25,39424/01224
2022-11-04 14:03:19,2022-11-04 16:18:11,419,PLINE200,4166183,ASM750,krishn87,31199/01513
2022-11-16 14:40:02,2022-11-16 15:21:46,420,PLINE200,4171151,ASM750,krishn87,31199/01513
2022-11-05 09:39:38,2022-11-05 11:59:39,421,PLINE200,4168408,DCVD_CF,vdveld25,39424/01224
2022-11-10 10:00:13,2022-11-10 11:21:00,422,PLINE200,4169985,DOM_BEOL_CU,jamieson,98300/01535
2022-11-16 07:35:03,2022-11-16 07:35:42,423,PLINE200,N/a,P7_HITEMP,leyssens,39425/01221
2022-11-07 09:30:09,2022-11-07 09:30:28,424,PLINE200,4168423,P7_HITEMP,carval53,30990/32063
2022-11-02 13:43:46,2022-11-02 15:51:03,425,PLINE200,4155813,BONDER_200,segers56,97401/14983
2022-11-03 11:13:16,2022-11-03 15:49:07,426,PLINE200,4155415,BONDER_200,wysock13,97401/00942
2022-11-07 15:24:48,2022-11-07 17:20:08,427,PLINE200,4167372,BONDER_200,wysock13,97401/00942
2022-11-15 11:53:25,2022-11-15 16:42:00,428,PLINE200,4170743,BONDER_200,arnett70,44999/01882
2022-11-17 12:12:24,2022-11-17 16:03:47,429,PLINE200,4170175,BONDER_200,wysock13,97401/00942
2022-11-13 17:12:46,2022-11-14 14:18:23,430,PLINE300,N/a,POLYGON_2,sinha70,31499/00379
2022-11-04 10:04:05,2022-11-04 15:54:43,431,PLINE300,4168172,CENTURA_IIIV,mauric47,39421/01221
2022-11-08 11:49:18,2022-11-08 16:30:37,432,PLINE300,4168915,A412_3,rastog28,30990/32063
2022-11-02 15:38:56,2022-11-02 15:58:08,433,PLINE300,4167267,LAM_E5,monter30,32299/00588
2022-11-04 15:03:53,2022-11-04 15:21:00,434,PLINE300,4168201,LAM_E5,ledain47,98601/01062
2022-11-16 09:23:34,2022-11-16 09:39:04,435,PLINE300,4171317,LAM_E5,raymae79,98601/01062
2022-11-16 13:26:21,2022-11-16 13:57:58,436,PLINE300,4171329,LAM_E5,vallat65,31199/01889
2022-10-31 09:19:20,2022-10-31 12:26:51,437,PLINE200,4167061,CIPT,perezl56,31499/01838
2022-11-04 09:43:27,2022-11-04 12:19:48,438,PLINE200,4168067,CIPT,perezl56,31499/01838
2022-11-16 11:14:49,2022-11-16 12:30:14,439,PLINE200,4171441,CIPT,raymaek,31399/00039
2022-11-16 17:51:42,2022-11-16 20:03:47,440,PLINE200,4171611,CIPT,perezl56,31499/01838
2022-11-10 10:20:14,2022-11-10 14:42:56,441,PLINE200,N/a,EDGE_TRIM,hiro13,32099/01084
2022-11-16 10:59:22,2022-11-16 10:59:37,442,PLINE200,4171185,SPTS_OMEGA,vespen36,36004/01224
2022-11-16 15:31:38,2022-11-16 16:50:02,443,PLINE200,4171312,SPTS_OMEGA,jamieson,98850/02081
2022-11-08 08:13:30,2022-11-08 13:52:21,444,PLINE200,N/a,TEMP_BONDER,ghosh40,98500/01852
2022-11-02 10:04:22,2022-11-02 10:37:43,445,PLINE200,4167474,TEMP_BONDER,ghosh40,98500/01852
2022-11-04 09:10:45,2022-11-04 13:54:11,446,PLINE200,4167955,TEMP_BONDER,guerrera,32299/00716
2022-11-07 12:49:54,2022-11-07 17:06:00,447,PLINE200,4168310,TEMP_BONDER,ghosh40,98500/01852
2022-11-07 20:48:52,2022-11-07 21:12:20,448,PLINE200,4168630,TEMP_BONDER,han41,36671/01224
2022-11-08 14:23:54,2022-11-08 16:24:22,449,PLINE200,4169106,TEMP_BONDER,patil20,36671/01221
2022-11-10 15:13:02,2022-11-10 16:21:15,450,PLINE200,4169110,TEMP_BONDER,jedidi64,36671/01221
2022-11-14 09:21:10,2022-11-14 15:15:26,451,PLINE200,4170226,TEMP_BONDER,jedidi64,31012/01084
2022-11-15 10:18:26,2022-11-15 13:15:59,452,PLINE200,4170460,TEMP_BONDER,han41,36671/01224
2022-11-16 14:50:58,2022-11-16 15:28:00,453,PLINE200,4170747,TEMP_BONDER,jedidi64,36671/01224
2022-11-09 11:02:42,2022-11-09 11:58:34,454,PLINE300,N/a,TEL_TACTRAS2,puliya38,37093/02178
2022-10-31 09:53:30,2022-10-31 10:54:21,455,PLINE300,4167171,TEL_TACTRAS2,puliya38,37093/02175
2022-11-03 16:09:43,2022-11-03 16:38:21,456,PLINE300,4167772,TEL_TACTRAS2,renaud15,31299/01861
2022-11-07 16:51:23,2022-11-07 19:10:30,457,PLINE300,4168556,TEL_TACTRAS2,feurpr61,31199/02273
2022-11-08 10:13:27,2022-11-08 10:52:34,458,PLINE300,4168849,TEL_TACTRAS2,vallat65,98601/31507
2022-11-08 11:17:51,2022-11-08 12:20:04,459,PLINE300,4169066,TEL_TACTRAS2,puliya38,37093/02178
2022-11-09 14:50:22,2022-11-09 16:12:15,460,PLINE300,4169431,TEL_TACTRAS2,vallat65,98601/31507
2022-11-10 11:19:16,2022-11-10 12:02:48,461,PLINE300,4169356,TEL_TACTRAS2,mandal97,31199/01765
2022-11-17 13:21:33,2022-11-17 15:29:52,462,PLINE300,4171307,TEL_TACTRAS2,mandal97,31199/01765
2022-10-31 10:47:41,2022-10-31 12:24:51,463,PLINE300,4167173,EXTREME_1,gomezg80,39424/01224
2022-11-16 14:22:48,2022-11-16 16:24:00,464,PLINE300,4171202,XP8,kimura50,39423/01225
2022-11-17 09:42:50,2022-11-17 09:55:36,465,PLINE300,4171706,LAM_E5_2,puliya38,38199/37862
2022-11-15 06:22:41,2022-11-15 09:51:36,466,PLINE300,4170556,EBEAM300,sterckxg,31199/31811
2022-11-16 06:13:15,2022-11-16 10:43:24,467,PLINE300,4171124,EBEAM300,sterckxg,31199/31811
2022-11-17 07:24:40,2022-11-17 09:27:46,468,PLINE300,4171723,EBEAM300,sterckxg,31199/31811
2022-11-14 14:13:23,2022-11-14 20:45:59,469,PLINE300,N/a,XP4_2,roekens,30990/32063
2022-11-02 11:51:23,2022-11-02 16:17:33,470,PLINE300,4166322,XP4_2,rastog28,30990/32063
2022-11-09 09:33:02,2022-11-09 23:58:52,471,PLINE300,4169104,XP4_2,liang13,30990/32063
2022-11-10 10:16:45,2022-11-10 11:59:48,472,PLINE300,4169255,XP4_2,popovici,38199/00561
2022-11-07 09:57:08,2022-11-07 10:43:39,473,PLINE300,4168289,TEL_TACTRAS3,vallat65,98601/31507
2022-11-15 14:15:13,2022-11-15 15:56:19,474,PLINE300,4170976,TEL_TACTRAS3,paolil45,31199/01988
2022-11-16 13:58:26,2022-11-16 14:25:42,475,PLINE300,4171145,TEL_TACTRAS3,vallat65,31199/01889
2022-11-17 09:01:17,2022-11-17 18:17:22,476,PLINE300,4169274,INTREPID_2,maroza68,30990/01658
2022-10-31 15:46:12,2022-10-31 16:18:48,477,PLINE300,4167042,LAM_E6,jehoul60,31199/01918
2022-11-02 09:03:40,2022-11-02 09:41:02,478,PLINE300,4167074,LAM_E6,arvind29,31199/02272
2022-11-02 11:56:45,2022-11-02 12:41:05,479,PLINE300,4167613,LAM_E6,dcosters,38199/01907
2022-11-02 14:26:32,2022-11-02 15:02:39,480,PLINE300,4167545,LAM_E6,debruy71,38199/37862
2022-11-02 17:08:36,2022-11-02 17:33:28,481,PLINE300,4167625,LAM_E6,choudh58,98850/02081
2022-11-03 16:51:18,2022-11-03 16:51:30,482,PLINE300,4167873,LAM_E6,choudh58,98850/02081
2022-11-16 10:02:21,2022-11-16 11:36:10,483,PLINE300,4171216,LAM_E6,jamieson,37092/02170
2022-11-16 11:45:39,2022-11-16 12:17:35,484,PLINE300,4171102,LAM_E6,puliya38,38199/02252
2022-11-17 09:05:50,2022-11-17 11:19:11,485,PLINE300,4171057,LAM_E6,locoroto,98850/02081
2022-11-03 16:51:35,2022-11-03 18:07:28,486,PLINE300,4167875,LAM_E6,choudh58,98850/02081
2022-11-04 11:36:21,2022-11-04 13:15:32,487,PLINE300,4168199,LAM_E6,marneffe,31199/01956
2022-11-08 16:03:17,2022-11-08 17:11:00,488,PLINE300,4169039,LAM_E6,choudh58,98850/02081
2022-11-14 09:26:55,2022-11-14 13:11:11,489,PLINE300,4170051,LAM_E6,arvind29,31199/02272
2022-11-15 14:29:37,2022-11-15 15:24:43,490,PLINE300,4170625,LAM_E6,kadir70,37013/01883
2022-11-15 16:00:50,2022-11-15 18:13:24,491,PLINE300,4170873,LAM_E6,choudh58,98850/02081
2022-11-01 10:06:07,2022-11-01 16:40:32,492,PLINE300,4167252,TEL_LEAGA,muraki29,32005/01675
2022-11-02 09:26:22,2022-11-02 10:39:37,493,PLINE300,4167257,TEL_LEAGA,muraki29,32005/01675
2022-11-08 10:39:46,2022-11-08 14:32:54,494,PLINE300,4169135,TEL_LEAGA,puttar77,32005/01675
2022-11-08 09:07:05,2022-11-08 13:16:06,495,PLINE300,N/a,SC2000,canga29,31199/01391
2022-11-03 09:00:48,2022-11-03 09:57:25,496,PLINE200,4155818,LASERDEBOND,segers56,97401/14983
2022-11-04 10:03:02,2022-11-04 11:11:20,497,PLINE200,4167938,LASERDEBOND,ghosh40,98500/01852
2022-11-15 09:32:00,2022-11-15 14:22:00,498,PLINE200,4170505,LASERDEBOND,jslabbe,32099/30197
2022-11-03 10:34:23,2022-11-03 11:16:59,499,PLINE300,4167572,LAM_E6_2,ghorba81,31299/02062
2022-11-07 11:29:57,2022-11-07 12:06:25,500,PLINE300,4168527,LAM_E6_2,chan63,32399/32869
2022-11-05 08:42:23,2022-11-05 11:39:56,501,PLINE300,4168624,ALTUS,gomezg80,39424/01224
2022-11-15 15:10:15,2022-11-15 18:13:12,502,PLINE300,4170590,F_REX300X_2,nomura57,31399/01183
2022-11-17 12:05:03,2022-11-17 15:16:38,503,PLINE300,4171387,F_REX300X_2,sugawa19,31399/01183
2022-10-31 09:36:10,2022-10-31 12:24:49,504,PLINE300,4166638,DVPRIME_1,dith82,36026/01967
2022-10-31 13:38:42,2022-10-31 15:54:39,505,PLINE300,4166787,DVPRIME_1,lai86,37092/02174
2022-11-07 14:06:56,2022-11-07 16:00:17,506,PLINE300,4168770,DVPRIME_1,dith82,36026/01967
2022-11-08 12:42:52,2022-11-08 15:50:32,507,PLINE300,4168776,DVPRIME_1,dith82,98600/31827
2022-11-09 08:56:02,2022-11-09 11:58:37,508,PLINE300,4169373,DVPRIME_1,lai86,37092/02174
2022-11-09 12:49:13,2022-11-09 15:50:31,509,PLINE300,4168781,DVPRIME_1,dith82,98600/31827
2022-11-10 09:41:20,2022-11-10 11:51:37,510,PLINE300,4169932,DVPRIME_1,dith82,36026/01967
2022-11-10 12:42:19,2022-11-10 14:46:25,511,PLINE300,4168787,DVPRIME_1,dith82,36026/01967
2022-11-15 13:00:45,2022-11-15 16:35:00,512,PLINE300,4170824,DVPRIME_1,lai86,32005/02270
2022-11-17 13:58:48,2022-11-17 15:38:50,513,PLINE300,4171587,DVPRIME_1,lai86,32299/00588
