DATE_TIME_STAMP_Begin,DATE_TIME_STAMP_End,EVENT_ROW_ID_Begin,EVENT_ROW_ID_End,FO_ROW_ID,ResTk,USER_ID_Begin,USER_ID_End,WBS
2022-10-31 05:56:57,2022-10-31 06:36:48,945381254,945383644,4926,4154857,redants,redants,37004/37141
2022-10-31 06:42:14,2022-10-31 07:36:27,945384576,945393839,261,4167087,redants,redants,00999/00505
2022-10-31 06:52:55,2022-10-31 09:50:58,945386073,945425888,20568,N/a,gade18,gade18,39320/36502
2022-10-31 09:31:45,2022-10-31 09:56:38,945408212,945427560,20556,4167098,arnou66,arnou66,30990/32063
2022-10-31 09:01:22,2022-10-31 10:00:56,945401946,945428374,2020,N/a,stiersk,stiersk,36003/36503
2022-10-31 09:53:30,2022-10-31 10:54:21,945426785,945440265,9666,4167171,puliya38,puliya38,37093/02175
2022-10-31 09:38:21,2022-10-31 11:18:46,945417921,945444796,13589,N/a,chen70,chen70,32299/02107
2022-10-31 08:18:38,2022-10-31 11:52:05,945397664,945450094,24044,4167046,goovae19,goovae19,98600/31827
2022-10-31 10:38:30,2022-10-31 12:12:57,945437543,945453475,4424,N/a,hiro13,visker16,31012/01506
2022-10-31 12:20:49,2022-10-31 12:21:18,945455294,945455384,429,4166980,hsingy35,hsingy35,30990/32063
2022-10-31 08:01:13,2022-10-31 12:24:06,945395703,945455760,10907,N/a,demoniei,iraci88,37092/02172
2022-10-31 09:36:10,2022-10-31 12:24:49,945415730,945455830,24493,4166638,dith82,dith82,36026/01967
2022-10-31 10:47:41,2022-10-31 12:24:51,945439177,945455845,10466,4167173,gomezg80,gomezg80,39424/01224
2022-10-31 09:19:20,2022-10-31 12:26:51,945405339,945456239,8288,4167061,perezl56,perezl56,31499/01838
2022-10-31 10:55:16,2022-10-31 12:34:15,945440465,945458000,20579,N/a,billin72,billin72,39320/36502
2022-10-31 10:35:48,2022-10-31 12:36:54,945437082,945458364,4806,4165702,dara85,dara85,31499/00379
2022-10-31 11:05:34,2022-10-31 13:02:38,945442617,945462650,20568,N/a,seidelf,seidelf,39320/36502
2022-10-31 07:29:58,2022-10-31 13:18:31,945392366,945466077,20795,4166905,das10,verbee16,31199/00651
2022-10-31 10:07:37,2022-10-31 13:32:34,945429725,945470227,8487,4166726,tielens,pena,36003/36504
2022-10-31 09:21:18,2022-10-31 13:35:15,945405725,945470722,10447,4167147,koylan92,koylan92,42199/00160
2022-10-31 11:25:08,2022-10-31 13:44:15,945445887,945473217,5443,N/a,billin72,billin72,39320/36502
2022-10-31 13:48:01,2022-10-31 14:54:03,945473810,945488988,10087,4167191,stiersk,stiersk,36003/36503
2022-10-31 14:37:10,2022-10-31 15:22:04,945482521,945498532,4673,4166827,tsvetani,tsvetani,38199/01838
2022-10-31 10:45:32,2022-10-31 15:47:51,945438884,945503978,14921,N/a,gade18,martin29,39320/36502
2022-10-31 13:38:42,2022-10-31 15:54:39,945472012,945504721,24493,4166787,lai86,lai86,37092/02174
2022-10-31 11:10:37,2022-10-31 16:08:51,945443751,945508087,20573,4167066,paolil45,kim69,31199/01988
2022-10-31 15:46:12,2022-10-31 16:18:48,945503814,945511109,19200,4167042,jehoul60,jehoul60,31199/01918
2022-10-31 09:36:24,2022-10-31 16:38:17,945415765,945513969,10448,4156158,richardo,richardo,42199/00160
2022-10-31 09:08:56,2022-10-31 16:53:54,945404017,945516482,16067,4166352,soulie26,soulie26,43900/02205
2022-10-31 14:58:17,2022-10-31 16:59:03,945491549,945518075,20579,N/a,billin72,billin72,39320/36502
2022-10-31 15:48:39,2022-10-31 17:29:57,945504171,945523522,14921,N/a,martin29,martin29,42199/00160
2022-10-31 14:07:55,2022-10-31 17:37:43,945476602,945524883,10907,4167152,peeter11,peeter11,37092/02172
2022-10-31 16:48:50,2022-10-31 18:03:02,945515575,945540611,13809,4166691,wouter12,wouter12,31199/30079
2022-10-31 16:49:10,2022-10-31 18:03:14,945515607,945540626,13810,4166692,wouter12,wouter12,31199/30079
2022-10-31 09:20:52,2022-10-31 18:07:22,945405623,945544061,2172,4166939,kim19,kim19,32005/01299
2022-10-31 17:01:02,2022-10-31 18:30:28,945518387,945555770,4673,4167344,rengo74,rengo74,32499/01906
2022-10-31 17:56:16,2022-10-31 20:43:26,945537992,945603408,4926,N/a,verhoevj,verhoevj,36003/36503
2022-10-31 14:46:01,2022-10-31 21:12:28,945484649,945606235,3854,4167296,vdalon75,1f8psvc,98601/32063
2022-10-31 20:45:14,2022-10-31 21:34:16,945603589,945610091,20568,N/a,verhoevj,verhoevj,36003/36503
2022-10-31 18:35:30,2022-10-31 21:36:00,945559646,945610330,20579,N/a,peeter11,peeter11,36003/36502
2022-10-31 15:10:16,2022-10-31 21:36:37,945495085,945610708,12107,4167312,vbelle62,vbelle62,36003/01224
2022-10-31 17:07:02,2022-10-31 22:00:28,945519580,945612722,20795,4166925,naqvi66,hofman72,31199/01988
2022-10-31 22:03:55,2022-11-01 01:23:11,945613052,945633798,20579,N/a,vrebos45,vrebos45,39320/36502
2022-10-31 18:06:47,2022-11-01 01:44:39,945543001,945637486,10907,N/a,pavlov38,derudd92,39320/36502
2022-11-01 03:11:38,2022-11-01 05:53:06,945648443,945660211,20579,N/a,derudd92,derudd92,39320/36502
2022-11-01 02:32:06,2022-11-01 05:54:08,945644257,945660249,10907,N/a,vrebos45,vrebos45,39320/36502
2022-10-31 16:09:07,2022-11-01 11:01:20,945509063,945662963,20573,4167066,kim69,naqvi66,31199/01988
2022-11-01 10:14:39,2022-11-01 12:01:50,945662497,945664322,13809,4155633,le27,le27,31199/30079
2022-11-01 10:06:07,2022-11-01 16:40:32,945662482,945666719,20891,4167252,muraki29,muraki29,32005/01675
2022-11-01 21:58:19,2022-11-02 01:40:04,945690609,945719429,10907,N/a,derudd92,derudd92,39320/36502
2022-11-02 00:38:14,2022-11-02 01:41:57,945717492,945719468,20579,N/a,vrebos45,vrebos45,39320/36502
2022-10-31 09:50:18,2022-11-02 04:07:21,945425807,945737719,14466,4167065,paolil45,braile95,31199/01988
2022-11-02 02:54:57,2022-11-02 05:34:32,945729140,945747782,20568,N/a,vrebos45,vrebos45,39320/36502
2022-11-02 03:18:34,2022-11-02 05:57:10,945731473,945749121,20579,N/a,derudd92,derudd92,39320/36502
2022-11-02 06:22:13,2022-11-02 06:47:00,945750196,945752996,20568,N/a,sainch77,sainch77,39320/36502
2022-11-01 11:01:25,2022-11-02 06:49:11,945662964,945753405,20573,4166885,naqvi66,willem81,31199/02273
2022-10-31 13:05:41,2022-11-02 06:49:23,945464306,945753438,13055,4167062,debruy71,willem81,98601/01062
2022-11-02 06:47:20,2022-11-02 09:18:16,945753156,945775583,10907,N/a,sainch77,sainch77,39320/36502
2022-11-02 09:03:40,2022-11-02 09:41:02,945773882,945779754,19200,4167074,arvind29,arvind29,31199/02272
2022-11-02 06:48:28,2022-11-02 09:41:07,945753261,945779781,20568,N/a,gade18,gade18,39320/36502
2022-11-02 07:58:10,2022-11-02 09:54:57,945764919,945784495,13809,4155594,lecocq91,lecocq91,31199/30079
2022-11-02 07:58:06,2022-11-02 09:55:06,945764907,945784529,13810,4155595,lecocq91,lecocq91,31199/30079
2022-11-02 09:22:56,2022-11-02 10:05:58,945776118,945787311,10907,4167497,dangol,dangol,38199/00881
2022-11-02 10:04:22,2022-11-02 10:37:43,945787163,945798310,9290,4167474,ghosh40,ghosh40,98500/01852
2022-11-02 09:26:22,2022-11-02 10:39:37,945776814,945798814,20891,4167257,muraki29,muraki29,32005/01675
2022-11-02 09:36:10,2022-11-02 10:42:50,945779014,945799700,4673,N/a,redants,redants,98300/01618
2022-11-02 10:04:04,2022-11-02 10:55:45,945787115,945802617,429,4167356,hsingy35,hsingy35,30990/32063
2022-10-31 07:30:14,2022-11-02 11:06:05,945392401,945804257,20749,4166906,das10,1f8psvc,31199/00651
2022-11-02 08:57:31,2022-11-02 11:19:59,945773528,945808411,20573,4167469,goovae19,goovae19,31199/01918
2022-11-02 08:20:29,2022-11-02 11:20:27,945767121,945808552,24044,N/a,goovae19,goovae19,31199/01918
2022-10-31 15:47:10,2022-11-02 11:51:19,945503900,945825411,13686,4167298,liang13,rastog28,30990/32063
2022-11-02 11:56:45,2022-11-02 12:41:05,945828924,945839903,19200,4167613,dcosters,dcosters,38199/01907
2022-11-02 10:11:16,2022-11-02 12:54:15,945789111,945843014,4926,4155482,beirnaer,beirnaer,32299/00013
2022-11-02 11:50:23,2022-11-02 12:55:00,945825188,945843088,10996,4167471,rastog28,demesm55,30990/32063
2022-11-02 12:06:36,2022-11-02 13:07:26,945832133,945845782,10206,4167428,lecocq91,lecocq91,31199/30079
2022-11-02 12:09:19,2022-11-02 13:08:50,945832506,945846176,429,4166993,hsingy35,hsingy35,30990/32063
2022-11-02 11:45:18,2022-11-02 13:09:17,945822702,945846246,5443,N/a,dusar,dusar,98300/01969
2022-11-02 09:30:02,2022-11-02 13:21:04,945777558,945848557,16067,4166506,soulie26,soulie26,32005/01697
2022-11-02 10:49:34,2022-11-02 14:02:08,945800931,945857525,14921,N/a,gade18,gade18,39320/36502
2022-11-02 09:30:13,2022-11-02 14:03:06,945777585,945857736,13186,4167398,vdweeg61,vdweeg61,38199/01284
2022-11-02 10:15:11,2022-11-02 14:07:11,945791188,945858765,10907,N/a,michal78,michal78,39320/36502
2022-11-02 09:43:34,2022-11-02 14:15:01,945780544,945860564,3854,4167493,vdalon75,jehoul85,98601/32063
2022-11-02 11:08:33,2022-11-02 14:39:57,945805083,945868091,20579,N/a,sainch77,billin72,39320/36502
2022-11-02 14:26:32,2022-11-02 15:02:39,945862979,945875577,19200,4167545,debruy71,debruy71,38199/37862
2022-11-02 13:43:46,2022-11-02 15:51:03,945853442,945889250,4419,4155813,segers56,segers56,97401/14983
2022-11-02 15:38:56,2022-11-02 15:58:08,945886153,945891409,7694,4167267,monter30,monter30,32299/00588
2022-11-02 11:51:23,2022-11-02 16:17:33,945825436,945896908,13686,4166322,rastog28,rastog28,30990/32063
2022-11-02 14:24:35,2022-11-02 16:37:12,945862370,945900169,4926,4155972,dusar,dusar,98300/01618
2022-11-02 15:18:25,2022-11-02 16:52:41,945880974,945901949,16067,4167125,agiann70,agiann70,31299/01284
2022-11-02 11:08:03,2022-11-02 16:56:21,945804879,945902558,704,4167406,witterst,witterst,31499/01715
2022-11-02 14:08:02,2022-11-02 17:12:41,945859113,945908108,10907,N/a,pavlov38,pavlov38,39320/36502
2022-11-02 17:08:36,2022-11-02 17:33:28,945907108,945912529,19200,4167625,choudh58,choudh58,98850/02081
2022-11-02 14:46:03,2022-11-02 17:36:08,945870612,945912845,10996,4166760,drent34,drent34,31199/31811
2022-11-02 14:27:16,2022-11-02 18:19:46,945863062,945936225,14921,N/a,martin29,martin29,42199/00160
2022-11-02 18:13:30,2022-11-02 19:27:03,945934496,945950156,8133,4167011,furuka28,furuka28,31199/01514
2022-11-02 18:15:51,2022-11-02 19:38:17,945935118,945951152,20795,4166283,kato15,kato15,31199/30117
2022-11-02 17:27:07,2022-11-02 20:10:20,945911311,945957961,4926,N/a,verhoevj,verhoevj,36003/36503
2022-11-02 20:01:13,2022-11-02 20:35:35,945956776,945960490,20795,4167527,furuka28,furuka28,31199/01514
2022-11-02 20:01:29,2022-11-02 20:43:09,945956873,945961847,20749,4167528,furuka28,furuka28,31199/01514
2022-11-02 20:10:47,2022-11-02 21:39:51,945957981,945972234,10907,N/a,verhoevj,verhoevj,36003/36503
2022-11-02 16:40:14,2022-11-02 21:50:03,945900428,945974508,10087,4167415,gompou79,gompou79,36003/36503
2022-11-02 14:42:19,2022-11-02 22:00:16,945868655,945975946,20579,N/a,peeter11,vrebos45,36003/36502
2022-11-02 13:52:20,2022-11-02 22:38:19,945855206,945981300,8487,4167322,pena,jaspers,98600/01847
2022-11-02 09:06:55,2022-11-02 23:52:17,945774114,945994284,12955,4166370,beggia74,irutha45,31199/01988
2022-11-02 22:05:55,2022-11-03 01:24:38,945976808,946002715,5443,N/a,konecn85,konecn85,98300/01535
2022-11-02 22:00:44,2022-11-03 01:42:05,945975988,946004564,20579,N/a,vrebos45,vrebos45,39320/36502
2022-11-02 22:05:19,2022-11-03 01:42:51,945976737,946004642,10907,N/a,derudd92,derudd92,39320/36502
2022-11-03 00:22:25,2022-11-03 02:02:21,945997577,946006935,13809,4167498,hofman72,vleerb85,31199/30079
2022-11-02 19:18:07,2022-11-03 03:40:42,945949030,946023891,10648,4167464,kato15,irutha45,31199/30117
2022-11-03 03:19:05,2022-11-03 05:48:16,946019775,946040981,20579,N/a,derudd92,derudd92,39320/36502
2022-11-03 02:36:06,2022-11-03 05:57:09,946012982,946042353,10907,N/a,vrebos45,vrebos45,39320/36502
2022-11-03 02:26:11,2022-11-03 06:00:48,946010672,946043139,4926,N/a,konecn85,konecn85,98300/14175
2022-11-03 03:17:58,2022-11-03 06:01:17,946019466,946043275,20568,N/a,konecn85,konecn85,38199/01792
2022-11-03 06:08:43,2022-11-03 07:43:33,946044146,946057689,4926,4155973,redants,redants,43013/97275
2022-11-03 06:37:13,2022-11-03 08:20:44,946047142,946061360,5443,4167489,vdbroecn,vdbroecn,31199/31191
2022-11-03 08:45:49,2022-11-03 09:34:17,946065133,946078920,4673,N/a,walika29,walika29,39320/36502
2022-11-03 06:21:53,2022-11-03 09:46:56,946045078,946082394,20568,N/a,sainch77,sainch77,39320/36502
2022-11-03 08:04:27,2022-11-03 09:49:31,946060021,946083071,13809,4158403,maessc90,maessc90,31199/30079
2022-11-03 08:02:17,2022-11-03 09:49:54,946059832,946083281,13810,4158404,maessc90,maessc90,31199/30079
2022-11-03 07:58:15,2022-11-03 09:50:38,946059365,946083591,10907,4167008,beirnaer,beirnaer,38199/01490
2022-11-03 08:29:59,2022-11-03 09:56:17,946062177,946086229,20749,4167650,roy82,roy82,31199/00653
2022-11-03 06:46:06,2022-11-03 09:56:35,946048583,946086332,14921,N/a,gade18,gade18,39320/36502
2022-11-03 08:30:14,2022-11-03 09:56:51,946062279,946086431,20795,4167649,roy82,roy82,31199/00653
2022-11-03 09:00:48,2022-11-03 09:57:25,946066580,946086573,21486,4155818,segers56,segers56,97401/14983
2022-11-02 11:01:47,2022-11-03 10:42:34,945803752,946097653,23988,4167480,kramac15,thukka30,30990/32063
2022-11-03 10:05:16,2022-11-03 10:59:37,946087990,946101727,5635,4167533,mingar54,vanpuym,32099/01821
2022-11-03 10:34:23,2022-11-03 11:16:59,946096380,946107357,21501,4167572,ghorba81,ghorba81,31299/02062
2022-11-03 11:05:16,2022-11-03 11:17:50,946102673,946107458,16067,N/a,dekkers,1f8psvc,31499/01284
2022-11-03 11:00:04,2022-11-03 12:40:41,946101802,946135931,5463,4167760,vanpuym,vanpuym,31012/01649
2022-11-03 10:34:05,2022-11-03 12:42:12,946096347,946136346,20568,N/a,gade18,gade18,39320/36502
2022-11-03 10:43:00,2022-11-03 12:50:00,946097693,946137356,23988,4167936,thukka30,thukka30,30990/32063
2022-11-03 11:11:38,2022-11-03 13:01:42,946105217,946139070,264,N/a,gomezg80,1f8psvc,39424/01222
2022-11-03 12:23:11,2022-11-03 13:06:30,946131957,946139597,429,4167796,marian80,marian80,30990/32063
2022-11-03 11:12:45,2022-11-03 13:06:33,946105592,946139605,3884,4157493,hendri21,hendri21,97406/01185
2022-11-03 10:27:46,2022-11-03 13:33:17,946095101,946144879,24044,4167586,talmel16,talmel16,31499/01951
2022-11-03 11:20:50,2022-11-03 13:41:32,946107998,946146819,20579,N/a,sainch77,sainch77,39320/36502
2022-11-03 13:15:37,2022-11-03 14:00:31,946140836,946152910,4673,4166298,lux,lux,98500/01852
2022-11-03 09:59:25,2022-11-03 14:04:20,946086790,946153264,10907,N/a,michal78,michal78,39320/36502
2022-11-03 14:18:13,2022-11-03 14:33:39,946159843,946164387,8487,4167702,pena,pena,98600/01847
2022-11-03 13:25:28,2022-11-03 14:47:09,946143359,946169610,12955,4167629,chowri97,chowri97,31199/01988
2022-11-03 14:14:06,2022-11-03 14:55:32,946157497,946173911,20568,N/a,sterke41,sterke41,39320/36502
2022-11-03 11:13:16,2022-11-03 15:49:07,946105904,946190767,4419,4155415,wysock13,wysock13,97401/00942
2022-11-03 14:16:18,2022-11-03 16:38:15,946158497,946206565,10907,N/a,subedi56,subedi56,39320/36502
2022-11-03 16:09:43,2022-11-03 16:38:21,946199519,946206594,9666,4167772,renaud15,renaud15,31299/01861
2022-11-03 16:51:18,2022-11-03 16:51:30,946209890,946209951,19200,4167873,choudh58,choudh58,98850/02081
2022-11-03 15:15:10,2022-11-03 16:57:49,946180410,946212053,6277,4167994,homkar65,landsh18,30990/32063
2022-11-03 14:34:11,2022-11-03 17:03:37,946164540,946213365,264,N/a,gomezg80,gomezg80,39424/01222
2022-11-03 15:58:31,2022-11-03 17:04:35,946195568,946214067,13055,4167219,monter30,monter30,31299/31818
2022-11-03 15:16:34,2022-11-03 17:09:06,946180739,946214946,6653,4167853,lai86,lai86,39422/01221
2022-11-03 06:24:33,2022-11-03 17:19:47,946045404,946216677,13186,4167332,vdweeg61,pittev,31399/31519
2022-11-03 09:10:06,2022-11-03 17:39:53,946067647,946220791,2172,4167592,kim19,kim19,32005/01299
2022-11-03 17:21:06,2022-11-03 18:02:52,946216857,946239020,10907,N/a,dutrow20,dutrow20,39320/36502
2022-11-03 16:51:35,2022-11-03 18:07:28,946209972,946243484,19200,4167875,choudh58,choudh58,98850/02081
2022-11-03 14:10:31,2022-11-03 18:10:29,946157102,946245734,14921,N/a,martin29,martin29,42199/00160
2022-11-03 17:01:51,2022-11-03 21:11:46,946212984,946278863,3829,4167856,vanpuym,gooris43,98300/01158
2022-11-03 17:33:48,2022-11-03 21:31:34,946218936,946282635,4926,N/a,sterke41,sterke41,39320/36502
2022-11-03 20:32:06,2022-11-03 21:37:20,946271151,946283553,10907,N/a,dutrow20,dutrow20,39320/36502
2022-11-03 17:22:39,2022-11-03 21:39:36,946216949,946283893,12107,4167857,vbelle62,vbelle62,36003/01224
2022-11-03 20:17:05,2022-11-03 21:42:40,946268469,946284392,15148,N/a,claeseng,claeseng,31299/01861
2022-11-03 14:10:15,2022-11-03 21:43:25,946157071,946284430,20579,N/a,claeseng,subedi56,31299/02062
2022-11-03 20:00:02,2022-11-03 22:03:07,946266720,946286527,10087,4168187,gompou79,gompou79,36003/36503
2022-11-03 22:04:02,2022-11-04 01:55:55,946286650,946323863,20579,N/a,vrebos45,vrebos45,39320/36502
2022-11-03 22:15:01,2022-11-04 02:14:30,946288546,946325838,10907,N/a,derudd92,derudd92,39320/36502
2022-11-03 08:29:44,2022-11-04 02:44:43,946062134,946330412,21339,4167365,verstr99,irutha45,31199/00650
2022-11-04 05:06:32,2022-11-04 05:42:13,946344009,946351625,10907,N/a,vrebos45,vrebos45,39320/36502
2022-11-04 03:43:25,2022-11-04 05:43:06,946338100,946351792,20579,N/a,derudd92,derudd92,39320/36502
2022-11-03 11:15:39,2022-11-04 05:54:26,946106960,946353886,24652,4167532,mingar54,irutha45,32099/01821
2022-11-04 03:09:35,2022-11-04 06:31:04,946335262,946357450,5443,N/a,konecn85,sainch77,98300/00615
2022-11-04 05:57:22,2022-11-04 07:07:40,946354328,946364787,4926,4156332,redants,redants,31029/01811
2022-11-03 23:06:03,2022-11-04 07:37:51,946297566,946370330,10206,4167466,hofman72,willem81,31199/30117
2022-11-03 15:49:22,2022-11-04 08:13:51,946190786,946378386,16866,4168003,homkar65,vdveld25,30990/32063
2022-11-04 06:34:52,2022-11-04 08:16:52,946358352,946378672,20579,N/a,sainch77,sainch77,39320/36502
2022-11-04 07:54:47,2022-11-04 08:24:12,946374903,946379308,4926,4166516,beirnaer,beirnaer,32299/00013
2022-11-04 07:10:07,2022-11-04 08:54:32,946365502,946382692,14921,N/a,gade18,gade18,39320/36502
2022-11-04 08:14:12,2022-11-04 09:54:43,946378481,946395183,13810,4158402,lecocq91,lecocq91,31199/30079
2022-11-04 08:14:21,2022-11-04 09:54:52,946378498,946395221,13809,4158401,lecocq91,lecocq91,31199/30079
2022-11-04 08:09:10,2022-11-04 09:54:57,946377505,946395258,10907,4167620,vrancken,iraci88,37092/02172
2022-11-04 08:24:16,2022-11-04 10:02:24,946379310,946397992,4926,4166516,beirnaer,beirnaer,32299/00013
2022-11-04 08:35:51,2022-11-04 10:29:40,946381035,946404453,20568,N/a,sainch77,sainch77,39320/36502
2022-11-04 07:10:13,2022-11-04 11:03:35,946365546,946411186,4806,4167272,dara85,dara85,31499/00379
2022-11-04 09:28:54,2022-11-04 11:06:31,946389820,946411875,16067,4167776,soulie26,soulie26,43900/02205
2022-11-04 10:03:02,2022-11-04 11:11:20,946398145,946413552,21486,4167938,ghosh40,ghosh40,98500/01852
2022-11-04 10:33:04,2022-11-04 11:14:46,946405216,946414029,5623,N/a,redants,redants,98300/01618
2022-11-04 09:28:13,2022-11-04 11:32:42,946389752,946417947,7554,4167740,naqvi66,sun57,31199/01988
2022-11-04 08:30:38,2022-11-04 11:53:49,946380085,946422066,20579,N/a,mander15,sainch77,39320/36502
2022-11-04 11:21:04,2022-11-04 12:01:34,946415615,946423886,21486,4167370,segers56,wysock13,97401/00942
2022-11-04 09:43:27,2022-11-04 12:19:48,946393585,946431747,8288,4168067,perezl56,perezl56,31499/01838
2022-11-04 10:38:10,2022-11-04 12:29:01,946406254,946433085,10087,4168262,vdweeg61,vdweeg61,32299/00352
2022-11-04 11:02:17,2022-11-04 12:32:03,946410953,946433693,14921,N/a,casill80,gade18,39320/36502
2022-11-04 10:34:40,2022-11-04 12:32:20,946405560,946433788,20568,N/a,gade18,gade18,39320/36502
2022-11-04 10:20:24,2022-11-04 12:50:34,946401981,946440085,4926,4167305,janard53,beirnaer,00999/00505
2022-11-04 11:36:21,2022-11-04 13:15:32,946418995,946443223,19200,4168199,marneffe,marneffe,31199/01956
2022-11-04 07:10:24,2022-11-04 13:33:50,946365611,946447285,1073,4168022,vdweeg61,ceulem72,32099/01506
2022-11-04 12:50:46,2022-11-04 13:37:28,946440109,946447923,4926,4166516,beirnaer,beirnaer,32299/00013
2022-11-04 12:34:18,2022-11-04 13:37:35,946435828,946447932,3884,4166207,hendri21,hendri21,97406/01185
2022-11-04 11:54:09,2022-11-04 13:48:04,946422146,946450646,20579,N/a,sainch77,sainch77,39320/36502
2022-11-04 11:32:55,2022-11-04 13:53:49,946417982,946452741,7554,4167658,sun57,sun57,30990/32063
2022-11-04 09:10:45,2022-11-04 13:54:11,946386265,946452799,9290,4167955,guerrera,guerrera,32299/00716
2022-11-04 11:12:06,2022-11-04 13:54:39,946413594,946452919,5635,4167959,guerrera,guerrera,32299/00716
2022-11-04 10:08:39,2022-11-04 14:06:55,946399416,946460090,10907,N/a,michal78,michal78,39320/36502
2022-11-04 11:24:33,2022-11-04 14:41:36,946416260,946468946,5463,4167909,vanpuym,catrysse,31012/01649
2022-11-04 15:03:53,2022-11-04 15:21:00,946474975,946478784,7694,4168201,ledain47,ledain47,98601/01062
2022-11-04 14:08:25,2022-11-04 15:33:59,946460437,946483184,3884,4168162,villal56,villal56,41603/49500
2022-11-04 10:04:05,2022-11-04 15:54:43,946398528,946489245,7191,4168172,mauric47,mauric47,39421/01221
2022-11-04 14:03:19,2022-11-04 16:18:11,946458810,946496177,3830,4166183,krishn87,krishn87,31199/01513
2022-11-04 14:59:02,2022-11-04 16:20:58,946473533,946497430,4926,N/a,claeseng,claeseng,37093/02175
2022-11-04 08:55:55,2022-11-04 17:11:32,946382911,946510328,2172,4167594,stass,kim19,32005/01299
2022-11-04 16:31:09,2022-11-04 17:24:42,946500113,946512688,10907,N/a,claeseng,claeseng,38199/01951
2022-11-04 15:01:59,2022-11-04 18:47:30,946474577,946554949,16067,4167518,agiann70,agiann70,31299/01284
2022-10-31 11:21:40,2022-11-04 19:59:59,945445011,946564928,20374,4167081,meulem85,kiladz81,43001/43181
2022-11-04 13:38:49,2022-11-04 20:55:23,946448107,946572964,10087,4168208,gompou79,scheven,36003/36503
2022-11-04 13:28:20,2022-11-04 21:12:23,946445854,946574578,13186,4168223,vdweeg61,landsh18,32299/00352
2022-11-04 18:53:54,2022-11-04 21:35:59,946555508,946579675,20579,N/a,claeseng,billin72,31199/00651
2022-11-04 11:26:08,2022-11-04 21:36:04,946416542,946579691,5443,N/a,dusar,billin72,98300/14175
2022-11-04 19:00:22,2022-11-04 21:50:50,946555898,946582178,10907,N/a,sterke41,sterke41,39320/36502
2022-11-04 13:36:25,2022-11-04 22:03:01,946447810,946582788,1073,4167542,ceulem72,ceulem72,32102/01048
2022-11-04 18:08:19,2022-11-04 23:01:45,946538265,946590257,3860,4168337,gooris43,gooris43,32299/31838
2022-11-04 22:02:06,2022-11-04 23:43:36,946582749,946599101,4926,N/a,vdstaey,vdstaey,39320/36502
2022-11-04 10:39:28,2022-11-05 00:49:51,946406743,946611151,8487,4168084,vegava72,jaspers,30990/32063
2022-11-04 22:06:12,2022-11-05 01:43:14,946582965,946614845,10907,N/a,derudd92,derudd92,39320/36502
2022-11-05 03:00:01,2022-11-05 05:50:14,946623207,946638936,20568,N/a,konecn85,konecn85,38199/02252
2022-11-04 23:32:55,2022-11-05 05:50:32,946596554,946638948,20579,N/a,konecn85,derudd92,31499/00379
2022-11-05 03:17:30,2022-11-05 05:56:55,946625680,946639672,10907,N/a,vrebos45,vrebos45,39320/36502
2022-11-05 00:20:07,2022-11-05 06:15:12,946606477,946640676,5443,N/a,vdstaey,vdstaey,39320/36502
2022-11-04 14:44:59,2022-11-05 06:43:43,946470044,946641209,23981,4167314,sinha70,1f8psvc,31499/00379
2022-11-05 09:56:09,2022-11-05 11:21:58,946671755,946683137,8847,4168287,han41,han41,36671/01224
2022-11-05 08:42:23,2022-11-05 11:39:56,946661427,946685529,22439,4168624,gomezg80,gomezg80,39424/01224
2022-11-05 10:56:41,2022-11-05 11:44:00,946680337,946685933,5443,N/a,stiersj,stiersj,38199/01490
2022-11-05 09:39:38,2022-11-05 11:59:39,946670158,946690096,3838,4168408,vdveld25,vdveld25,39424/01224
2022-11-05 06:45:41,2022-11-05 12:48:08,946641348,946698165,10907,N/a,verhoevj,verhoevj,36003/36503
2022-11-05 11:37:42,2022-11-05 14:01:40,946685414,946709007,12107,4168192,vbelle62,vbelle62,36003/01224
2022-11-05 10:01:19,2022-11-05 14:10:07,946672487,946709877,264,N/a,gomezg80,gomezg80,39424/01224
2022-11-05 09:55:00,2022-11-05 15:05:13,946671705,946716059,4926,N/a,dusar,verhoevj,43013/97275
2022-11-05 16:06:33,2022-11-05 17:31:26,946722546,946730457,22450,4168193,vbelle62,vbelle62,36003/01224
2022-11-05 06:32:56,2022-11-05 18:05:01,946640820,946745814,20579,N/a,peeter11,peeter11,36003/36502
2022-11-05 15:05:39,2022-11-05 18:05:37,946716083,946746316,4926,N/a,verhoevj,verhoevj,36003/36503
2022-11-05 14:07:02,2022-11-05 18:14:27,946709523,946751652,10907,N/a,pavlov38,pavlov38,39320/36502
2022-11-05 18:49:08,2022-11-05 21:11:48,946756720,946774090,938,4167782,raymaek,raymaek,31399/00039
2022-11-05 22:47:56,2022-11-06 01:35:54,946780765,946797318,20579,N/a,vdstaey,vdstaey,39320/36502
2022-11-05 22:55:04,2022-11-06 03:44:28,946781742,946806245,4926,N/a,dusar,dusar,43001/01666
2022-11-06 01:36:30,2022-11-06 04:44:53,946797325,946811478,20568,N/a,vdstaey,vdstaey,39320/36502
2022-11-06 04:45:18,2022-11-06 06:04:13,946811503,946816917,4926,N/a,vdstaey,vdstaey,39320/36502
2022-11-05 18:19:05,2022-11-06 06:04:29,946752941,946816925,10907,N/a,vdstaey,rutkow29,39320/36502
2022-11-06 08:54:17,2022-11-06 10:17:17,946837820,946846946,264,N/a,gomezg80,gomezg80,39424/01222
2022-11-06 08:55:34,2022-11-06 10:57:16,946837882,946849878,13809,4168643,le27,le27,31199/30079
2022-11-06 10:25:20,2022-11-06 11:32:16,946847411,946853495,3846,N/a,bangel19,bangel19,39422/01224
2022-11-06 13:00:53,2022-11-06 14:33:46,946864044,946870855,13810,4168646,le27,le27,31199/30079
2022-11-06 06:46:11,2022-11-06 16:23:59,946818577,946882677,20579,N/a,peeter11,peeter11,36003/36502
2022-11-06 11:32:27,2022-11-06 16:44:06,946853541,946884436,12107,4168637,vbelle62,vbelle62,36003/01224
2022-11-06 13:16:30,2022-11-06 17:04:49,946865004,946886791,20568,N/a,pavlov38,peeter11,39320/36502
2022-11-06 07:35:49,2022-11-06 17:42:33,946827169,946891100,10907,N/a,verhoevj,peeter11,36003/36503
2022-11-06 20:02:34,2022-11-06 20:26:59,946927767,946930474,20568,N/a,rutkow29,rutkow29,39320/36502
2022-11-06 22:00:29,2022-11-07 04:09:50,946935240,946962095,1073,4167788,raymaek,1f8psvc,31399/00039
2022-11-06 12:28:34,2022-11-07 06:10:45,946860436,946966884,4926,N/a,dusar,vdstaey,43013/97275
2022-10-31 10:48:22,2022-11-07 06:46:35,945439346,946968768,5266,4166848,bhatia92,1f8psvc,31499/01490
2022-11-04 09:02:04,2022-11-07 08:55:47,946384777,946988893,13055,4167468,goovae19,goovae19,31199/01617
2022-11-07 09:30:09,2022-11-07 09:30:28,946992554,946992668,3940,4168423,carval53,carval53,30990/32063
2022-11-07 09:03:39,2022-11-07 09:37:20,946989512,946994217,3884,N/a,vdepauw,vdepauw,41603/41380
2022-11-03 02:38:58,2022-11-07 09:47:35,946013407,946996450,24322,4166401,pauluss,drijboom,42199/00160
2022-11-07 07:04:29,2022-11-07 09:57:48,946971504,946999977,4926,4166525,dvriendt,beirnaer,32299/00013
2022-11-07 09:01:55,2022-11-07 09:58:25,946989335,947000158,12949,4168280,talmel16,talmel16,31499/00432
2022-11-07 08:21:19,2022-11-07 10:08:24,946985699,947002934,13809,4167135,wouter12,maessc90,31199/30079
2022-11-07 08:21:38,2022-11-07 10:08:54,946985704,947003167,13810,4167136,wouter12,maessc90,31199/30079
2022-11-07 09:21:00,2022-11-07 10:09:44,946991397,947003508,8907,4168387,nedelj21,1f8psvc,36004/01224
2022-11-07 07:12:38,2022-11-07 10:16:25,946973705,947004852,4806,4168213,dara85,dara85,31499/00379
2022-11-07 09:54:31,2022-11-07 10:23:00,946998799,947006141,4673,4168514,rupp93,rupp93,97406/01934
2022-11-07 08:26:43,2022-11-07 10:41:39,946986479,947010346,8133,4167400,wouter12,wouter12,31199/30079
2022-11-07 09:57:08,2022-11-07 10:43:39,946999692,947010649,14466,4168289,vallat65,vallat65,98601/31507
2022-11-07 08:55:52,2022-11-07 10:52:27,946988894,947012040,13055,4168475,goovae19,goovae19,31199/00650
2022-11-07 10:22:33,2022-11-07 11:11:33,947006007,947019909,2003,N/a,engelen,engelen,98601/31507
2022-11-07 11:29:57,2022-11-07 12:06:25,947024595,947033135,21501,4168527,chan63,chan63,32399/32869
2022-11-07 09:58:00,2022-11-07 12:11:44,947000057,947034089,4926,4166517,beirnaer,beirnaer,32299/00013
2022-11-07 10:35:55,2022-11-07 12:14:06,947008470,947034439,4673,4168765,tsvetani,tsvetani,38199/01838
2022-11-07 08:02:15,2022-11-07 13:45:05,946983948,947053671,20579,N/a,claeseng,claeseng,32005/01718
2022-11-07 12:20:44,2022-11-07 13:46:45,947035560,947054012,4926,N/a,dutrow20,dutrow20,39320/36502
2022-11-07 11:21:03,2022-11-07 14:11:26,947022780,947059381,8487,4168369,claes23,pena,30990/32063
2022-11-07 14:07:22,2022-11-07 14:52:03,947058723,947068484,4926,N/a,konecn85,konecn85,32299/01899
2022-11-07 07:15:11,2022-11-07 14:52:57,946974091,947068658,3860,4168613,gompou79,gompou79,32299/31838
2022-11-07 06:50:10,2022-11-07 15:04:25,946969199,947072144,10087,4168577,pittev,gompou79,38199/00432
2022-11-07 14:18:43,2022-11-07 15:10:02,947060876,947074207,4673,4168896,vais,vais,97700/01345
2022-11-07 14:11:45,2022-11-07 15:11:40,947059428,947074506,8487,4168245,pena,pena,98600/01847
2022-11-07 12:53:34,2022-11-07 15:28:40,947039106,947079675,6277,4168692,jeon73,vanbel53,30990/32063
2022-11-07 13:14:43,2022-11-07 15:42:14,947042659,947082524,3975,4166921,vdpeer,vdpeer,32099/01506
2022-11-07 13:10:01,2022-11-07 15:43:52,947041322,947082897,24044,N/a,goovae19,goovae19,36003/36502
2022-11-07 14:06:56,2022-11-07 16:00:17,947058702,947087487,24493,4168770,dith82,dith82,36026/01967
2022-11-07 15:06:08,2022-11-07 16:32:05,947072706,947096728,4926,4168378,janard53,janard53,00999/00505
2022-11-07 15:30:35,2022-11-07 16:44:11,947079868,947099236,13589,4168810,chen70,chen70,38199/01132
2022-11-07 12:49:54,2022-11-07 17:06:00,947038403,947104556,9290,4168310,ghosh40,ghosh40,98500/01852
2022-11-07 15:24:48,2022-11-07 17:20:08,947078300,947107841,4419,4167372,wysock13,wysock13,97401/00942
2022-11-07 16:53:04,2022-11-07 17:28:30,947100420,947109503,4926,N/a,derudd92,derudd92,39320/36502
2022-11-07 15:28:58,2022-11-07 17:53:42,947079687,947124134,6277,4162658,vanbel53,vanbel53,31199/00650
2022-11-07 14:09:07,2022-11-07 18:15:57,947058892,947138365,20579,N/a,vrebos45,vrebos45,39320/36502
2022-11-07 16:46:05,2022-11-07 18:22:16,947099609,947142324,3822,N/a,vdveld25,vdveld25,39424/01224
2022-11-07 16:51:23,2022-11-07 19:10:30,947100244,947159608,9666,4168556,feurpr61,feurpr61,31199/02273
2022-11-07 16:36:50,2022-11-07 19:21:55,947097987,947162160,16067,4168518,agiann70,agiann70,31299/01284
2022-11-07 15:05:52,2022-11-07 20:15:18,947072582,947171020,13186,4168707,vdweeg61,vdweeg61,38199/01284
2022-11-07 20:48:52,2022-11-07 21:12:20,947176634,947179889,9290,4168630,han41,han41,36671/01224
2022-11-07 20:33:31,2022-11-07 21:53:39,947173788,947187951,20579,N/a,vrebos45,vrebos45,39320/36502
2022-11-07 18:54:28,2022-11-07 22:30:46,947157541,947194988,4926,N/a,konecn85,michal78,98300/14175
2022-11-07 22:31:33,2022-11-07 23:53:59,947195198,947210226,4926,N/a,michal78,michal78,39320/36502
2022-11-07 20:59:43,2022-11-08 00:04:06,947177717,947210923,3860,4169181,gooris43,cooman32,32299/01959
2022-11-08 02:32:58,2022-11-08 03:00:30,947226750,947230218,4926,N/a,michal78,michal78,39320/36502
2022-11-08 03:26:11,2022-11-08 04:46:40,947231629,947244541,5443,N/a,subedi56,subedi56,39320/36502
2022-11-07 18:51:28,2022-11-08 05:14:13,947156269,947248206,20374,N/a,bangel19,rimbol44,43001/43181
2022-11-07 09:30:46,2022-11-08 06:23:05,946992731,947256504,3940,4168423,carval53,1f8psvc,30990/32063
2022-11-07 21:56:56,2022-11-08 07:09:28,947188361,947261796,20579,N/a,vdstaey,billin72,39320/36502
2022-11-07 20:18:03,2022-11-08 07:10:22,947171519,947261834,10206,4168083,hofman72,vanoost,31199/31247
2022-11-08 06:11:20,2022-11-08 07:55:26,947255709,947269681,4926,4166477,engelen,engelen,37004/37141
2022-11-07 09:45:42,2022-11-08 08:00:07,946995906,947270551,14921,N/a,casill80,vhumbe97,39320/36502
2022-11-08 07:23:36,2022-11-08 08:19:40,947263805,947273351,695,4168764,wellens,1f8psvc,32299/00352
2022-11-08 08:12:05,2022-11-08 08:28:47,947272556,947274092,13809,4167928,jacobs41,jacobs41,31199/01513
2022-11-08 08:11:54,2022-11-08 08:28:59,947272510,947274097,13810,4167929,jacobs41,jacobs41,31199/01513
2022-11-07 10:53:42,2022-11-08 08:36:15,947012425,947274566,14466,4168322,paolil45,demand38,31199/01988
2022-11-08 07:26:53,2022-11-08 09:20:59,947264455,947279710,3884,4168733,ripj,ripj,32005/01784
2022-11-08 08:05:37,2022-11-08 09:24:19,947271680,947279868,20579,N/a,billin72,billin72,39320/36502
2022-11-08 08:36:19,2022-11-08 09:59:17,947274569,947286698,14466,4168416,demand38,vallat65,31199/31021
2022-11-08 09:01:50,2022-11-08 10:20:56,947276996,947291852,5443,4168796,maes72,maes72,98300/14175
2022-10-31 10:41:26,2022-11-08 10:35:11,945438182,947296881,736,4167165,groven85,1f8psvc,31499/00880
2022-11-08 10:13:27,2022-11-08 10:52:34,947290841,947302229,9666,4168849,vallat65,vallat65,98601/31507
2022-11-08 10:24:44,2022-11-08 10:59:42,947292989,947306396,16067,4168653,dekkers,devul,31499/01284
2022-11-08 11:21:53,2022-11-08 11:57:26,947317955,947326710,23988,4168880,sinha70,sinha70,31499/00379
2022-11-08 07:59:58,2022-11-08 12:04:58,947270465,947329089,4926,4166526,dvriendt,dutrow20,32299/00013
2022-11-08 11:17:51,2022-11-08 12:20:04,947315817,947332051,9666,4169066,puliya38,puliya38,37093/02178
2022-11-08 09:53:51,2022-11-08 13:01:28,947285208,947339506,20579,N/a,claeseng,claeseng,37299/01841
2022-11-08 11:38:09,2022-11-08 13:08:41,947321980,947340690,8487,4168620,dubey63,claes23,30990/01658
2022-11-08 09:07:05,2022-11-08 13:16:06,947277701,947341604,21339,N/a,canga29,canga29,31199/01391
2022-11-08 10:34:54,2022-11-08 13:43:41,947296799,947349018,5635,4168136,mingar54,gooris43,32099/01821
2022-11-08 08:13:30,2022-11-08 13:52:21,947272689,947353194,9290,N/a,ghosh40,ghosh40,98500/01852
2022-11-08 12:05:12,2022-11-08 13:56:50,947329095,947354032,4926,N/a,dutrow20,maes72,39320/36502
2022-11-08 13:57:04,2022-11-08 14:11:35,947354180,947365718,4926,4166478,maes72,maes72,37004/37141
2022-11-08 06:58:58,2022-11-08 14:15:13,947260696,947367531,13186,4169075,pittev,dewild34,31399/31519
2022-11-08 10:39:46,2022-11-08 14:32:54,947298001,947373014,20891,4169135,puttar77,puttar77,32005/01675
2022-11-08 14:00:46,2022-11-08 14:57:19,947359459,947382332,79,4169060,rahmat49,rahmat49,30990/32063
2022-11-08 10:10:55,2022-11-08 14:57:23,947290553,947382356,14921,N/a,casill80,martin29,39320/36502
2022-11-08 13:59:20,2022-11-08 15:07:55,947359190,947383839,20579,N/a,konecn85,vrebos45,31012/01084
2022-11-08 12:26:50,2022-11-08 15:39:16,947333115,947396036,3860,4169051,gompou79,werion23,36003/36503
2022-11-08 12:42:52,2022-11-08 15:50:32,947335949,947398512,24493,4168776,dith82,dith82,98600/31827
2022-11-08 13:47:19,2022-11-08 15:55:29,947350933,947399608,16306,4166713,segers56,wysock13,97401/00942
2022-11-08 14:23:54,2022-11-08 16:24:22,947370439,947408507,9290,4169106,patil20,patil20,36671/01221
2022-11-08 11:49:18,2022-11-08 16:30:37,947325340,947409417,7633,4168915,rastog28,rastog28,30990/32063
2022-11-08 16:03:17,2022-11-08 17:11:00,947403660,947420554,19200,4169039,choudh58,choudh58,98850/02081
2022-11-08 15:09:18,2022-11-08 17:28:22,947384535,947423779,20579,N/a,vrebos45,vrebos45,39320/36502
2022-11-08 14:57:51,2022-11-08 18:28:43,947382367,947453620,14921,N/a,martin29,martin29,42199/00160
2022-11-08 16:59:43,2022-11-08 18:32:28,947419002,947454336,4926,4166518,beirnaer,beirnaer,32299/00013
2022-11-08 18:34:13,2022-11-08 19:48:41,947454450,947463979,4926,4166480,redants,redants,31029/01811
2022-11-07 14:40:15,2022-11-08 21:33:26,947066014,947485954,12927,4168631,jussot18,ersekf98,36056/36502
2022-11-08 19:49:52,2022-11-08 21:52:11,947464112,947488585,10907,N/a,konecn85,sainch77,38199/02252
2022-11-08 18:58:56,2022-11-08 21:55:44,947457903,947489029,20579,N/a,vrebos45,vrebos45,39320/36502
2022-11-08 17:59:43,2022-11-09 01:13:03,947442570,947517605,23988,4169444,kramac15,demesm55,30990/32063
2022-11-08 21:59:13,2022-11-09 01:35:49,947489474,947521178,20579,N/a,subedi56,subedi56,39320/36502
2022-11-08 21:52:28,2022-11-09 01:47:05,947488628,947523318,10907,N/a,sainch77,sainch77,39320/36502
2022-11-08 07:10:08,2022-11-09 02:38:59,947261830,947529843,7554,4169001,vanoost,willem81,98850/98097
2022-11-08 19:53:15,2022-11-09 04:23:08,947465650,947538251,4926,N/a,konecn85,michal78,98300/14175
2022-11-09 02:53:30,2022-11-09 05:49:22,947530615,947547801,10907,N/a,subedi56,subedi56,39320/36502
2022-11-09 02:28:26,2022-11-09 06:03:40,947529057,947549243,20579,N/a,vdstaey,sainch77,39320/36502
2022-11-09 04:48:41,2022-11-09 06:05:46,947541817,947549339,5443,N/a,vdstaey,vdstaey,39320/36502
2022-11-09 06:16:31,2022-11-09 07:21:20,947550359,947561248,4926,4166544,engelen,engelen,31029/01811
2022-11-09 07:00:10,2022-11-09 09:05:24,947557790,947585379,10996,4169200,drent34,goncal36,31199/31811
2022-11-09 06:25:32,2022-11-09 09:22:24,947551658,947587495,10907,N/a,dutrow20,dutrow20,39320/36502
2022-11-09 06:33:00,2022-11-09 09:25:03,947553070,947588401,4673,4169250,maes72,maes72,98300/14175
2022-11-09 08:13:56,2022-11-09 09:53:46,947574589,947596029,13809,4167137,maessc90,maessc90,31199/30079
2022-11-09 08:51:50,2022-11-09 09:55:05,947583265,947596416,7053,4169467,kenens78,kenens78,31199/00653
2022-11-09 07:49:52,2022-11-09 10:01:44,947568708,947597643,5065,4168758,wellens,wellens,32299/01899
2022-11-09 09:13:50,2022-11-09 10:45:49,947586371,947612415,16067,4169507,soulie26,soulie26,31499/00640
2022-11-09 10:27:34,2022-11-09 10:47:14,947605425,947612666,8487,4169306,tielens,tielens,36003/01225
2022-11-08 13:30:09,2022-11-09 11:01:56,947346358,947616739,20573,4168557,naqvi66,mingar54,31199/01988
2022-11-09 09:47:12,2022-11-09 11:22:53,947594736,947625339,4673,4169313,willegem,willegem,97401/01743
2022-11-09 09:54:00,2022-11-09 11:51:40,947596093,947637450,13809,4169468,maessc90,cloost23,31199/30079
2022-11-09 10:28:56,2022-11-09 11:56:30,947606204,947639384,5443,N/a,maes72,maes72,98300/01618
2022-11-09 08:28:33,2022-11-09 11:58:03,947576373,947639871,24044,N/a,goovae19,goovae19,31199/01918
2022-11-09 11:02:42,2022-11-09 11:58:34,947616963,947640019,9666,N/a,puliya38,puliya38,37093/02178
2022-11-09 08:56:02,2022-11-09 11:58:37,947584547,947640051,24493,4169373,lai86,lai86,37092/02174
2022-11-09 09:24:50,2022-11-09 11:59:14,947588354,947640341,15206,N/a,casill80,casill80,39320/36502
2022-11-09 10:12:48,2022-11-09 12:10:46,947600892,947649270,4926,4168842,dvriendt,dvriendt,32299/00013
2022-11-09 10:53:06,2022-11-09 12:16:07,947613853,947650088,8487,4169258,pena,claes23,98600/01847
2022-11-09 11:43:49,2022-11-09 12:21:56,947633461,947650813,4673,4166458,vais,vais,97401/01743
2022-11-09 11:52:16,2022-11-09 13:02:10,947637611,947657816,10206,4168709,cloost23,cloost23,31199/30079
2022-11-09 06:26:18,2022-11-09 13:33:02,947551868,947663967,20579,N/a,sterke41,claeseng,39320/36502
2022-11-09 09:58:20,2022-11-09 13:40:29,947597105,947665092,6277,4169252,stokhof,stokhof,30990/02249
2022-11-09 12:16:36,2022-11-09 13:49:44,947650143,947666407,4926,N/a,dutrow20,dutrow20,39320/36502
2022-11-09 13:06:41,2022-11-09 14:15:08,947658683,947673204,1249,4169500,homkar65,rastog28,30990/32063
2022-11-09 13:54:02,2022-11-09 14:29:25,947667043,947677200,4926,4166546,redants,redants,43001/01666
2022-11-09 11:01:24,2022-11-09 15:04:35,947616427,947686104,12955,4169377,chowri97,chowri97,31199/01988
2022-11-09 15:06:20,2022-11-09 15:10:02,947686592,947687742,20556,N/a,sebai,sebai,32399/30027
2022-11-09 12:49:13,2022-11-09 15:50:31,947654703,947700698,24493,4168781,dith82,dith82,98600/31827
2022-11-09 14:13:22,2022-11-09 16:06:01,947671838,947705522,4673,4169521,cochet,cochet,32299/00013
2022-11-09 14:50:22,2022-11-09 16:12:15,947682842,947707086,9666,4169431,vallat65,vallat65,98601/31507
2022-11-09 11:58:36,2022-11-09 16:19:33,947640039,947710040,24044,4169799,goovae19,goovae19,31199/01617
2022-11-09 11:03:03,2022-11-09 16:26:26,947617081,947713540,6653,4169339,graulus,grgac93,32005/01717
2022-11-09 15:04:19,2022-11-09 16:33:04,947686043,947714951,16067,4169087,agiann70,agiann70,31299/01284
2022-11-09 15:12:46,2022-11-09 16:51:35,947688444,947721449,12107,4169757,vbelle62,vbelle62,36003/01224
2022-11-09 14:38:16,2022-11-09 18:07:56,947679272,947751168,4926,4166899,beirnaer,beirnaer,32299/00013
2022-11-09 15:12:48,2022-11-09 18:21:32,947688449,947755845,6277,4169520,rastog28,andriesf,30990/32063
2022-11-09 16:51:47,2022-11-09 18:28:59,947721501,947757394,13809,4168294,hofman72,wouter12,31199/30079
2022-11-09 13:56:00,2022-11-09 18:33:48,947667150,947758052,14921,N/a,martin29,martin29,42199/00160
2022-11-09 14:12:19,2022-11-09 19:10:57,947671528,947766656,3860,4169305,gooris43,gooris43,98300/14175
2022-11-09 18:14:23,2022-11-09 19:21:54,947752678,947767767,21934,4169947,janard53,janard53,38199/01952
2022-11-09 19:23:38,2022-11-09 20:00:20,947767928,947773129,9588,4169958,janard53,janard53,00999/00505
2022-11-09 20:02:41,2022-11-09 20:43:06,947773494,947778550,4926,4169945,janard53,janard53,32299/01084
2022-11-09 14:22:48,2022-11-09 21:50:10,947675621,947787638,20579,N/a,vrebos45,konecn85,39320/36502
2022-11-09 14:45:39,2022-11-09 22:00:36,947681881,947789542,3847,N/a,bangel19,bangel19,39422/01221
2022-11-09 11:02:01,2022-11-09 22:13:51,947616767,947791851,20573,4168793,mingar54,willem81,31199/00653
2022-11-09 14:16:05,2022-11-09 22:21:07,947673373,947792901,22978,4169539,vdweeg61,sen14,98600/00962
2022-11-09 15:04:58,2022-11-09 22:23:35,947686217,947793238,12955,4169019,chowri97,verbee16,31199/01988
2022-11-09 15:13:00,2022-11-09 22:40:17,947688534,947795855,22450,4169760,vbelle62,verbee16,36003/01224
2022-11-09 15:42:24,2022-11-09 23:04:18,947698468,947800062,23988,4169329,kramac15,demesm55,30990/32063
2022-11-09 09:41:52,2022-11-09 23:17:05,947592899,947802345,10087,4169437,gompou79,verbee16,36003/36503
2022-11-09 09:33:02,2022-11-09 23:58:52,947590567,947808917,13686,4169104,liang13,liang13,30990/32063
2022-11-09 23:15:31,2022-11-10 00:40:35,947802132,947810601,4926,N/a,michal78,michal78,39320/36502
2022-11-09 22:08:20,2022-11-10 00:52:49,947790937,947811731,5443,N/a,vdstaey,vdstaey,39320/36502
2022-11-10 00:40:52,2022-11-10 01:40:48,947810604,947816922,4926,N/a,michal78,michal78,39320/36502
2022-11-09 17:06:09,2022-11-10 01:55:58,947726771,947819347,16067,4169094,perezl56,martin47,43900/02205
2022-11-09 22:06:57,2022-11-10 02:08:49,947790806,947821828,20579,N/a,subedi56,subedi56,39320/36502
2022-11-10 03:33:02,2022-11-10 05:30:23,947830549,947843910,5443,N/a,subedi56,subedi56,39320/36502
2022-11-10 05:34:19,2022-11-10 06:38:00,947844463,947851625,20579,N/a,vdstaey,dutrow20,39320/36502
2022-11-10 06:19:12,2022-11-10 07:07:21,947850141,947855493,4926,4167155,engelen,dvriendt,44999/02213
2022-11-10 07:07:35,2022-11-10 08:04:39,947855553,947865614,4926,4168843,dvriendt,dvriendt,32299/00013
2022-11-10 06:59:22,2022-11-10 09:06:31,947854374,947873447,7554,4169853,baudem,baudem,31199/01920
2022-11-10 08:08:00,2022-11-10 09:22:42,947866024,947876097,20579,N/a,billin72,billin72,39320/36502
2022-11-10 06:33:14,2022-11-10 10:00:51,947851179,947885735,7053,4170009,pittev,pittev,38199/01284
2022-11-10 10:08:39,2022-11-10 10:09:50,947887947,947888834,13186,4169227,sugawa19,sugawa19,31399/01183
2022-11-10 10:12:41,2022-11-10 10:13:03,947889378,947889438,938,4169517,heylen,heylen,31399/00039
2022-11-10 07:58:56,2022-11-10 10:25:24,947864900,947891849,13809,4167671,maessc90,maessc90,31199/30079
2022-11-10 07:58:29,2022-11-10 10:25:33,947864879,947891893,13810,4167672,maessc90,maessc90,31199/30079
2022-11-10 10:15:38,2022-11-10 10:50:15,947889898,947900716,3975,4169283,jmesse,jmesse,32099/01506
2022-11-10 10:00:13,2022-11-10 11:21:00,947885422,947908537,3840,4169985,jamieson,jamieson,98300/01535
2022-11-10 07:50:28,2022-11-10 11:27:19,947864085,947911576,10087,4170026,gompou79,gompou79,36003/36503
2022-11-10 09:41:20,2022-11-10 11:51:37,947880260,947918771,24493,4169932,dith82,dith82,36026/01967
2022-11-10 10:39:01,2022-11-10 11:54:48,947896461,947919487,5635,4169322,mingar54,mingar54,32099/01821
2022-11-10 10:16:45,2022-11-10 11:59:48,947890048,947920591,13686,4169255,popovici,popovici,38199/00561
2022-11-10 11:19:16,2022-11-10 12:02:48,947907821,947921186,9666,4169356,mandal97,mandal97,31199/01765
2022-11-10 11:58:56,2022-11-10 12:53:19,947920456,947931260,10206,4168710,cloost23,cloost23,31199/30079
2022-11-10 10:52:18,2022-11-10 12:59:26,947901409,947932282,4926,N/a,dutrow20,dutrow20,39320/36502
2022-11-10 12:04:47,2022-11-10 13:15:00,947921932,947937088,13589,4170098,chen70,chen70,38199/01132
2022-11-10 12:38:32,2022-11-10 13:38:15,947927766,947944296,15148,N/a,sterke41,sterke41,39320/36502
2022-11-10 09:47:24,2022-11-10 14:03:18,947882484,947950712,10447,4169645,koylan92,koylan92,42199/00160
2022-11-10 10:56:06,2022-11-10 14:13:29,947902523,947952312,16067,4168801,devul,devul,38199/01593
2022-11-10 10:20:14,2022-11-10 14:42:56,947890524,947959658,8598,N/a,hiro13,hiro13,32099/01084
2022-11-10 12:42:19,2022-11-10 14:46:25,947928941,947960826,24493,4168787,dith82,dith82,36026/01967
2022-11-10 10:16:16,2022-11-10 15:16:38,947890021,947970564,14921,N/a,martin29,1f8psvc,42199/00160
2022-11-10 15:04:15,2022-11-10 15:28:25,947966823,947974170,20556,4170070,arnou66,arnou66,30990/32063
2022-11-10 15:29:46,2022-11-10 16:05:47,947974533,947988843,20556,4169530,kenis,kenis,32005/01711
2022-11-10 10:13:20,2022-11-10 16:19:32,947889495,947994116,938,N/a,heylen,heylen,31399/00055
2022-11-10 15:13:02,2022-11-10 16:21:15,947969743,947994434,9290,4169110,jedidi64,jedidi64,36671/01221
2022-11-10 14:34:34,2022-11-10 17:05:24,947956969,948005719,23988,4169016,devul,devul,31499/02121
2022-11-10 15:11:38,2022-11-10 17:16:02,947969355,948007985,4673,4169920,willegem,willegem,97401/01743
2022-11-10 12:04:03,2022-11-10 17:19:03,947921708,948009361,13186,4169227,sugawa19,kalant21,31399/01183
2022-11-09 10:00:33,2022-11-10 17:21:57,947597474,948009816,10907,N/a,dutrow20,peeter11,39320/36502
2022-11-10 09:30:12,2022-11-10 17:26:44,947878336,948011779,20579,N/a,claeseng,rutkow29,31199/01956
2022-11-10 08:17:43,2022-11-10 18:31:53,947867349,948041917,12955,4168807,beral49,debout81,31199/01918
2022-11-10 17:01:16,2022-11-10 18:40:10,948004696,948043268,13809,4168300,wouter12,wouter12,31199/30079
2022-11-10 17:01:33,2022-11-10 18:40:33,948004718,948043483,13810,4168301,wouter12,wouter12,31199/30079
2022-11-10 16:56:50,2022-11-10 19:38:18,948002947,948053952,10448,4170101,impagn97,impagn97,42199/00160
2022-11-10 16:29:04,2022-11-10 20:15:29,947996148,948057472,21934,4170096,beggia74,debout81,31199/00653
2022-11-10 14:01:29,2022-11-10 20:47:38,947950078,948063105,7554,4169475,sun57,debout81,30990/32063
2022-11-10 19:14:46,2022-11-10 20:51:14,948050047,948064176,3733,4169983,han41,han41,36671/01224
2022-11-09 10:49:54,2022-11-10 20:55:03,947613189,948065301,20374,4169536,sneyers,bangel19,39422/01225
2022-11-10 17:22:02,2022-11-10 21:40:57,948009841,948075072,10907,4168874,peeter11,peeter11,38199/01490
2022-11-10 20:53:25,2022-11-10 21:45:41,948064805,948075685,4926,N/a,verhoevj,verhoevj,36003/36503
2022-11-10 19:14:18,2022-11-10 22:16:37,948049985,948079973,20568,N/a,rutkow29,rutkow29,39320/36502
2022-11-10 18:53:48,2022-11-10 22:53:25,948045703,948086651,3847,N/a,bangel19,1f8psvc,39422/01221
2022-11-10 23:05:12,2022-11-10 23:55:00,948090031,948098114,4926,N/a,michal78,michal78,39320/36502
2022-11-10 22:07:25,2022-11-11 01:03:37,948078254,948103170,10907,N/a,sainch77,sainch77,39320/36502
2022-11-10 22:00:59,2022-11-11 03:33:08,948077245,948116757,20579,N/a,vdstaey,vdstaey,39320/36502
2022-11-10 23:07:20,2022-11-11 05:43:31,948090540,948122349,20568,N/a,subedi56,subedi56,39320/36502
2022-11-11 02:15:15,2022-11-11 05:52:35,948112268,948122443,10907,N/a,sainch77,sainch77,39320/36502
2022-11-14 07:10:47,2022-11-14 09:12:45,948240741,948270708,938,4170258,raymaek,raymaek,31399/00039
2022-11-14 07:16:08,2022-11-14 09:12:55,948242611,948270741,4673,4170514,cochet,cochet,32299/00013
2022-11-14 08:37:25,2022-11-14 09:37:13,948265612,948280845,5443,4169845,maes72,maes72,37004/15017
2022-11-14 08:20:55,2022-11-14 09:45:34,948262047,948284084,13055,4170190,newman74,newman74,31199/01995
2022-11-14 08:58:11,2022-11-14 09:53:05,948268591,948286610,13809,4169284,lecocq91,lecocq91,31199/30079
2022-11-14 08:58:02,2022-11-14 09:53:09,948268582,948286632,13810,4169285,lecocq91,lecocq91,31199/30079
2022-11-14 06:50:06,2022-11-14 10:00:31,948235728,948289709,10907,N/a,peeter11,peeter11,39320/36502
2022-11-14 08:01:52,2022-11-14 10:02:18,948256684,948292665,4926,4167556,beirnaer,beirnaer,32299/00013
2022-11-14 06:27:54,2022-11-14 10:08:44,948232668,948294428,20568,N/a,rutkow29,rutkow29,39320/36502
2022-11-14 09:36:00,2022-11-14 10:21:39,948280402,948297444,24044,N/a,goovae19,goovae19,36003/36502
2022-11-10 17:30:11,2022-11-14 11:01:26,948013067,948309248,16067,4170013,perezl56,perezl56,43900/02205
2022-11-14 09:32:13,2022-11-14 11:22:49,948276839,948315408,4673,4170097,leruth67,leruth67,44999/01882
2022-11-14 10:09:41,2022-11-14 11:52:08,948294614,948324924,2020,4169840,nolmans,nolmans,32299/00978
2022-11-14 10:49:33,2022-11-14 12:20:09,948305625,948330436,10996,4169529,rastog28,rastog28,30990/32063
2022-11-14 09:26:55,2022-11-14 13:11:11,948275302,948340164,19200,4170051,arvind29,arvind29,31199/02272
2022-11-14 10:22:22,2022-11-14 13:25:27,948297599,948343834,24044,N/a,goovae19,goovae19,31199/01918
2022-11-10 13:20:40,2022-11-14 13:36:25,947938341,948347705,20549,N/a,canga29,veenae54,31012/01506
2022-11-10 17:08:10,2022-11-14 13:53:37,948006378,948353971,20573,4169318,vdbroecn,1f8psvc,31299/01954
2022-11-14 10:12:45,2022-11-14 13:54:53,948295124,948354262,10907,N/a,verhoevj,verhoevj,36003/36503
2022-11-14 10:02:03,2022-11-14 13:56:24,948292233,948354575,938,4170258,raymaek,heylen,31399/00039
2022-11-14 11:32:58,2022-11-14 14:02:02,948318785,948355676,20579,N/a,rutkow29,rutkow29,39320/36502
2022-11-14 12:03:18,2022-11-14 14:03:38,948327830,948355980,12113,4170464,beghin43,1f8psvc,32099/01506
2022-11-14 12:13:40,2022-11-14 14:03:51,948329336,948356023,4926,4170164,janard53,janard53,00999/00505
2022-11-13 17:12:46,2022-11-14 14:18:23,948206721,948359769,5266,N/a,sinha70,sinha70,31499/00379
2022-11-14 09:21:10,2022-11-14 15:15:26,948273476,948375873,9290,4170226,jedidi64,jedidi64,31012/01084
2022-11-14 14:58:06,2022-11-14 15:23:27,948370207,948379405,23981,4169311,sinha70,sinha70,31499/00379
2022-11-14 14:50:38,2022-11-14 15:31:48,948367900,948382698,5443,N/a,maes72,maes72,37004/15017
2022-11-14 15:25:36,2022-11-14 16:29:25,948380236,948402593,4926,4167487,michal78,michal78,43013/97275
2022-11-14 16:29:39,2022-11-14 17:10:03,948402663,948412790,4926,4170848,michal78,michal78,39320/36502
2022-11-14 14:47:50,2022-11-14 17:24:29,948367430,948416175,4806,4169249,dara85,dara85,31499/00379
2022-11-14 15:33:00,2022-11-14 17:42:35,948383776,948420241,23002,4170227,moelants,moelants,37004/01376
2022-11-14 13:04:01,2022-11-14 18:29:33,948338333,948456725,5065,N/a,dekkers,demesm55,31499/01284
2022-11-14 14:22:44,2022-11-14 18:48:00,948360611,948463675,20568,N/a,sainch77,gade18,39320/36502
2022-11-14 14:23:43,2022-11-14 18:55:04,948360782,948464707,10907,N/a,subedi56,subedi56,39320/36502
2022-11-14 13:12:56,2022-11-14 20:02:49,948340433,948474226,13186,4170171,sugawa19,sugawa19,31399/01183
2022-11-14 14:03:15,2022-11-14 20:38:00,948355890,948479557,1073,4169982,ceulem72,ceulem72,37093/02175
2022-11-14 14:13:23,2022-11-14 20:45:59,948358748,948480718,13686,N/a,roekens,roekens,30990/32063
2022-11-14 10:54:21,2022-11-14 20:49:27,948306855,948481296,20556,4168663,beghin43,stass,39992/36503
2022-11-14 20:13:14,2022-11-14 21:34:52,948475345,948491565,20579,N/a,subedi56,michal78,39320/36502
2022-11-14 20:01:40,2022-11-14 21:35:18,948474128,948491655,5443,N/a,michal78,michal78,39320/36502
2022-11-14 18:48:26,2022-11-14 21:38:53,948463872,948493378,20568,N/a,gade18,gade18,39320/36502
2022-11-14 21:35:16,2022-11-14 21:42:44,948491650,948494267,20579,N/a,michal78,subedi56,39320/36502
2022-11-14 19:02:40,2022-11-14 21:44:40,948466266,948494676,10907,N/a,sainch77,sainch77,39320/36502
2022-11-14 13:03:19,2022-11-14 21:56:46,948338110,948497111,16067,4169149,devul,goncal36,37037/02098
2022-11-14 20:08:54,2022-11-14 22:00:00,948474709,948497823,10087,4170735,gompou79,gompou79,36003/36503
2022-11-14 22:07:26,2022-11-14 22:25:34,948499527,948503968,20568,N/a,dutrow20,nelisl,39320/36502
2022-11-14 22:27:11,2022-11-15 01:28:35,948504268,948528464,20568,N/a,nelisl,nelisl,42199/00160
2022-11-14 17:06:57,2022-11-15 05:35:49,948412094,948561850,9666,4170630,feurpr61,mitkov93,31199/02273
2022-11-15 02:01:27,2022-11-15 05:53:39,948532430,948564942,20568,N/a,dutrow20,dutrow20,39320/36502
2022-11-14 23:02:01,2022-11-15 05:55:06,948512037,948565306,10907,N/a,sterke41,sterke41,39320/36502
2022-11-15 06:01:06,2022-11-15 06:29:15,948566706,948569499,4926,4167981,redants,redants,44999/02213
2022-11-15 01:59:20,2022-11-15 06:57:51,948532199,948573991,10206,4170665,vleerb85,veenae54,31199/30079
2022-11-14 10:41:21,2022-11-15 06:59:18,948303079,948574223,11926,4170532,carola29,vrancken,42199/00160
2022-11-15 06:29:19,2022-11-15 07:08:50,948569505,948576504,4926,4167981,redants,redants,44999/02213
2022-11-15 07:15:02,2022-11-15 07:51:53,948577262,948586536,4926,N/a,verhoevj,verhoevj,36003/36503
2022-11-15 08:00:36,2022-11-15 09:03:40,948588356,948596333,7379,4170877,verstr99,1f8psvc,31199/00650
2022-11-15 06:20:11,2022-11-15 09:41:07,948568313,948605361,20568,N/a,rutkow29,rutkow29,39320/36502
2022-11-15 07:30:57,2022-11-15 09:44:09,948580771,948606818,13810,4167931,jacobs41,lecocq91,31199/01513
2022-11-15 07:30:46,2022-11-15 09:44:22,948580695,948606834,13809,4167930,jacobs41,lecocq91,31199/01513
2022-11-15 07:03:26,2022-11-15 09:48:32,948575126,948607675,7554,4170832,baudem,baudem,31199/01920
2022-11-15 06:22:41,2022-11-15 09:51:36,948568483,948608109,12927,4170556,sterckxg,sterckxg,31199/31811
2022-11-15 06:35:14,2022-11-15 09:53:31,948570421,948608427,10907,N/a,zeleni15,zeleni15,39320/36502
2022-11-15 08:43:41,2022-11-15 09:53:39,948593211,948608449,5443,4170656,maes72,maes72,37004/15017
2022-11-15 09:41:57,2022-11-15 10:02:52,948605685,948610337,3943,4170186,janssenm,janssenm,39423/01221
2022-11-15 07:56:52,2022-11-15 10:10:00,948587735,948611839,11926,4170270,carola29,1f8psvc,42199/00160
2022-11-15 07:58:19,2022-11-15 10:11:41,948587959,948612142,4926,4167971,beirnaer,beirnaer,32299/00013
2022-11-15 09:11:51,2022-11-15 10:26:26,948597354,948617686,8074,4170529,janard53,janard53,00999/00505
2022-11-15 10:15:00,2022-11-15 10:27:52,948612902,948617998,13686,4170189,liang13,vdveld21,30990/32063
2022-11-15 10:11:24,2022-11-15 10:37:57,948612105,948621819,4673,N/a,maes72,maes72,98300/14175
2022-11-15 07:32:37,2022-11-15 10:49:37,948581137,948625135,695,4170539,wellens,wellens,32299/01899
2022-11-15 09:50:17,2022-11-15 11:12:27,948607915,948634251,13809,4168302,lecocq91,lecocq91,31199/30079
2022-11-15 09:50:08,2022-11-15 11:12:41,948607897,948634316,13810,4168303,lecocq91,lecocq91,31199/30079
2022-11-14 10:50:36,2022-11-15 11:40:58,948306051,948643009,12955,4170496,beggia74,beggia74,31199/00653
2022-11-15 10:02:35,2022-11-15 11:47:02,948610312,948645229,10907,4169604,vrancken,vrancken,37092/02172
2022-11-15 09:12:40,2022-11-15 12:07:00,948597415,948649928,8288,4168253,parmenti,raymaek,36003/36504
2022-11-15 07:47:35,2022-11-15 12:08:24,948585467,948650761,23981,4171007,cochet,cochet,32299/00013
2022-11-15 09:54:58,2022-11-15 12:13:38,948608803,948651537,8487,4170029,pena,everae50,98600/01847
2022-11-15 07:05:29,2022-11-15 12:21:26,948575651,948655904,3847,N/a,bangel19,bangel19,39422/01225
2022-11-15 10:18:26,2022-11-15 13:15:59,948614879,948666774,9290,4170460,han41,han41,36671/01224
2022-11-15 09:49:38,2022-11-15 13:20:37,948607857,948668141,20568,N/a,verhoevj,verhoevj,36003/36503
2022-11-14 16:49:39,2022-11-15 13:35:13,948407483,948671053,24370,4170504,jslabbe,kennes63,32099/30197
2022-11-09 13:52:01,2022-11-15 13:43:41,947666763,948673458,14466,4169428,vallat65,katcko10,98601/31507
2022-11-15 12:05:46,2022-11-15 13:45:17,948649754,948673882,1249,4170858,everae50,martin47,32099/01506
2022-11-15 12:05:20,2022-11-15 13:48:49,948649724,948674710,10907,N/a,rutkow29,rutkow29,39320/36502
2022-11-15 10:40:36,2022-11-15 13:59:45,948622600,948677570,14911,N/a,vhumbe97,vhumbe97,39320/36502
2022-11-15 13:02:48,2022-11-15 14:18:35,948664308,948683380,4673,4170808,willegem,willegem,97401/01743
2022-11-15 08:54:21,2022-11-15 14:19:13,948593974,948683600,16067,4169424,soulie26,soulie26,31399/00039
2022-11-07 09:48:27,2022-11-15 14:22:00,946996555,948684675,24322,4166538,drijboom,drijboom,42199/00160
2022-11-15 09:32:00,2022-11-15 14:22:00,948603689,948684690,21486,4170505,jslabbe,jslabbe,32099/30197
2022-11-15 14:03:50,2022-11-15 14:37:21,948678564,948691454,8487,4170174,tielens,tielens,30990/01658
2022-11-15 14:16:06,2022-11-15 14:55:23,948682385,948697410,5443,4170165,leruth67,leruth67,44999/01882
2022-11-15 12:01:51,2022-11-15 15:03:04,948649402,948699447,262,4170474,homkar65,homkar65,30990/32063
2022-11-15 14:29:37,2022-11-15 15:24:43,948689784,948706394,19200,4170625,kadir70,kadir70,37013/01883
2022-11-15 13:35:18,2022-11-15 15:25:04,948671057,948706572,24370,4170559,kennes63,vasch21,31012/01084
2022-11-15 15:24:03,2022-11-15 15:33:29,948706182,948708655,16067,4169160,devul,1f8psvc,37037/02098
2022-11-15 14:15:13,2022-11-15 15:56:19,948682171,948713806,14466,4170976,paolil45,paolil45,31199/01988
2022-11-15 15:02:12,2022-11-15 15:58:22,948699212,948714335,20556,4170904,jehoul60,jehoul60,98601/01062
2022-11-15 15:04:05,2022-11-15 16:28:40,948699917,948722793,4926,4167980,dusar,dusar,44999/02213
2022-11-15 13:00:45,2022-11-15 16:35:00,948664045,948724079,24493,4170824,lai86,lai86,32005/02270
2022-11-15 11:53:25,2022-11-15 16:42:00,948647006,948726569,4419,4170743,arnett70,arnett70,44999/01882
2022-11-15 13:04:10,2022-11-15 17:16:39,948664570,948735377,5065,N/a,dekkers,dekkers,31499/01284
2022-11-15 13:56:03,2022-11-15 17:31:14,948676787,948738392,10907,N/a,subedi56,subedi56,39320/36502
2022-11-15 15:21:04,2022-11-15 17:43:27,948704942,948741069,10087,4171066,gompou79,gompou79,36003/36503
2022-11-15 15:51:49,2022-11-15 18:00:54,948713059,948755940,23002,4170236,moelants,vanpuym,97401/01775
2022-11-15 13:52:30,2022-11-15 18:07:46,948675615,948759057,14921,N/a,martin29,martin29,42199/00160
2022-11-15 15:10:15,2022-11-15 18:13:12,948701844,948760806,22978,4170590,nomura57,nomura57,31399/01183
2022-11-15 16:00:50,2022-11-15 18:13:24,948714995,948761027,19200,4170873,choudh58,choudh58,98850/02081
2022-11-15 18:57:35,2022-11-15 19:10:05,948768673,948771515,20579,N/a,michal78,subedi56,39320/36502
2022-11-15 15:25:09,2022-11-15 19:19:37,948706616,948773515,24370,4170559,vasch21,vasch21,31012/01084
2022-11-15 19:10:25,2022-11-15 20:02:25,948771616,948781688,20579,N/a,subedi56,subedi56,39320/36502
2022-11-15 16:05:59,2022-11-15 20:43:23,948716293,948788639,10448,4170600,impagn97,impagn97,42199/00160
2022-11-15 14:35:32,2022-11-15 21:00:23,948691305,948793735,3847,N/a,bangel19,meulem85,39422/01222
2022-11-15 17:59:23,2022-11-15 21:21:09,948755493,948800207,3860,4171224,gompou79,vanpuym,32299/31838
2022-11-15 20:40:52,2022-11-15 21:42:38,948788185,948806854,20568,N/a,nelisl,billin72,42199/00160
2022-11-15 20:10:12,2022-11-15 21:51:40,948782534,948808752,10087,4171073,gompou79,gompou79,36003/36503
2022-11-15 16:00:15,2022-11-15 21:56:09,948714812,948809415,9666,4170966,feurpr61,landsh18,31199/02273
2022-11-15 17:48:17,2022-11-15 22:06:29,948747065,948811456,4926,N/a,sainch77,dutrow20,39320/36502
2022-11-15 19:36:54,2022-11-15 22:12:42,948777299,948812839,10907,N/a,michal78,michal78,39320/36502
2022-11-15 22:11:23,2022-11-16 00:49:10,948812533,948841854,20568,N/a,nelisl,nelisl,42199/00160
2022-11-15 22:09:28,2022-11-16 04:50:27,948812088,948874125,20579,N/a,claeseng,claeseng,97406/97283
2022-11-15 11:41:03,2022-11-16 05:52:05,948643036,948885021,12955,4170821,beggia74,lefevr19,31199/00653
2022-11-15 22:18:27,2022-11-16 05:54:37,948814279,948885667,10907,N/a,sterke41,sterke41,39320/36502
2022-11-16 01:25:41,2022-11-16 06:22:31,948846512,948888405,20568,N/a,dutrow20,rutkow29,39320/36502
2022-11-15 14:22:29,2022-11-16 06:40:44,948685053,948890390,24322,4170862,drijboom,carola29,42199/00160
2022-11-15 22:33:35,2022-11-16 06:43:08,948818168,948890806,4926,N/a,dutrow20,verhoevj,39320/36502
2022-11-16 07:35:03,2022-11-16 07:35:42,948901357,948901491,3940,N/a,leyssens,leyssens,39425/01221
2022-11-16 06:43:23,2022-11-16 08:26:20,948890836,948910545,4926,N/a,verhoevj,1f8psvc,36003/36503
2022-11-16 08:21:16,2022-11-16 08:33:03,948910075,948911120,10087,4171172,beirnaer,beirnaer,32299/00013
2022-11-16 08:02:11,2022-11-16 09:03:24,948906702,948920268,13810,4169287,lecocq91,lecocq91,31199/30079
2022-11-16 08:02:19,2022-11-16 09:03:29,948906711,948920282,13809,4169286,lecocq91,lecocq91,31199/30079
2022-11-16 06:30:47,2022-11-16 09:26:59,948889357,948927009,1073,N/a,raymaek,1f8psvc,31499/00640
2022-11-16 09:23:34,2022-11-16 09:39:04,948926060,948929550,7694,4171317,raymae79,raymae79,98601/01062
2022-11-16 06:22:56,2022-11-16 09:42:23,948888444,948930480,20568,N/a,rutkow29,rutkow29,39320/36502
2022-11-16 09:14:38,2022-11-16 10:07:24,948923315,948938441,20556,4170540,janard53,vdveld21,31199/01918
2022-11-16 06:13:15,2022-11-16 10:43:24,948887726,948949203,12927,4171124,sterckxg,sterckxg,31199/31811
2022-11-16 09:08:56,2022-11-16 10:58:48,948922050,948956169,8907,4171185,palomb58,vespen36,36004/01224
2022-11-16 10:59:22,2022-11-16 10:59:37,948956570,948956742,8907,4171185,vespen36,vespen36,36004/01224
2022-11-16 10:01:04,2022-11-16 11:04:16,948935933,948958878,7554,4170574,roy82,roy82,38199/01905
2022-11-16 08:16:02,2022-11-16 11:07:20,948909369,948959480,4673,N/a,cochet,cochet,32299/00013
2022-11-16 09:09:34,2022-11-16 11:07:27,948922194,948959493,12955,4169822,chowri97,chowri97,31199/01988
2022-11-16 10:02:21,2022-11-16 11:36:10,948936271,948970173,19200,4171216,jamieson,jamieson,37092/02170
2022-11-16 10:55:04,2022-11-16 11:54:54,948952884,948973781,4926,4168930,beirnaer,beirnaer,32299/00013
2022-11-16 11:45:39,2022-11-16 12:17:35,948971908,948979692,19200,4171102,puliya38,puliya38,38199/02252
2022-11-16 11:00:24,2022-11-16 12:23:02,948957266,948980776,8487,4170304,muehle10,muehle10,30990/01658
2022-11-16 11:14:49,2022-11-16 12:30:14,948962914,948981907,8288,4171441,raymaek,raymaek,31399/00039
2022-11-16 07:41:12,2022-11-16 12:45:35,948902584,948984829,3847,N/a,bangel19,bangel19,39422/01225
2022-11-15 13:44:40,2022-11-16 12:55:05,948673799,948986632,11926,4170635,vrancken,maes72,37092/02172
2022-11-16 10:46:32,2022-11-16 13:31:57,948950223,948997625,20579,N/a,rutkow29,rutkow29,39320/36502
2022-11-16 12:42:02,2022-11-16 13:36:52,948984023,948999162,16067,4170791,devul,1f8psvc,37037/02098
2022-11-16 11:56:12,2022-11-16 13:48:31,948974108,949002721,10206,4170667,cloost23,cloost23,31199/30079
2022-11-16 12:55:51,2022-11-16 13:49:17,948986680,949002761,11926,N/a,maes72,maes72,98300/14175
2022-11-16 13:26:21,2022-11-16 13:57:58,948996121,949005577,7694,4171329,vallat65,vallat65,31199/01889
2022-11-16 10:43:52,2022-11-16 13:58:03,948949307,949005589,20568,N/a,zeleni15,zeleni15,39320/36502
2022-11-16 07:54:51,2022-11-16 14:02:43,948905178,949006447,10907,4169608,peeter11,verhoevj,37092/02172
2022-11-16 09:27:21,2022-11-16 14:19:36,948927214,949010941,22450,4171192,vbelle62,vbelle62,36003/01224
2022-11-16 13:58:26,2022-11-16 14:25:42,949005632,949012429,14466,4171145,vallat65,vallat65,31199/01889
2022-11-16 13:27:05,2022-11-16 14:51:05,948996330,949019587,8487,4171152,pena,pena,98600/01847
2022-11-16 14:45:20,2022-11-16 15:09:19,949017835,949025797,20579,N/a,billin72,billin72,39320/36502
2022-11-16 00:41:00,2022-11-16 15:15:27,948840926,949028063,13186,N/a,pittev,kalant21,31399/01183
2022-11-16 14:40:02,2022-11-16 15:21:46,949015650,949029734,3830,4171151,krishn87,krishn87,31199/01513
2022-11-16 14:50:58,2022-11-16 15:28:00,949019440,949032313,9290,4170747,jedidi64,jedidi64,36671/01224
2022-11-16 14:22:48,2022-11-16 16:24:00,949011714,949049618,11146,4171202,kimura50,kimura50,39423/01225
2022-11-16 14:31:05,2022-11-16 16:48:05,949014005,949056026,6277,4169831,verstr99,aghasa68,31199/00650
2022-11-16 15:31:38,2022-11-16 16:50:02,949033006,949057091,8907,4171312,jamieson,jamieson,98850/02081
2022-11-16 12:58:57,2022-11-16 17:02:56,948987888,949061313,24370,4170560,vasch21,1f8psvc,31012/01084
2022-11-16 14:15:39,2022-11-16 17:32:27,949010046,949069725,10907,N/a,sainch77,sainch77,39320/36502
2022-11-16 17:15:17,2022-11-16 17:48:53,949064587,949078447,3943,4170565,medina33,medina33,31499/00880
2022-11-16 15:33:14,2022-11-16 18:03:05,949033502,949087949,20579,N/a,michal78,michal78,39320/36502
2022-11-16 13:27:48,2022-11-16 18:08:41,948996608,949090188,9588,4170776,tamadd54,willem81,31199/01918
2022-11-16 17:00:07,2022-11-16 18:20:56,949060664,949093852,5065,N/a,dekkers,dekkers,31499/01284
2022-11-16 14:35:13,2022-11-16 18:38:02,949014663,949097844,4806,4171194,vegava72,dara85,30990/01658
2022-11-16 17:05:40,2022-11-16 18:48:27,949062383,949099225,4926,4168851,dvriendt,dvriendt,32299/00013
2022-11-16 11:07:19,2022-11-16 18:48:51,948959468,949099274,262,4170963,homkar65,demesm55,30990/32063
2022-11-16 18:18:16,2022-11-16 19:28:17,949093111,949108692,4673,4171308,pahlav81,pahlav81,97406/01185
2022-11-16 17:51:42,2022-11-16 20:03:47,949081128,949118703,8288,4171611,perezl56,perezl56,31499/01838
2022-11-16 15:30:47,2022-11-16 20:23:52,949032792,949122129,14921,N/a,gade18,gade18,39320/36502
2022-11-16 19:06:06,2022-11-16 21:54:29,949103197,949141095,10907,N/a,michal78,michal78,39320/36502
2022-11-16 19:04:16,2022-11-16 21:59:48,949102656,949142135,4926,N/a,sainch77,sainch77,39320/36502
2022-11-16 07:26:08,2022-11-17 01:35:24,948899585,949179719,3838,4170675,leyssens,campsk,98300/01158
2022-11-16 21:08:28,2022-11-17 02:28:14,949130821,949188447,14911,N/a,batuk50,dutrow20,42199/00160
2022-11-16 19:07:06,2022-11-17 02:43:22,949103283,949191072,10087,4171371,gompou79,irutha45,36003/36503
2022-11-16 22:35:04,2022-11-17 03:47:02,949149874,949198537,4926,N/a,dutrow20,dutrow20,39320/36502
2022-11-17 01:48:13,2022-11-17 04:29:25,949181332,949202190,15148,N/a,claeseng,claeseng,37093/02178
2022-11-16 22:39:33,2022-11-17 05:54:33,949150553,949215353,10907,N/a,decler36,sterke41,39320/36502
2022-11-16 15:37:39,2022-11-17 06:32:16,949035348,949219567,3860,4171365,gompou79,cooman32,32299/00329
2022-11-17 06:02:39,2022-11-17 06:37:34,949216871,949219917,4926,4168956,redants,redants,31029/01811
2022-11-16 22:17:34,2022-11-17 06:58:28,949146289,949222280,20568,N/a,nelisl,peeter11,42199/00160
2022-11-15 15:08:08,2022-11-17 07:58:51,948701245,949236166,3884,4169477,hendri21,lux,97406/01185
2022-11-16 22:16:31,2022-11-17 08:01:01,949145972,949236596,20579,N/a,claeseng,mander15,38199/02252
2022-11-17 07:24:40,2022-11-17 09:27:46,949227199,949253279,12927,4171723,sterckxg,sterckxg,31199/31811
2022-11-17 08:04:55,2022-11-17 09:47:11,949237480,949261110,13810,4169289,lecocq91,lecocq91,31199/30079
2022-11-17 08:05:04,2022-11-17 09:47:24,949237512,949261169,13809,4169288,lecocq91,lecocq91,31199/30079
2022-11-17 06:27:34,2022-11-17 09:49:59,949219041,949261881,10907,N/a,rutkow29,rutkow29,39320/36502
2022-11-17 09:42:50,2022-11-17 09:55:36,949258620,949263581,12686,4171706,puliya38,puliya38,38199/37862
2022-11-17 07:59:07,2022-11-17 09:56:41,949236217,949263908,3884,4170814,lux,lux,32008/00034
2022-11-17 07:43:51,2022-11-17 10:00:05,949231486,949265203,4926,4168931,beirnaer,beirnaer,32299/00013
2022-11-17 07:21:42,2022-11-17 10:01:04,949226724,949265723,20568,N/a,pavlov38,pavlov38,39320/36502
2022-11-17 08:49:19,2022-11-17 10:06:07,949247810,949267980,16067,4171301,mandal97,mandal97,31199/01765
2022-11-17 09:11:26,2022-11-17 10:13:54,949250884,949269666,8907,N/a,feyena,woutersj,36004/01221
2022-11-16 06:41:13,2022-11-17 10:20:30,948890434,949271791,24322,4168484,carola29,drijboom,42199/00160
2022-11-17 08:01:33,2022-11-17 10:43:26,949236770,949276938,20579,N/a,mander15,rutkow29,39320/36502
2022-11-17 09:05:50,2022-11-17 11:19:11,949249291,949291111,19200,4171057,locoroto,locoroto,98850/02081
2022-11-17 10:14:11,2022-11-17 11:27:18,949269706,949294012,20568,N/a,zeleni15,zeleni15,39320/36502
2022-11-17 06:13:41,2022-11-17 11:49:03,949217895,949298772,3849,4171147,rondas,janssenm,32499/38006
2022-11-17 11:31:23,2022-11-17 11:57:34,949294812,949300071,3884,4171871,tsvetani,tsvetani,38199/01838
2022-11-17 09:09:00,2022-11-17 12:11:59,949249965,949304278,7694,4171677,dupuy21,delen71,31299/01904
2022-11-17 11:46:25,2022-11-17 12:17:00,949297895,949305373,3960,4171703,gianna53,lemmenst,30990/02249
2022-11-17 09:34:56,2022-11-17 12:23:05,949255626,949306525,6653,N/a,annama94,1f8psvc,32005/01717
2022-11-17 12:24:31,2022-11-17 12:32:41,949306776,949309318,4673,4171896,aarts61,aarts61,97406/01185
2022-11-17 10:38:30,2022-11-17 12:36:35,949276130,949310304,704,4171642,witterst,witterst,31499/01715
2022-11-17 11:40:40,2022-11-17 13:10:50,949296487,949318336,20568,N/a,verhoevj,verhoevj,36003/36503
2022-11-17 10:22:07,2022-11-17 13:32:26,949272704,949322656,24044,4170901,goovae19,goovae19,98601/01062
2022-11-17 10:43:51,2022-11-17 13:38:54,949276991,949324274,20579,N/a,rutkow29,rutkow29,39320/36502
2022-11-17 07:47:21,2022-11-17 13:55:38,949232005,949333035,695,4170550,wellens,wellens,32299/00352
2022-11-17 12:57:20,2022-11-17 14:04:36,949315263,949334943,4673,4171896,aarts61,aarts61,97406/01185
2022-11-17 12:19:32,2022-11-17 14:50:07,949305765,949346868,20556,4171342,marian80,marian80,30990/32063
2022-11-17 14:11:09,2022-11-17 14:58:07,949335966,949349678,4673,4171490,vais,vais,38199/01838
2022-11-17 14:19:47,2022-11-17 15:13:39,949339444,949353774,4926,N/a,maes72,maes72,98300/14175
2022-11-17 12:05:03,2022-11-17 15:16:38,949301745,949354301,22978,4171387,sugawa19,sugawa19,31399/01183
2022-11-17 13:21:33,2022-11-17 15:29:52,949320604,949357752,9666,4171307,mandal97,mandal97,31199/01765
2022-11-17 13:58:48,2022-11-17 15:38:50,949333584,949361016,24493,4171587,lai86,lai86,32299/00588
2022-11-17 14:49:37,2022-11-17 15:43:43,949346761,949361734,13809,4169579,hofman72,hofman72,31199/01706
2022-11-17 12:12:24,2022-11-17 16:03:47,949304379,949366549,4419,4170175,wysock13,wysock13,97401/00942
2022-11-17 08:47:13,2022-11-17 16:28:11,949247545,949370116,7053,4171178,kenens78,kenens78,98850/02081
2022-11-17 14:23:22,2022-11-17 17:05:29,949340146,949375866,20568,N/a,lookma25,lookma25,39320/36502
2022-11-17 14:02:47,2022-11-17 17:45:21,949334453,949382568,4424,N/a,hiro13,schoofs,43900/02205
2022-11-17 14:01:40,2022-11-17 17:50:11,949334138,949391143,14921,N/a,martin29,martin29,42199/00160
2022-11-17 14:42:56,2022-11-17 18:11:21,949345572,949404236,10907,N/a,vrebos45,vrebos45,39320/36502
2022-11-17 09:01:17,2022-11-17 18:17:22,949249123,949406826,18986,4169274,maroza68,maroza68,30990/01658
2022-11-17 17:12:21,2022-11-17 18:57:11,949376647,949414219,1062,4171345,mandal97,mandal97,31199/01765
2022-11-17 14:50:17,2022-11-17 19:59:21,949346898,949424609,7379,4171338,hofman72,hofman72,31199/31147
2022-11-17 18:00:22,2022-11-17 20:53:39,949398530,949431659,14921,N/a,lookma25,lookma25,39320/36502
2022-11-17 19:56:58,2022-11-17 21:12:06,949424353,949434201,23002,4170594,moelants,moelants,97401/01775
2022-11-17 14:39:32,2022-11-17 21:36:14,949344984,949438052,20579,N/a,derudd92,derudd92,39320/36502
2022-11-17 17:37:51,2022-11-17 21:44:33,949381140,949439049,10087,4171941,hofman72,gompou79,36003/36503
2022-11-17 19:09:14,2022-11-17 22:04:48,949416680,949443294,10907,N/a,vrebos45,vrebos45,39320/36502
2022-11-17 15:22:30,2022-11-17 22:19:37,949355538,949445638,20573,4171100,baerts,schrauw,31199/00653
2022-11-17 09:53:18,2022-11-17 22:22:28,949263022,949446005,7554,4171193,gronhe29,schrauw,31199/01920
2022-11-17 08:57:07,2022-11-17 22:39:45,949248896,949449926,21934,4171474,beggia74,schrauw,31199/00653
2022-11-17 02:31:50,2022-11-17 22:42:23,949189035,949450607,13055,N/a,schrauw,schrauw,31199/02273
2022-11-17 22:19:11,2022-11-18 01:15:23,949445626,949472922,20568,N/a,nelisl,nelisl,42199/00160
2022-11-17 12:24:29,2022-11-18 02:18:07,949306767,949484902,12113,4171361,belov93,landsh18,32099/01506
