﻿CSIM_TIMESTAMP,Area,DEL_FLAG,ENT_NAME,FACILITY,ROW_ID
2020-05-29 10:13:36,Area/ILIME/Metrology/Inspections,N,GS1000_LP2,PLINE300,22436
2020-05-29 10:49:19,Area/Lab/Lab/Etch,N,DSE_1,PLINE200,3685
2020-05-29 10:51:05,Area/Dummy-Area/Dummy-SubArea/Dummy-EntityGroup,N,RECUP,PLINE200,4971
2020-06-19 08:55:19,Area/Lab/Lab/Metalisation,N,MAN_AU_PLATING,PLINE200,5164
2021-07-01 12:47:49,Area/Litho/Exposure/Scanner,N,SC1970,PLINE300,10680
2021-07-06 07:11:05,Area/WBA/Assembly/Dicing,N,200MM_DICER,PLINE200,5183
2022-01-02 09:26:08,Area/ILIME/Metrology/XRRD,N,HRXRD,PLINE200,5891
2022-01-02 09:41:46,Area/ILIME/Metrology/Inspections,N,THICK1,PLINE200,15007
2022-01-08 07:47:56,Area/ILIME/Metrology/Defectivity,N,SAM_HISA304,PLINE300,25143
2022-02-12 07:47:09,Area/ILIME/Metrology/Profilometry,N,CONTOUR_GTX,PLINE200,25285
2022-02-16 12:47:19,Area/ILIME/Metrology/Inspections,N,NIKON_L300N,PLINE200,25327
2022-03-22 14:23:56,Area/DDEPI/Deposition/EPI,N,COMPOSEGAN,PLINE200,6220
2022-04-23 07:47:17,Area/ISE/Etch/CombinedEtch,N,LAM_BEOL,PLINE200,25532
2022-05-29 10:09:38,Area/ILIME/Metrology/Inspections,N,MICROS_DIE,PLINE200,23520
2022-05-29 10:28:53,Area/ILIME/Metrology/Defectivity,N,SAM300,PLINE200,9587
2022-05-29 12:26:56,Area/ISE/Maintenance/Maintenance,N,SEALER_3,PLINE200,7993
2022-05-29 16:07:18,Area/WBA/Assembly/Dicing,N,MOUNTER_MAN,PLINE200,8078
2022-05-29 16:08:11,Area/WBA/Assembly/Dicing,N,MOUNTER_MAN2,PLINE200,23525
2022-05-30 23:07:33,Area/WMCE/Clean/Clean,N,CHEMDIS_2,PLINE200,19856
2022-05-30 23:08:25,Area/WMCE/Clean/Etch,N,UCR_WB,PLINE200,4541
2022-05-30 23:08:43,Area/WMCE/Clean/Etch,N,WETBENCH_3,PLINE200,5168
2022-05-30 23:08:52,Area/WMCE/Clean/Etch,N,WETBENCH_4,PLINE200,5179
2022-05-31 09:11:56,Area/WMCE/Clean/Etch,N,TUBECLEANER,PLINE200,4243
2022-06-10 17:40:52,Area/WMCE/Clean/Etch,N,SRD_4,PLINE200,5264
2022-06-15 07:47:47,Area/DDALD/Deposition/ALD,N,HYPERION_1,PLINE300,25761
2022-06-29 12:50:28,Area/WMCE/Clean/Clean,N,AN_WB,PLINE200,23977
2022-07-13 11:39:21,Area/WBA/Assembly/Dicing,N,L5_CLEANER,PLINE200,23391
2022-07-16 12:47:31,Area/DDEPI/Deposition/EPI,N,GAN_V,PLINE200,7497
2022-07-23 07:47:14,Area/DDEPI/Deposition/EPI,N,HBM650,PLINE200,8286
2022-08-17 22:02:34,Area/ISE/Stocker/Stocker,N,PATERNOSTER,PLINE300,5510
2022-08-25 07:47:30,Area/WMCE/Clean/Etch,N,WETBENCH_1,PLINE200,4425
2022-08-26 08:33:52,Area/DDCVD/Deposition/CVD,N,TEL_EPISODE,PLINE300,25306
2022-08-30 16:07:01,Area/Litho/Misc/Misc,N,VACUUM_OVEN,PLINE200,5174
2022-08-31 14:02:03,Area/DDCVD/Deposition/CVD,N,HFCVD_DIAMOND,PLINE200,7470
2022-09-07 07:48:06,Area/ILIME/Metrology/Profilometry,N,ZETA,PLINE300,25351
2022-09-09 07:47:19,Area/WBA/Metrology/Metrology,N,MATLAB,PLINE200,11266
2022-09-12 15:08:40,Area/ILIME/Metrology/Defectivity,N,EASYLOAD,PLINE200,21933
2022-09-21 12:22:47,Area/ISE/Stocker/Stocker,N,FOUPPURGE_1,PLINE300,12247
2022-09-21 12:22:57,Area/ISE/Stocker/Stocker,N,FOUPPURGE_2,PLINE300,21347
2022-09-21 12:23:30,Area/WMCE/Clean/Clean,N,CHEMDIS,PLINE300,19844
2022-09-21 12:23:39,Area/ISE/Stocker/Stocker,N,KARDEX_SH6,PLINE300,13786
2022-09-21 12:27:23,Area/Litho/Exposure/Scanner,N,SMIFPODOPENER,PLINE300,23993
2022-09-21 12:27:51,Area/Litho/Exposure/Scanner,N,EUVRETSTOCKER,PLINE300,22106
2022-09-21 12:28:29,Area/Litho/Misc,N,CUPCLEAN300,PLINE300,6693
2022-09-21 12:28:40,Area/Litho/Exposure/Track,N,CUPCLEAN_DRYICE,PLINE300,22642
2022-09-21 12:29:34,Area/ISE/Maintenance/Maintenance,N,SEALER_5,PLINE300,17128
2022-09-21 12:37:18,Area/ILIME/Metrology/Inspections,N,MICROS_NOVA,PLINE300,5624
2022-09-21 18:13:44,Area/WMCE/Plating/Plating,N,SAM_OVEN,PLINE300,9510
2022-09-23 15:15:06,Area/Litho/Misc/Misc,N,CUPCLEAN200,PLINE200,6692
2022-09-29 08:21:57,Area/DDEPI/Deposition/EPI,N,MBE49_IIIV,PLINE200,22644
2022-09-29 10:12:56,Area/ILIME/Metrology/Ellipsometry,N,F5_X,PLINE200,8048
2022-09-29 12:24:05,Area/WMCE/Clean/Etch,N,SRD_3,PLINE200,5263
2022-10-02 03:50:34,Area/WBA/Metrology/Metrology,N,PEEL_TESTER,PLINE200,22663
2022-10-03 12:47:17,Area/ILIME/Metrology/Inspections,N,LEXT_IR,PLINE200,7468
2022-10-12 13:44:00,Area/ILIME/Metrology/Defectivity,N,SP2,PLINE300,724
2022-10-13 07:47:13,Area/WMCE/Clean/Clean,N,E_LESS_PLATING_A,PLINE200,5165
2022-10-14 09:32:19,Area/ELMIC/Metrology/Inspections,N,XL31_CF,PLINE300,22006
2022-10-14 11:38:00,Area/ILIME/Metrology/Inspections,N,GT2000,PLINE300,26118
2022-10-15 07:47:43,Area/ELMIC/Metrology/Inspections,N,H6300_3,PLINE300,26177
2022-10-18 11:51:23,Area/WBA/Assembly/Bonding,N,BOND_TESTER,PLINE200,11126
2022-10-19 12:34:24,Area/DDALD/Deposition/ALD,N,SAVANNAH,PLINE300,13126
2022-10-20 14:07:24,Area/WBA/Assembly/Dicing,N,UV_MANUAL,PLINE200,26135
2022-10-21 07:47:33,Area/Dummy-Area/Dummy-SubArea,N,ASM,PLINE300,6233
2022-10-22 12:51:14,Area/ELMIC/Metrology/Inspections,N,MC10,PLINE300,20555
2022-10-24 12:47:18,Area/ILIME/Metrology/Inspections,N,MIC_NIKON_2,PLINE200,4432
2022-10-25 23:38:11,Area/WBA/Assembly/FlipChip,N,PVAT_PLASMA,PLINE200,9688
2022-10-26 22:40:19,Area/WBA/Assembly/FlipChip,N,CHAMEO_UP,PLINE200,25772
2022-10-26 22:53:08,Area/Litho/Misc/Misc,N,MAN_SPIN,PLINE200,5184
2022-10-26 23:04:12,Area/Litho/Misc/Misc,N,OPTIHOT_HB_30,PLINE200,6971
2022-10-27 18:03:31,Area/WBA/Assembly/FlipChip,N,DIEPICKPLACE,PLINE200,5803
2022-10-27 21:09:25,Area/ELMIC/Metrology/Inspections,N,PECS682,PLINE300,9626
2022-10-28 12:47:25,Area/ISE/Maintenance/Maintenance,N,SEALER_4,PLINE300,17127
2022-10-30 06:58:03,Area/WMCE/CarrierClean/CarrierClean,N,HTC8030_CF,PLINE200,4548
2022-11-02 09:19:20,Area/ISE/Maintenance/Maintenance,N,SEALER_1,PLINE300,7991
2022-11-02 21:54:30,Area/ELMIC/Metrology/Inspections,N,CRESSINGTON300,PLINE300,15006
2022-11-03 09:39:30,Area/ELMIC/Metrology/Inspections,N,APREO,PLINE200,22007
2022-11-03 17:10:53,Area/META/AMSI/MetrologyAMSI,N,SYSTEMIII,PLINE300,16686
2022-11-04 07:47:20,Area/WBA/Assembly/FlipChip,N,NANO,PLINE200,24485
2022-11-05 14:16:09,Area/WBA/Assembly/FlipChip,N,FC150,PLINE200,3722
2022-11-05 14:34:05,Area/Litho/Exposure/Scanner,N,SC3300,PLINE300,8175
2022-11-07 03:40:11,Area/ILIME/Metrology/Inspections,N,GS1000,PLINE300,22434
2022-11-07 16:12:10,Area/Litho/Exposure/Scanner,N,HAMATECH,PLINE300,22009
2022-11-08 21:54:57,Area/WBA/Assembly/Bonding,N,MOLDER,PLINE300,17187
2022-11-09 05:05:51,Area/ILIME/Metrology/Inspections,N,MICROS_OUT,PLINE200,13586
2022-11-09 14:43:55,Area/ILIME/Metrology/Inspections,N,MIC_AXIOTRON_2,PLINE200,5171
2022-11-09 17:43:59,Area/WMCE/FoupClean/FoupClean,N,FPCLEAN_2,PLINE300,2063
2022-11-09 18:21:08,Area/WMCE/FoupClean/FoupClean,N,FPCLEAN,PLINE300,80
2022-11-10 10:50:15,Area/ELMIC/Metrology/Inspections,N,XL30_CF,PLINE200,3975
2022-11-10 12:47:56,Area/DDDIFFUSION/Anneal/AnnealOven,N,VANTAGE,PLINE300,906
2022-11-10 22:30:56,Area/WBA/Assembly/Bonding,N,LAMINATOR_2,PLINE200,16306
2022-11-11 07:48:05,Area/DDALD/Deposition/ALD,N,XP4_1,PLINE300,21712
2022-11-11 15:38:19,Area/ISE/Stocker/Stocker,N,STOCKER_2,PLINE300,3261
2022-11-11 15:48:16,Area/ISE/Stocker/Stocker,N,STOCKER_3,PLINE300,5141
2022-11-11 15:48:37,Area/ISE/Stocker/Stocker,N,STOCKER_4,PLINE300,8127
2022-11-11 16:05:13,Area/ILIME/Metrology/Inspections,N,YS375,PLINE300,18998
2022-11-11 16:38:13,Area/ISE/Stocker/Stocker,N,STOCKER_5,PLINE300,21763
2022-11-13 11:35:32,Area/Dummy-Area/Dummy-SubArea/Dummy-EntityGroup,N,DUMMY200,PLINE200,4772
2022-11-14 07:21:08,Area/ELMIC/Metrology/Inspections,N,CRESSINGTON200,PLINE200,11387
2022-11-14 08:53:18,Area/WBA/Assembly/FlipChip,N,ASYMTEK,PLINE200,7051
2022-11-14 11:55:30,Area/ISE/Etch/CombinedEtch,N,PRODUCER_5,PLINE300,11826
2022-11-14 18:39:33,Area/WMCE/Clean/Etch,N,SEZ,PLINE200,3953
2022-11-15 06:26:49,Area/ILIME/Metrology/Defectivity,N,EP5,PLINE300,19780
2022-11-15 07:11:43,Area/ILIME/Metrology/Inspections,N,HITACHI9200,PLINE200,3858
2022-11-15 07:29:19,Area/ISE/Maintenance/Maintenance,N,SEALER_2,PLINE200,7992
2022-11-15 07:47:28,Area/WBA/Assembly/FlipChip,N,TC_ADVANCED,PLINE200,12806
2022-11-15 09:25:52,Area/WBA/Assembly/FlipChip,N,SETNA,PLINE200,24315
2022-11-15 12:47:29,Area/ISE/Etch/CombinedEtch,N,SPTS_BEOL,PLINE200,26262
2022-11-15 12:47:37,Area/Litho/Metrology/Inspections,N,E3650,PLINE300,26273
2022-11-15 15:46:47,Area/Litho/Misc/Misc,N,FUSION,PLINE200,3855
2022-11-15 19:30:44,Area/WMCE/Clean/Clean,N,MARANGONI,PLINE200,15466
2022-11-15 20:29:38,Area/DDDIFFUSION/Anneal/AnnealOven,N,P6_CURE,PLINE200,3939
2022-11-15 21:19:34,Area/DDDIFFUSION/Anneal/AnnealOven,N,GENI,PLINE300,16866
2022-11-16 05:00:32,Area/DDDIFFUSION/Anneal/AnnealOven,N,AST_CU,PLINE200,3833
2022-11-16 05:52:00,Area/ISE/Metrology/MetrologyISE,N,THERMAPROBE,PLINE300,4793
2022-11-16 05:52:55,Area/DDCVD/Deposition/CVD,N,FLEXUS,PLINE200,3853
2022-11-16 07:32:52,Area/ISE/Misc/Misc,N,INNOLAS,PLINE200,4524
2022-11-16 07:47:16,Area/Litho/Exposure/Scanner,N,IQ_ALIGNER,PLINE200,3714
2022-11-16 07:47:31,Area/WMCE/Clean/Etch,N,WETBENCH_2,PLINE200,5163
2022-11-16 07:47:55,Area/ISE/Implantation/Implantation,N,QUANTUMXP,PLINE300,12695
2022-11-16 13:08:46,Area/DDPVD/Deposition/PVD,N,BH800,PLINE200,20374
2022-11-16 13:20:33,Area/ILIME/Metrology/Profilometry,N,WYCO,PLINE200,19408
2022-11-16 14:37:26,Area/DDEPI/Deposition/EPI,N,APA,PLINE300,12887
2022-11-16 16:52:50,Area/ILIME/Metrology/Profilometry,N,HRP220_CU,PLINE200,3859
2022-11-16 17:49:10,Area/WBA/Assembly/Bonding,N,DEBOND_PEEL,PLINE200,5542
2022-11-16 20:03:47,Area/ILIME/Metrology/Inspections,N,CIPT,PLINE200,8288
2022-11-16 21:50:02,Area/WMCE/Clean/Etch,N,WAFERSTORM,PLINE300,23007
2022-11-16 22:01:07,Area/WMCE/Clean/Clean,N,RENA_CLEAN,PLINE200,7771
2022-11-16 22:40:02,Area/ISE/Etch/CombinedEtch,N,LAM_POLY,PLINE200,4773
2022-11-17 00:50:36,Area/ISE/Implantation/Implantation,N,NV8201,PLINE200,3885
2022-11-17 03:06:41,Area/DDPVD/Deposition/PVD,N,ENDURA_4,PLINE300,6953
2022-11-17 03:08:39,Area/WBA/Assembly/Dicing,N,UVO,PLINE200,23227
2022-11-17 04:23:49,Area/WBA/Assembly/Bonding,N,LAMINATOR,PLINE200,9929
2022-11-17 04:29:25,Area/ELMIC/Metrology/Inspections,N,MC600I,PLINE300,15148
2022-11-17 04:45:29,Area/ILIME/Metrology,N,RS75TC,PLINE200,3948
2022-11-17 04:59:36,Area/ILIME/Metrology/Inspections,N,CIRCL_2,PLINE300,24316
2022-11-17 05:22:22,Area/ILIME/Metrology/Inspections,N,YS250,PLINE300,11108
2022-11-17 05:25:56,Area/ILIME/Metrology/Inspections,N,ARCHER700,PLINE300,20549
2022-11-17 06:26:16,Area/ILIME/Metrology/Inspections,N,NH3MONITOR,PLINE200,3883
2022-11-17 07:15:22,Area/ISE/Sorter/Sorter,N,SORT6,PLINE300,20065
2022-11-17 07:47:04,Area/WBA/Assembly/Bonding,N,40NT,PLINE200,16687
2022-11-17 07:47:07,Area/META/AMSI/AutoProbers,N,AUTOPROBER_2,PLINE200,10097
2022-11-17 07:47:10,Area/WBA/Assembly/Bonding,N,DETAPER,PLINE200,8606
2022-11-17 07:47:10,Area/WMCE/Clean/Clean,N,DNS_10,PLINE200,24920
2022-11-17 07:47:11,Area/DDCVD/Deposition/CVD,N,FTIR_2,PLINE300,23981
2022-11-17 07:47:13,Area/ILIME/Metrology/Inspections,N,EV11,PLINE200,8786
2022-11-17 07:47:15,Area/WBA/Assembly/Bonding,N,HERCULES_NIL,PLINE200,24391
2022-11-17 07:47:18,Area/ISE/Etch/Strip,N,MATTSON,PLINE200,3872
2022-11-17 07:47:21,Area/WBA/Assembly/Bonding,N,MOUNTER_LH,PLINE200,7892
2022-11-17 07:47:29,Area/WMCE/Clean/Etch,N,SST_CU,PLINE200,3962
2022-11-17 07:47:33,Area/DDEPI/Deposition/EPI,N,AIXTRON,PLINE300,74
2022-11-17 07:47:34,Area/MCA/Metrology/Microscopes,N,ATOMPROBE,PLINE300,20306
2022-11-17 07:47:37,Area/WMCE/Clean/Etch,N,DNS_9,PLINE300,20972
2022-11-17 07:47:43,Area/DDEPI/Deposition/EPI,N,GAN_G5,PLINE300,21729
2022-11-17 07:47:44,Area/ILIME/Metrology/Inspections,N,H6300,PLINE300,13055
2022-11-17 07:47:46,Area/ILIME/Metrology/Profilometry,N,HRP340,PLINE300,922
2022-11-17 07:47:46,Area/ILIME/Metrology/Profilometry,N,HRP340_2,PLINE300,2020
2022-11-17 07:47:46,Area/WBA/Assembly/Bonding,N,HYBRID_BONDER,PLINE300,24370
2022-11-17 07:47:50,Area/ILIME/Metrology/XRRD,N,METRIXL,PLINE300,2172
2022-11-17 07:47:51,Area/ILIME/Metrology/Inspections,N,NST300,PLINE300,20590
2022-11-17 07:47:51,Area/WMCE/Plating/Plating,N,NOKOTA,PLINE300,21029
2022-11-17 07:47:52,Area/DDALD/Deposition/ALD,N,POLYGON8300,PLINE300,263
2022-11-17 07:47:57,Area/Litho/Exposure/Scanner,N,SC2000,PLINE300,21339
2022-11-17 07:48:01,Area/ISE/Stocker/Stocker,N,STOCKER,PLINE300,2302
2022-11-17 07:48:02,Area/ELMIC/Metrology/Inspections,N,TECNAIF30,PLINE300,10447
2022-11-17 07:48:02,Area/META/AMSI/MetrologyAMSI,N,SYSTEMVI,PLINE300,20479
2022-11-17 07:48:04,Area/ISE/Etch/CombinedEtch,N,TEL_TACTRAS3,PLINE300,14466
2022-11-17 07:48:05,Area/Litho/Exposure/Track,N,TR2000,PLINE300,10648
2022-11-17 07:48:05,Area/Litho/Exposure/Track,N,TRMTM,PLINE300,6346
2022-11-17 07:48:07,Area/DDALD/Deposition/ALD,N,XP4_4,PLINE300,20945
2022-11-17 08:19:10,Area/DDALD/Deposition/ALD,N,EAGLE12_3,PLINE300,7662
2022-11-17 08:53:01,Area/Dummy-Area/Dummy-SubArea/Dummy-EntityGroup,N,DUMMY300,PLINE300,78
2022-11-17 08:55:17,Area/WBA/Assembly/Grinding,N,GRINDER,PLINE200,3733
2022-11-17 08:57:07,Area/ILIME/Metrology/Defectivity,N,PROVISION2E,PLINE300,21934
2022-11-17 09:42:19,Area/DDPVD/Deposition/PVD,N,ENDURA_BAR,PLINE200,3847
2022-11-17 09:43:23,Area/ILIME/Metrology/Inspections,N,MICROS_EPI,PLINE200,6380
2022-11-17 09:51:33,Area/ILIME/Metrology/Defectivity,N,ZI2000,PLINE200,14366
2022-11-17 10:07:02,Area/DDPVD/Deposition/PVD,N,ENDURA_5,PLINE300,16067
2022-11-17 10:10:18,Area/Lab/Lab/3D,N,PROBERSA,PLINE200,5316
2022-11-17 10:11:39,Area/ILIME/Metrology/Txrf,N,2830ZT,PLINE300,23988
2022-11-17 10:14:49,Area/DDALD/Deposition/ALD,N,EPSILON3200,PLINE300,736
2022-11-17 10:18:33,Area/Lab/Lab/3D,N,VORTEX_2,PLINE300,7111
2022-11-17 10:20:51,Area/ELMIC/Metrology/Inspections,N,HELIOS_G5,PLINE300,24322
2022-11-17 10:21:40,Area/ELMIC/Metrology/Inspections,N,NOVA600,PLINE300,10451
2022-11-17 10:22:23,Area/ISE/Implantation/Implantation,N,OPTIMA,PLINE300,1082
2022-11-17 10:48:48,Area/DDCVD/Deposition/CVD,N,AMAT_MEK,PLINE200,3824
2022-11-17 10:52:43,Area/WMCE/Plating/Plating,N,RAIDER,PLINE200,3947
2022-11-17 11:04:35,Area/DDEPI/Deposition/EPI,N,EPSILON,PLINE200,3848
2022-11-17 11:19:33,Area/Litho/Exposure/Scanner,N,EBEAM300,PLINE300,12927
2022-11-17 11:33:59,Area/DDDIFFUSION/Anneal/AnnealOven,N,LEVITOR4300,PLINE300,262
2022-11-17 11:44:09,Area/DDCVD/Deposition/CVD,N,AMAT_HIK,PLINE200,3823
2022-11-17 11:49:03,Area/DDEPI/Deposition/EPI,N,EPSILON2,PLINE200,3849
2022-11-17 11:56:40,Area/WMCE/Clean/Etch,N,SRD_1,PLINE200,4429
2022-11-17 11:57:34,Area/ELMIC/Metrology/Inspections,N,NOVA200,PLINE200,3884
2022-11-17 12:24:29,Area/ISE/Etch/CombinedEtch,N,VERSALIS,PLINE300,12113
2022-11-17 12:27:52,Area/META/AMSI/AutoProbers,N,THOR,PLINE200,19168
2022-11-17 12:36:55,Area/DDPVD/Deposition/PVD,N,ANELVA,PLINE300,704
2022-11-17 12:41:37,Area/ELMIC/Metrology/Inspections,N,HELIOS450,PLINE300,10449
2022-11-17 12:46:23,Area/WBA/Assembly/Bonding,N,DEBOND_CLEANER,PLINE200,7469
2022-11-17 12:47:19,Area/Dummy-Area/Dummy-SubArea/Dummy-EntityGroup,N,NOTOOL,PLINE200,6219
2022-11-17 12:47:20,Area/DDDIFFUSION/Anneal/AnnealOven,N,P8_POLYRAMP,PLINE200,3941
2022-11-17 12:47:21,Area/Lab,N,PRIKKER,PLINE200,3945
2022-11-17 12:47:25,Area/ISE/Sorter/Sorter,N,SORT_OVENS,PLINE200,3959
2022-11-17 12:47:36,Area/DDCVD/Deposition/CVD,N,EXTREME_1,PLINE300,10466
2022-11-17 12:47:36,Area/ELMIC/Metrology/Inspections,N,EXSOLVE,PLINE300,14911
2022-11-17 12:47:38,Area/WBA/Assembly/Bonding,N,GEMINI,PLINE300,14546
2022-11-17 12:47:39,Area/ILIME/Metrology/Inspections,N,H4000_2,PLINE300,5445
2022-11-17 12:47:40,Area/ELMIC/Metrology/Inspections,N,HELIOS460,PLINE300,11926
2022-11-17 12:47:42,Area/DDEPI/Deposition/EPI,N,INTREPID,PLINE300,8038
2022-11-17 12:47:45,Area/Dummy-Area/Dummy-SubArea/Dummy-EntityGroup,N,NOTOOL,PLINE300,6218
2022-11-17 12:47:47,Area/DDCVD/Deposition/CVD,N,PRODUCER_4,PLINE300,8307
2022-11-17 12:47:50,Area/Litho/Exposure/Scanner,N,SC3400,PLINE300,20795
2022-11-17 12:47:54,Area/ILIME/Metrology/Inspections,N,T600,PLINE300,11046
2022-11-17 12:49:59,Area/WBA/Assembly/Dicing,N,L5_DICER,PLINE200,23390
2022-11-17 12:54:02,Area/DDPVD/Deposition/PVD,N,ANELVA_3,PLINE300,9566
2022-11-17 13:07:44,Area/ILIME/Metrology/Inspections,N,PLATO,PLINE200,23498
2022-11-17 13:15:31,Area/Litho/Exposure/Scanner,N,ASM1100,PLINE200,3828
2022-11-17 13:31:05,Area/WMCE/Clean/Etch,N,SICONNEX,PLINE200,4939
2022-11-17 13:39:35,Area/WMCE/Clean/Etch,N,SCEPTER,PLINE200,3952
2022-11-17 13:43:27,Area/DDDIFFUSION/Anneal/AnnealOven,N,AST2,PLINE200,3832
2022-11-17 13:43:36,Area/WBA/Assembly/Bonding,N,LASERDEBOND,PLINE200,21486
2022-11-17 13:44:22,Area/ILIME/Metrology/Inspections,N,MICROS_UCR,PLINE200,3880
2022-11-17 13:46:32,Area/DDPVD/Deposition/PVD,N,ELECTRA_CU,PLINE200,3845
2022-11-17 13:46:44,Area/ELMIC/Metrology/Inspections,N,TEMLINK,PLINE300,14916
2022-11-17 13:56:03,Area/DDPVD/Deposition/PVD,N,ENDURA,PLINE300,695
2022-11-17 14:01:10,Area/WMCE/Clean/Etch,N,SEZ304_2,PLINE300,1249
2022-11-17 14:01:41,Area/ISE/Etch/CombinedEtch,N,TEL_LEAGA,PLINE300,20891
2022-11-17 14:17:34,Area/ILIME/Metrology/Ellipsometry,N,F5,PLINE200,3851
2022-11-17 14:25:51,Area/ILIME/Metrology/Defectivity,N,SP2_200,PLINE200,21757
2022-11-17 14:27:18,Area/Litho/Exposure/Track,N,TRDUOS,PLINE300,21671
2022-11-17 14:32:58,Area/Litho/Exposure/Scanner,N,ASM750,PLINE200,3830
2022-11-17 14:48:57,Area/ILIME/Metrology/Inspections,N,EXPERT1,PLINE200,13066
2022-11-17 14:51:32,Area/Litho/Exposure/Scanner,N,AP300,PLINE200,5635
2022-11-17 14:58:07,Area/ELMIC/Metrology/Inspections,N,NOVA200_2,PLINE300,4673
2022-11-17 14:59:34,Area/ILIME/Metrology/Inspections,N,KLA2925,PLINE300,12955
2022-11-17 15:05:33,Area/DDDIFFUSION/Anneal/AnnealOven,N,MRT5000,PLINE200,8472
2022-11-17 15:13:39,Area/ILIME/Metrology/Defectivity,N,SEMVISION,PLINE300,4926
2022-11-17 15:16:38,Area/WMCE/Cmp/Cmp,N,F_REX300X_2,PLINE300,22978
2022-11-17 15:17:31,Area/ILIME/Metrology/Inspections,N,ARCHER,PLINE200,75
2022-11-17 15:18:43,Area/ILIME/Metrology/XRRD,N,QC3,PLINE200,6348
2022-11-17 15:20:10,Area/DDEPI/Deposition/EPI,N,CENTURA_IIIV,PLINE300,7191
2022-11-17 15:22:30,Area/ILIME/Metrology/Inspections,N,H6300_2,PLINE300,20573
2022-11-17 15:30:09,Area/ISE/Etch/CombinedEtch,N,TEL_TACTRAS2,PLINE300,9666
2022-11-17 15:31:18,Area/WMCE/Clean/Etch,N,SICONNEX_2,PLINE200,21016
2022-11-17 15:34:11,Area/DDPVD/Deposition/PVD,N,ENDURA_3,PLINE300,5065
2022-11-17 15:46:46,Area/WMCE/Clean/Etch,N,CELLESTA,PLINE300,6653
2022-11-17 15:55:41,Area/ELMIC/Metrology/Inspections,N,SU8000,PLINE300,5443
2022-11-17 16:00:37,Area/ISE/Etch/CombinedEtch,N,DOM_FEOL,PLINE200,3841
2022-11-17 16:03:47,Area/WBA/Assembly/Bonding,N,BONDER_200,PLINE200,4419
2022-11-17 16:05:08,Area/Litho/Exposure/Track,N,TELACT8_1100,PLINE200,3964
2022-11-17 16:06:35,Area/Litho/Exposure/Track,N,TELACT8_750,PLINE200,3965
2022-11-17 16:08:27,Area/ISE/Etch/CombinedEtch,N,LAM_E5_2,PLINE300,12686
2022-11-17 16:17:57,Area/WMCE/Clean/Clean,N,DNS_2,PLINE300,2691
2022-11-17 16:18:25,Area/WMCE/Clean/Etch,N,DNS_3,PLINE200,5498
2022-11-17 16:18:53,Area/Litho/Exposure/Track,N,TR1000,PLINE300,13810
2022-11-17 16:28:19,Area/DDCVD/Deposition/CVD,N,EXCEL_2,PLINE300,10483
2022-11-17 16:29:07,Area/ILIME/Metrology/Inspections,N,METIOR,PLINE300,8827
2022-11-17 16:38:18,Area/DDCVD/Deposition/CVD,N,PRODUCER_3,PLINE300,1413
2022-11-17 16:42:57,Area/ELMIC/Metrology/Inspections,N,TITAN,PLINE300,10448
2022-11-17 16:48:39,Area/DDDIFFUSION/Anneal/AnnealOven,N,A412,PLINE300,1715
2022-11-17 16:55:29,Area/DDCVD/Deposition/CVD,N,PRODUCER_2,PLINE300,1056
2022-11-17 17:05:29,Area/ELMIC/Metrology/Inspections,N,HELIOS1200_2,PLINE300,20568
2022-11-17 17:20:59,Area/WMCE/Clean/Etch,N,WETSTRIP_WB,PLINE200,9006
2022-11-17 17:29:16,Area/ISE/Sorter/Sorter,N,SORT1,PLINE300,82
2022-11-17 17:29:24,Area/Litho/Exposure/Track,N,TRPROAP,PLINE300,24652
2022-11-17 17:30:23,Area/DDALD/Deposition/ALD,N,POLYGON_2,PLINE300,5266
2022-11-17 17:34:16,Area/DDDIFFUSION/Anneal/AnnealOven,N,P7_HITEMP,PLINE200,3940
2022-11-17 17:37:25,Area/ISE/Sorter/Sorter,N,SORT_CMP,PLINE200,3955
2022-11-17 17:45:21,Area/WBA/Assembly/Dicing,N,300MM_DICER,PLINE200,4424
2022-11-17 17:46:42,Area/WBA/Assembly/Bonding,N,TEMP_BONDER,PLINE200,9290
2022-11-17 17:53:39,Area/ISE/Etch/CombinedEtch,N,LAM_E6_2,PLINE300,21501
2022-11-17 17:54:25,Area/ILIME/Metrology/Defectivity,N,KLA2351,PLINE200,3860
2022-11-17 17:54:38,Area/ILIME/Metrology,N,RS75_CF,PLINE200,3949
2022-11-17 17:56:10,Area/ILIME/Metrology/Inspections,N,HITACHI5000,PLINE300,7554
2022-11-17 17:59:29,Area/DDCVD/Deposition/CVD,N,EXTREME_2,PLINE300,24044
2022-11-17 18:00:16,Area/ISE/Etch/CombinedEtch,N,LAM_E6_3,PLINE300,23357
2022-11-17 18:05:24,Area/ILIME/Metrology/Defectivity,N,CAMTEK,PLINE200,7932
2022-11-17 18:06:07,Area/WMCE/Cmp/Cmp,N,MIRRA_3,PLINE200,7518
2022-11-17 18:08:45,Area/WMCE/Clean/Etch,N,SEZ_2,PLINE200,3954
2022-11-17 18:12:49,Area/WMCE/Cmp/Cmp,N,MIRRA_OX,PLINE200,5127
2022-11-17 18:13:13,Area/WMCE/Cmp/Cmp,N,REFLEXION_4,PLINE300,7053
2022-11-17 18:15:56,Area/DDCVD/Deposition/CVD,N,FSM_CU,PLINE200,3854
2022-11-17 18:19:58,Area/DDALD/Deposition/ALD,N,EXCEL_1,PLINE300,10475
2022-11-17 18:26:42,Area/ISE/Stocker/Stocker,N,PRACTOR_3,PLINE300,7457
2022-11-17 18:28:11,Area/DDCVD/Deposition/CVD,N,DCVD_CF,PLINE200,3838
2022-11-17 18:29:14,Area/WMCE/Clean/Etch,N,DNS_4,PLINE300,6277
2022-11-17 18:50:46,Area/Litho/Exposure/Track,N,TELACT8_200,PLINE200,3966
2022-11-17 18:53:33,Area/ILIME/Metrology/Inspections,N,HITACHI9380,PLINE300,1232
2022-11-17 18:57:21,Area/Litho/Misc/Misc,N,BLUE_M_BCB,PLINE200,4422
2022-11-17 18:59:29,Area/ILIME/Metrology,N,RS100C_2,PLINE300,2077
2022-11-17 19:00:36,Area/ILIME/Metrology/Inspections,N,POLARKERR_2,PLINE300,20581
2022-11-17 19:01:09,Area/ILIME/Metrology/Inspections,N,NX3DM,PLINE300,12107
2022-11-17 19:04:36,Area/ILIME/Metrology/Inspections,N,PWG5,PLINE300,24324
2022-11-17 19:11:07,Area/DDPVD/Deposition/PVD,N,SIGMA,PLINE300,16706
2022-11-17 19:12:28,Area/ILIME/Metrology/Inspections,N,MH300,PLINE300,12949
2022-11-17 19:13:04,Area/ILIME/Metrology/Ellipsometry,N,F5_SCD,PLINE300,79
2022-11-17 19:14:02,Area/WMCE/Clean/Etch,N,DNS_5,PLINE300,10986
2022-11-17 19:14:03,Area/DDCVD/Deposition/CVD,N,PRODUCER,PLINE300,264
2022-11-17 19:21:52,Area/WMCE/Clean/Clean,N,TEL_NS300,PLINE300,7561
2022-11-17 19:26:13,Area/WMCE/Plating/Plating,N,SABRE,PLINE300,11160
2022-11-17 19:35:30,Area/ILIME/Metrology/Inspections,N,ARCHER200,PLINE300,4934
2022-11-17 19:36:55,Area/WMCE/CarrierClean/CarrierClean,N,HTC8020,PLINE200,4547
2022-11-17 19:41:10,Area/WMCE/Plating/Plating,N,RAIDER_4,PLINE300,6638
2022-11-17 19:53:32,Area/DDEPI/Deposition/EPI,N,INTREPID_2,PLINE300,18986
2022-11-17 19:54:00,Area/DDCVD/Deposition/CVD,N,ALTUS,PLINE300,22439
2022-11-17 19:55:38,Area/ILIME/Metrology/Inspections,N,INS3300,PLINE300,261
2022-11-17 19:57:07,Area/Litho/Exposure/Track,N,TR1950,PLINE300,7353
2022-11-17 20:01:10,Area/ILIME/Metrology/Inspections,N,HITACHI4000,PLINE300,2909
2022-11-17 20:03:36,Area/ILIME/Metrology/Inspections,N,MICROS_DETS,PLINE200,3877
2022-11-17 20:03:59,Area/ILIME/Metrology/Inspections,N,JVX7300M,PLINE300,8487
2022-11-17 20:07:57,Area/DDCVD/Deposition/CVD,N,CENTURA_W,PLINE200,3836
2022-11-17 20:20:00,Area/DDALD/Deposition/ALD,N,XP4_2,PLINE300,13686
2022-11-17 20:20:41,Area/ISE/Etch/CombinedEtch,N,DOM_BEOL_CU,PLINE200,3840
2022-11-17 20:21:53,Area/DDALD/Deposition/ALD,N,EAGLE12,PLINE300,1400
2022-11-17 20:24:07,Area/ISE/Etch/CombinedEtch,N,SPTS_OMEGA,PLINE200,8907
2022-11-17 20:27:50,Area/ISE/Etch/Strip,N,MATRIX,PLINE200,3709
2022-11-17 20:30:32,Area/ELMIC/Metrology/Inspections,N,TEM_METROLOGY,PLINE300,15206
2022-11-17 20:31:10,Area/DDEPI/Deposition/EPI,N,CENTURA_EPI,PLINE300,12627
2022-11-17 20:31:18,Area/DDEPI/Deposition/EPI,N,RIBER,PLINE200,5231
2022-11-17 20:31:32,Area/DDDIFFUSION/Anneal/AnnealOven,N,A412_2,PLINE200,26167
2022-11-17 20:33:20,Area/ISE/Sorter/Sorter,N,SORT_DETS,PLINE200,3957
2022-11-17 20:36:27,Area/ILIME/Metrology/Inspections,N,MICROS_INSP,PLINE200,3878
2022-11-17 20:37:26,Area/ISE/Etch/CombinedEtch,N,LAM_E5,PLINE300,7694
2022-11-17 20:38:58,Area/ISE/Etch/Strip,N,MATTSON_II,PLINE200,3873
2022-11-17 20:39:14,Area/DDDIFFUSION/Anneal/AnnealOven,N,P3_NITRIDE,PLINE200,3937
2022-11-17 20:39:59,Area/ISE/Implantation/Implantation,N,XR80,PLINE200,3978
2022-11-17 20:42:07,Area/ISE/Etch/CombinedEtch,N,TEL_TACTRAS,PLINE300,7380
2022-11-17 20:44:18,Area/DDDIFFUSION/Anneal/AnnealOven,N,P5_CF,PLINE200,3938
2022-11-17 20:46:57,Area/WMCE/Clean/Etch,N,SEZ_3,PLINE200,24758
2022-11-17 20:48:12,Area/ILIME/Metrology/Inspections,N,ISIS,PLINE200,4436
2022-11-17 20:48:14,Area/WMCE/Clean/Etch,N,SAT2,PLINE200,3950
2022-11-17 20:51:31,Area/ILIME/Metrology/Inspections,N,INS300,PLINE300,2003
2022-11-17 20:53:39,Area/ELMIC/Metrology/Inspections,N,METRIOS,PLINE300,14921
2022-11-17 20:54:09,Area/WMCE/Clean/Etch,N,DVPRIME_1,PLINE300,24493
2022-11-17 20:59:36,Area/ILIME/Metrology/Inspections,N,NXWAFER,PLINE300,22450
2022-11-17 21:00:15,Area/ILIME/Metrology/Inspections,N,MENTOR300,PLINE300,2461
2022-11-17 21:00:41,Area/ISE/Etch/Strip,N,INTEGRA,PLINE300,4785
2022-11-17 21:04:01,Area/ILIME/Metrology/Txrf,N,TXRF300,PLINE300,4806
2022-11-17 21:04:40,Area/ILIME/Metrology/Ellipsometry,N,SCD100,PLINE300,429
2022-11-17 21:06:01,Area/DDPVD/Deposition/PVD,N,ANELVA_2,PLINE300,8105
2022-11-17 21:06:17,Area/WMCE/Clean/Etch,N,CHRONOS_WB,PLINE200,6852
2022-11-17 21:07:26,Area/DDDIFFUSION/Anneal/AnnealOven,N,P2_TEOS,PLINE200,3936
2022-11-17 21:10:56,Area/WMCE/Cmp/Cmp,N,MIRRA_2,PLINE200,9466
2022-11-17 21:11:16,Area/WMCE/Cmp/Cmp,N,F_REX300X_1,PLINE300,13186
2022-11-17 21:12:19,Area/Litho/Exposure/Scanner,N,SC1000,PLINE300,13809
2022-11-17 21:14:09,Area/WMCE/Clean/Etch,N,DNS_8,PLINE200,12767
2022-11-17 21:16:10,Area/Litho/Exposure/Track,N,ACT12_MTM,PLINE200,5463
2022-11-17 21:17:01,Area/WMCE/Clean/Etch,N,SEZ304,PLINE300,433
2022-11-17 21:18:28,Area/ILIME/Metrology/Inspections,N,CS4800,PLINE200,23002
2022-11-17 21:19:10,Area/WMCE/Clean/Etch,N,ETCH_WB,PLINE200,3850
2022-11-17 21:20:28,Area/ILIME/Metrology/Profilometry,N,PROFILER,PLINE200,5623
2022-11-17 21:21:10,Area/DDPVD/Deposition/PVD,N,ENDURA_2,PLINE300,1062
2022-11-17 21:21:45,Area/ILIME/Metrology/Inspections,N,MENTOR200,PLINE200,3874
2022-11-17 21:23:52,Area/ILIME/Metrology/Defectivity,N,SP1_DLS,PLINE200,3960
2022-11-17 21:25:56,Area/ISE/Sorter/Sorter,N,SORT5,PLINE300,19412
2022-11-17 21:26:45,Area/ILIME/Metrology/Defectivity,N,SAM_AW300,PLINE200,13589
2022-11-17 21:27:35,Area/ISE/Sorter/Sorter,N,SORT2,PLINE300,150
2022-11-17 21:32:54,Area/WMCE/Clean/Etch,N,CHRONOS_SRD,PLINE200,6858
2022-11-17 21:33:10,Area/DDDIFFUSION/Anneal/AnnealOven,N,A412_3,PLINE300,7633
2022-11-17 21:36:15,Area/ELMIC/Metrology/Inspections,N,VERIOS,PLINE300,20579
2022-11-17 21:38:08,Area/ISE/Sorter/Sorter,N,SORT4,PLINE300,11786
2022-11-17 21:42:01,Area/WBA/Assembly/Dicing,N,EDGE_TRIM,PLINE200,8598
2022-11-17 21:42:16,Area/DDALD/Deposition/ALD,N,POLYGON,PLINE200,3943
2022-11-17 21:43:24,Area/DDALD/Deposition/ALD,N,XP8,PLINE300,11146
2022-11-17 21:44:36,Area/ILIME/Metrology/Inspections,N,CIRCL,PLINE300,10087
2022-11-17 21:45:00,Area/Litho/Exposure/Track,N,TR3300,PLINE300,8133
2022-11-17 21:45:21,Area/WBA/Assembly/Bonding,N,FUSIONBONDER,PLINE200,8847
2022-11-17 21:51:59,Area/DDPVD/Deposition/PVD,N,ENDURA1,PLINE200,3846
2022-11-17 21:52:19,Area/ISE/Sorter/Sorter,N,SORT3,PLINE300,1637
2022-11-17 21:52:33,Area/WMCE/Cmp/Cmp,N,REFLEXION,PLINE300,938
2022-11-17 21:53:34,Area/DDCVD/Deposition/CVD,N,CENTURA,PLINE300,260
2022-11-17 21:53:47,Area/ISE/Etch/CombinedEtch,N,LAM_E6,PLINE300,19200
2022-11-17 21:55:03,Area/Scheduler/Dummy-Area/Dummy-Area,N,SCHEDULER,PLINE300,1507
2022-11-17 21:55:16,Area/ILIME/Metrology/Ellipsometry,N,F5_2,PLINE200,3852
2022-11-17 21:56:41,Area/ILIME/Metrology/Ellipsometry,N,ALERIS,PLINE300,2862
2022-11-17 21:56:43,Area/ILIME/Metrology/Defectivity,N,SP5,PLINE300,20556
2022-11-17 21:57:02,Area/Litho/Exposure/Track,N,TR3400,PLINE300,20749
2022-11-17 21:57:49,Area/WMCE/Cmp/Cmp,N,REFLEXION_2,PLINE300,1073
2022-11-17 21:58:30,Area/ILIME/Metrology/Defectivity,N,EDR7100,PLINE300,9588
2022-11-17 22:00:40,Area/WMCE/Clean/Etch,N,CINTILLIO,PLINE200,6004
2022-11-17 22:02:33,Area/ISE/Stocker/Stocker,N,PRACTOR,PLINE300,1094
2022-11-17 22:02:37,Area/Litho/Exposure/Scanner,N,SC1950,PLINE300,7379
2022-11-17 22:03:45,Area/DDCVD/Deposition/CVD,N,AMAT_CVD,PLINE200,3822
2022-11-17 22:03:54,Area/ILIME/Metrology/Inspections,N,MICROS_DIE_2,PLINE200,19167
2022-11-17 22:04:14,Area/ILIME/Metrology,N,RS100C,PLINE300,265
2022-11-17 22:04:40,Area/DDDIFFUSION/Anneal/AnnealOven,N,A412_4,PLINE300,13306
2022-11-17 22:04:47,Area/WMCE/Clean/Clean,N,DNS,PLINE300,76
2022-11-17 22:04:54,Area/Litho/Exposure/Scanner,N,ASM200,PLINE200,3829
2022-11-17 22:07:09,Area/ILIME/Metrology/Inspections,N,H5000_2,PLINE300,10206
2022-11-17 22:07:09,Area/ISE/Stocker/Stocker,N,PRACTOR_2,PLINE300,3755
2022-11-17 22:07:33,Area/ILIME/Metrology/Defectivity,N,SP3,PLINE300,8074
2022-11-17 22:08:36,Area/WMCE/Clean/Etch,N,DNS_6,PLINE300,10996
2022-11-17 22:08:56,Area/ILIME/Metrology/Inspections,N,SPECTRA10K,PLINE300,13060
2022-11-17 22:09:48,Area/DDPVD/Deposition/PVD,N,ELECTRA_CF,PLINE200,3844
2022-11-17 22:10:13,Area/ISE/Sorter/Sorter,N,SORT_CU,PLINE200,3956
2022-11-17 22:10:16,Area/ELMIC/Metrology/Inspections,N,HELIOS1200,PLINE300,10907
